path,filename,format,file_role,topic,dataset,country_region,variables_columns,units,timestamp_fields,date_range,temporal_resolution,actual_forecast,forecast_issue_time,forecast_valid_time,publication_revision_metadata,size_bytes,missingness,pit_suitability,overlap_with_databricks,unique_predictive_information,duplicate_group,notes
data/lseg/raw/00_START_HERE/ANONYMOUS_XLS_MAPPING.md,ANONYMOUS_XLS_MAPPING.md,md,other,unclassified,unclassified,UNKNOWN,Not applicable/non-tabular or not safely extractable,Not applicable or not declared,Not safely extractable,Not determined from file metadata,Not determined,Not determinable,Not safely extractable,Not safely extractable,Not safely extractable,826,Not applicable/non-tabular,UNKNOWN,UNKNOWN,,,No reliable semantic mapping inferred.
data/lseg/raw/00_START_HERE/ANONYMOUS_XLS_MAPPING.md:Zone.Identifier,ANONYMOUS_XLS_MAPPING.md:Zone.Identifier,identifier,metadata_sidecar,ancillary file metadata,Zone.Identifier,UNKNOWN,Not applicable/non-tabular or not safely extractable,Not applicable or not declared,Not safely extractable,Not determined from file metadata,Not determined,Not determinable,Not safely extractable,Not safely extractable,Not safely extractable,25,Not applicable/non-tabular,UNKNOWN,None,,data/lseg/raw/00_START_HERE/ANONYMOUS_XLS_MAPPING.md:Zone.Identifier | data/lseg/raw/00_START_HERE/DATA_CATALOG.csv:Zone.Identifier | data/lseg/raw/00_START_HERE/EXTRACTION_STATUS_AND_GAPS.md:Zone.Identifier | data/lseg/raw/00_START_HERE/LICENSE_NOTES.md:Zone.Identifier | data/lseg/raw/00_START_HERE/MANIFEST_SHA256.csv:Zone.Identifier | data/lseg/raw/00_START_HERE/MISSING_CH_DE_RECOVERY.md:Zone.Identifier | data/lseg/raw/00_START_HERE/MISSING_CH_DE_RICS.csv:Zone.Identifier | data/lseg/raw/00_START_HERE/PROJECT_OBJECTIVE.txt:Zone.Identifier | data/lseg/raw/00_START_HERE/README_FIRST.md:Zone.Identifier | data/lseg/raw/00_START_HERE/RIC_FAMILIES.csv:Zone.Identifier | data/lseg/raw/01_CORE_HISTORICAL/FR_NUCLEAR_PIT/EDF_NUCLEAR_OUTAGE_REVISIONS_PIT.csv:Zone.Identifier | data/lseg/raw/01_CORE_HISTORICAL/FR_NUCLEAR_PIT/EDF_NUCLEAR_PIT_DAILY_2021_2026.csv:Zone.Identifier | data/lseg/raw/01_CORE_HISTORICAL/FR_NUCLEAR_PIT/EDF_NUCLEAR_PIT_SUMMARY.txt:Zone.Identifier | data/lseg/raw/01_CORE_HISTORICAL/LSEG_DEMAND/IT_DEMAND_15M_ALL_7_ZONES_2025_2026.xlsx:Zone.Identifier | data/lseg/raw/01_CORE_HISTORICAL/LSEG_DEMAND/IT_DEMAND_HOURLY_2021_2025.xlsx:Zone.Identifier | data/lseg/raw/01_CORE_HISTORICAL/LSEG_PRICES/FR_DAY_AHEAD_HOURLY_AND_15M.xlsx:Zone.Identifier | data/lseg/raw/01_CORE_HISTORICAL/LSEG_PRICES/IT_DAY_AHEAD_HOURLY_AND_15M.xlsx:Zone.Identifier | data/lseg/raw/02_SOURCE_RAW/FR_NUCLEAR/EDF_OUTAGE_HISTORY_RAW.csv:Zone.Identifier | data/lseg/raw/02_SOURCE_RAW/FR_NUCLEAR/EDF_TRANSPARENCY_REMIT_MESSAGES_RAW.csv:Zone.Identifier | data/lseg/raw/03_CURRENT_RECENT_LSEG/COST_CURVES/cost_curves_2026910_21432.xlsx:Zone.Identifier | data/lseg/raw/03_CURRENT_RECENT_LSEG/COST_CURVES/cost_curves_2026910_21543.xlsx:Zone.Identifier | data/lseg/raw/03_CURRENT_RECENT_LSEG/COST_CURVES/cost_curves_2026910_2164.xlsx:Zone.Identifier | data/lseg/raw/03_CURRENT_RECENT_LSEG/RESIDUAL_LOAD/CWE_RESIDUAL_LOAD_REPORT.pdf:Zone.Identifier | data/lseg/raw/03_CURRENT_RECENT_LSEG/RESIDUAL_LOAD/DE_RESIDUAL_LOAD_CURRENT_RECENT.xls:Zone.Identifier | data/lseg/raw/03_CURRENT_RECENT_LSEG/RESIDUAL_LOAD/DE_RESIDUAL_LOAD_REPORT.pdf:Zone.Identifier | data/lseg/raw/03_CURRENT_RECENT_LSEG/RESIDUAL_LOAD/FR_IT_RESIDUAL_LOAD_EXPORT_A.xls:Zone.Identifier | data/lseg/raw/03_CURRENT_RECENT_LSEG/RESIDUAL_LOAD/FR_IT_RESIDUAL_LOAD_EXPORT_B.xls:Zone.Identifier | data/lseg/raw/03_CURRENT_RECENT_LSEG/SUPPLY_WIND_SOLAR/GB_EMBEDDED_SOLAR_REPORT.pdf:Zone.Identifier | data/lseg/raw/03_CURRENT_RECENT_LSEG/SUPPLY_WIND_SOLAR/GB_EMBEDDED_WIND_REPORT.pdf:Zone.Identifier | data/lseg/raw/03_CURRENT_RECENT_LSEG/SUPPLY_WIND_SOLAR/SUPPLY_WIND_REPORT.pdf:Zone.Identifier | data/lseg/raw/03_CURRENT_RECENT_LSEG/WEATHER/CLOUD_COVER_CH.xls:Zone.Identifier | data/lseg/raw/03_CURRENT_RECENT_LSEG/WEATHER/CLOUD_COVER_REPORT.pdf:Zone.Identifier | data/lseg/raw/03_CURRENT_RECENT_LSEG/WEATHER/ECMWF_CLUSTER_REPORT.pdf:Zone.Identifier | data/lseg/raw/03_CURRENT_RECENT_LSEG/WEATHER/NAO_AO_REPORT.pdf:Zone.Identifier | data/lseg/raw/03_CURRENT_RECENT_LSEG/WEATHER/PRECIPITATION_ALP_AREA_REPORT.pdf:Zone.Identifier | data/lseg/raw/03_CURRENT_RECENT_LSEG/WEATHER/PRECIPITATION_CH_EFFECTIVE.xls:Zone.Identifier | data/lseg/raw/03_CURRENT_RECENT_LSEG/WEATHER/TEMPERATURE_DE_FR_AT_CH_TABLE.xls:Zone.Identifier | data/lseg/raw/03_CURRENT_RECENT_LSEG/WEATHER/TEMPERATURE_IT_CHART.xls:Zone.Identifier | data/lseg/raw/03_CURRENT_RECENT_LSEG/WEATHER/TEMPERATURE_REPORT.pdf:Zone.Identifier | data/lseg/raw/04_CROSS_BORDER_REFERENCE/01_PRICE_FLOW_GRAPH_CHE_VISIBLE.png:Zone.Identifier | data/lseg/raw/04_CROSS_BORDER_REFERENCE/02_DEU_SELECTED_CONNECTIONS.png:Zone.Identifier | data/lseg/raw/04_CROSS_BORDER_REFERENCE/03_NET_IMPORT_GRAPH.png:Zone.Identifier | data/lseg/raw/04_CROSS_BORDER_REFERENCE/04_NET_IMPORT_CHE_SELECTED_00.png:Zone.Identifier | data/lseg/raw/04_CROSS_BORDER_REFERENCE/05_NET_IMPORT_CHE_SELECTED_12.png:Zone.Identifier | data/lseg/raw/04_CROSS_BORDER_REFERENCE/06_CAPACITY_DIRECTION_1_CHE_SELECTED.png:Zone.Identifier | data/lseg/raw/04_CROSS_BORDER_REFERENCE/07_CAPACITY_DIRECTION_2_CHE_SELECTED_A.png:Zone.Identifier | data/lseg/raw/04_CROSS_BORDER_REFERENCE/08_CAPACITY_DIRECTION_2_CHE_SELECTED_B.png:Zone.Identifier | data/lseg/raw/04_CROSS_BORDER_REFERENCE/09_CAPACITY_DIRECTION_2_CHE_SELECTED_C.png:Zone.Identifier | data/lseg/raw/04_CROSS_BORDER_REFERENCE/10_SCHEDULED_EXCHANGE_NET_IMPORT_GRAPH.png:Zone.Identifier | data/lseg/raw/04_CROSS_BORDER_REFERENCE/11_SCHEDULED_EXCHANGE_CHE_SELECTED.png:Zone.Identifier | data/lseg/raw/04_CROSS_BORDER_REFERENCE/FLOWS_GRAPH_REPORT.pdf:Zone.Identifier | data/lseg/raw/05_LSEG_REFERENCE_PDFS/DEMAND_CONSUMPTION_OVERVIEW.pdf:Zone.Identifier | data/lseg/raw/90_INTERMEDIATE/LSEG_PRICE_DEMAND/FR_15M_RAW.xls.xlsx:Zone.Identifier | data/lseg/raw/90_INTERMEDIATE/LSEG_PRICE_DEMAND/FR_DA_RAW.xlsx:Zone.Identifier | data/lseg/raw/90_INTERMEDIATE/LSEG_PRICE_DEMAND/IT_DA_RAW(1).xlsx:Zone.Identifier | data/lseg/raw/90_INTERMEDIATE/LSEG_PRICE_DEMAND/IT_DA_RAW(2).xlsx:Zone.Identifier | data/lseg/raw/90_INTERMEDIATE/LSEG_PRICE_DEMAND/IT_DA_RAW(3).xlsx:Zone.Identifier | data/lseg/raw/90_INTERMEDIATE/LSEG_PRICE_DEMAND/IT_DA_RAW.xlsx:Zone.Identifier | data/lseg/raw/90_INTERMEDIATE/LSEG_PRICE_DEMAND/IT_DEMAND_15M_ALL_ZONES_TEMPLATE.xlsx:Zone.Identifier | data/lseg/raw/90_INTERMEDIATE/LSEG_PRICE_DEMAND/IT_DEMAND_15M_NORTH.xlsx:Zone.Identifier | data/lseg/raw/90_INTERMEDIATE/LSEG_PRICE_DEMAND/Mappe1(1).xlsx:Zone.Identifier | data/lseg/raw/90_INTERMEDIATE/LSEG_PRICE_DEMAND/Mappe1(2).xlsx:Zone.Identifier | data/lseg/raw/90_INTERMEDIATE/LSEG_PRICE_DEMAND/Mappe1(3).xlsx:Zone.Identifier | data/lseg/raw/90_INTERMEDIATE/LSEG_PRICE_DEMAND/Mappe1(4).xlsx:Zone.Identifier | data/lseg/raw/90_INTERMEDIATE/LSEG_PRICE_DEMAND/Mappe1(5).xlsx:Zone.Identifier | data/lseg/raw/90_INTERMEDIATE/SCREENSHOTS/0a528483-087b-4a33-a2f3-ecdd62770a3a.png:Zone.Identifier | data/lseg/raw/90_INTERMEDIATE/SCREENSHOTS/1609bf25-22b3-4c50-817b-fa945dba6bfe.png:Zone.Identifier | data/lseg/raw/90_INTERMEDIATE/SCREENSHOTS/1d02b907-f21b-48aa-bff6-9bb501bffd31.png:Zone.Identifier | data/lseg/raw/90_INTERMEDIATE/SCREENSHOTS/2bf92681-8086-451b-ad79-2cf2aaa286bf.png:Zone.Identifier | data/lseg/raw/90_INTERMEDIATE/SCREENSHOTS/5048f972-71a5-4bbb-9ebf-495783170275.png:Zone.Identifier | data/lseg/raw/90_INTERMEDIATE/SCREENSHOTS/57688dd7-cfad-46f7-9d61-7173a480ab24.png:Zone.Identifier | data/lseg/raw/90_INTERMEDIATE/SCREENSHOTS/6a48aa3a-47d9-431b-a8d4-4b421a82f395.png:Zone.Identifier | data/lseg/raw/90_INTERMEDIATE/SCREENSHOTS/6b0bf7a6-4724-4c1c-98c7-10c623883a8b.png:Zone.Identifier | data/lseg/raw/90_INTERMEDIATE/SCREENSHOTS/7cdf8489-62e1-4566-9c92-ddde781dfc41.png:Zone.Identifier | data/lseg/raw/90_INTERMEDIATE/SCREENSHOTS/839b9904-b506-4600-a582-19546fc0d0dc.png:Zone.Identifier | data/lseg/raw/90_INTERMEDIATE/SCREENSHOTS/87b02fce-0b58-4ead-b793-267dd464b8ec.png:Zone.Identifier | data/lseg/raw/90_INTERMEDIATE/SCREENSHOTS/917dfe63-9fd2-4e78-89c4-b98dcf9f033f.png:Zone.Identifier | data/lseg/raw/90_INTERMEDIATE/SCREENSHOTS/990167dc-a3d5-4b22-acec-131b4e0f87c9.png:Zone.Identifier | data/lseg/raw/90_INTERMEDIATE/SCREENSHOTS/af6db8b3-1471-4a8e-9879-1e782574016e.png:Zone.Identifier | data/lseg/raw/90_INTERMEDIATE/SCREENSHOTS/b94c25b1-cacf-496f-802b-f74a6ec3c376.png:Zone.Identifier | data/lseg/raw/90_INTERMEDIATE/SCREENSHOTS/bc276a5b-6ae8-473b-abe3-2d17e33bcdd3.png:Zone.Identifier | data/lseg/raw/90_INTERMEDIATE/SCREENSHOTS/chart_100049390.embedded.png:Zone.Identifier | data/lseg/raw/90_INTERMEDIATE/SCREENSHOTS/chart_100127248.embedded.png:Zone.Identifier | data/lseg/raw/90_INTERMEDIATE/SCREENSHOTS/crop_che.png:Zone.Identifier | data/lseg/raw/90_INTERMEDIATE/SCREENSHOTS/de1ee218-60dc-4b11-b243-1f352c398785.png:Zone.Identifier | data/lseg/raw/99_UNCLASSIFIED_RETAINED/LSEG_DISCOVERY_RAW_NOTES.txt:Zone.Identifier | data/lseg/raw/99_UNCLASSIFIED_RETAINED/table_100016453.xls:Zone.Identifier | data/lseg/raw/CH_DA_RAW.xlsx:Zone.Identifier | data/lseg/raw/DE_DA_RAW.xlsx:Zone.Identifier | data/lseg/raw/EDF_NUCLEAR_OUTAGE_REVISIONS_PIT.csv:Zone.Identifier | data/lseg/raw/EDF_NUCLEAR_PIT_DAILY_2021_2026.csv:Zone.Identifier | data/lseg/raw/FR_15M_RAW.xlsx:Zone.Identifier | data/lseg/raw/FR_DA_RAW_COMBINED.xlsx:Zone.Identifier | data/lseg/raw/Historique des indispo des moyens de production - depuis 2015 - 07092026-full.csv:Zone.Identifier | data/lseg/raw/IT_DA_RAW (1).xlsx:Zone.Identifier | data/lseg/raw/IT_DA_RAW.xlsx:Zone.Identifier | data/lseg/raw/IT_DEMAND_15M_ALL_ZONES_TEMPLATE.xlsx:Zone.Identifier | data/lseg/raw/IT_DEMAND_15M_NORTH.xlsx:Zone.Identifier | data/lseg/raw/IT_DEMAND_HOURLY.xlsx:Zone.Identifier | data/lseg/raw/publications-transparence-et-remit-liste-des-messages-edf-sa.csv:Zone.Identifier,Windows download-origin sidecar; excluded from data analysis.
data/lseg/raw/00_START_HERE/DATA_CATALOG.csv,DATA_CATALOG.csv,csv,other,unclassified,unclassified,UNKNOWN,Not applicable/non-tabular or not safely extractable,Not applicable or not declared,Not safely extractable,Not determined from file metadata,Not determined,Not determinable,Not safely extractable,Not safely extractable,Not safely extractable,2380,Not applicable/non-tabular,UNKNOWN,UNKNOWN,,,No reliable semantic mapping inferred.
data/lseg/raw/00_START_HERE/DATA_CATALOG.csv:Zone.Identifier,DATA_CATALOG.csv:Zone.Identifier,identifier,metadata_sidecar,ancillary file metadata,Zone.Identifier,UNKNOWN,Not applicable/non-tabular or not safely extractable,Not applicable or not declared,Not safely extractable,Not determined from file metadata,Not determined,Not determinable,Not safely extractable,Not safely extractable,Not safely extractable,25,Not applicable/non-tabular,UNKNOWN,None,,data/lseg/raw/00_START_HERE/ANONYMOUS_XLS_MAPPING.md:Zone.Identifier | data/lseg/raw/00_START_HERE/DATA_CATALOG.csv:Zone.Identifier | data/lseg/raw/00_START_HERE/EXTRACTION_STATUS_AND_GAPS.md:Zone.Identifier | data/lseg/raw/00_START_HERE/LICENSE_NOTES.md:Zone.Identifier | data/lseg/raw/00_START_HERE/MANIFEST_SHA256.csv:Zone.Identifier | data/lseg/raw/00_START_HERE/MISSING_CH_DE_RECOVERY.md:Zone.Identifier | data/lseg/raw/00_START_HERE/MISSING_CH_DE_RICS.csv:Zone.Identifier | data/lseg/raw/00_START_HERE/PROJECT_OBJECTIVE.txt:Zone.Identifier | data/lseg/raw/00_START_HERE/README_FIRST.md:Zone.Identifier | data/lseg/raw/00_START_HERE/RIC_FAMILIES.csv:Zone.Identifier | data/lseg/raw/01_CORE_HISTORICAL/FR_NUCLEAR_PIT/EDF_NUCLEAR_OUTAGE_REVISIONS_PIT.csv:Zone.Identifier | data/lseg/raw/01_CORE_HISTORICAL/FR_NUCLEAR_PIT/EDF_NUCLEAR_PIT_DAILY_2021_2026.csv:Zone.Identifier | data/lseg/raw/01_CORE_HISTORICAL/FR_NUCLEAR_PIT/EDF_NUCLEAR_PIT_SUMMARY.txt:Zone.Identifier | data/lseg/raw/01_CORE_HISTORICAL/LSEG_DEMAND/IT_DEMAND_15M_ALL_7_ZONES_2025_2026.xlsx:Zone.Identifier | data/lseg/raw/01_CORE_HISTORICAL/LSEG_DEMAND/IT_DEMAND_HOURLY_2021_2025.xlsx:Zone.Identifier | data/lseg/raw/01_CORE_HISTORICAL/LSEG_PRICES/FR_DAY_AHEAD_HOURLY_AND_15M.xlsx:Zone.Identifier | data/lseg/raw/01_CORE_HISTORICAL/LSEG_PRICES/IT_DAY_AHEAD_HOURLY_AND_15M.xlsx:Zone.Identifier | data/lseg/raw/02_SOURCE_RAW/FR_NUCLEAR/EDF_OUTAGE_HISTORY_RAW.csv:Zone.Identifier | data/lseg/raw/02_SOURCE_RAW/FR_NUCLEAR/EDF_TRANSPARENCY_REMIT_MESSAGES_RAW.csv:Zone.Identifier | data/lseg/raw/03_CURRENT_RECENT_LSEG/COST_CURVES/cost_curves_2026910_21432.xlsx:Zone.Identifier | data/lseg/raw/03_CURRENT_RECENT_LSEG/COST_CURVES/cost_curves_2026910_21543.xlsx:Zone.Identifier | data/lseg/raw/03_CURRENT_RECENT_LSEG/COST_CURVES/cost_curves_2026910_2164.xlsx:Zone.Identifier | data/lseg/raw/03_CURRENT_RECENT_LSEG/RESIDUAL_LOAD/CWE_RESIDUAL_LOAD_REPORT.pdf:Zone.Identifier | data/lseg/raw/03_CURRENT_RECENT_LSEG/RESIDUAL_LOAD/DE_RESIDUAL_LOAD_CURRENT_RECENT.xls:Zone.Identifier | data/lseg/raw/03_CURRENT_RECENT_LSEG/RESIDUAL_LOAD/DE_RESIDUAL_LOAD_REPORT.pdf:Zone.Identifier | data/lseg/raw/03_CURRENT_RECENT_LSEG/RESIDUAL_LOAD/FR_IT_RESIDUAL_LOAD_EXPORT_A.xls:Zone.Identifier | data/lseg/raw/03_CURRENT_RECENT_LSEG/RESIDUAL_LOAD/FR_IT_RESIDUAL_LOAD_EXPORT_B.xls:Zone.Identifier | data/lseg/raw/03_CURRENT_RECENT_LSEG/SUPPLY_WIND_SOLAR/GB_EMBEDDED_SOLAR_REPORT.pdf:Zone.Identifier | data/lseg/raw/03_CURRENT_RECENT_LSEG/SUPPLY_WIND_SOLAR/GB_EMBEDDED_WIND_REPORT.pdf:Zone.Identifier | data/lseg/raw/03_CURRENT_RECENT_LSEG/SUPPLY_WIND_SOLAR/SUPPLY_WIND_REPORT.pdf:Zone.Identifier | data/lseg/raw/03_CURRENT_RECENT_LSEG/WEATHER/CLOUD_COVER_CH.xls:Zone.Identifier | data/lseg/raw/03_CURRENT_RECENT_LSEG/WEATHER/CLOUD_COVER_REPORT.pdf:Zone.Identifier | data/lseg/raw/03_CURRENT_RECENT_LSEG/WEATHER/ECMWF_CLUSTER_REPORT.pdf:Zone.Identifier | data/lseg/raw/03_CURRENT_RECENT_LSEG/WEATHER/NAO_AO_REPORT.pdf:Zone.Identifier | data/lseg/raw/03_CURRENT_RECENT_LSEG/WEATHER/PRECIPITATION_ALP_AREA_REPORT.pdf:Zone.Identifier | data/lseg/raw/03_CURRENT_RECENT_LSEG/WEATHER/PRECIPITATION_CH_EFFECTIVE.xls:Zone.Identifier | data/lseg/raw/03_CURRENT_RECENT_LSEG/WEATHER/TEMPERATURE_DE_FR_AT_CH_TABLE.xls:Zone.Identifier | data/lseg/raw/03_CURRENT_RECENT_LSEG/WEATHER/TEMPERATURE_IT_CHART.xls:Zone.Identifier | data/lseg/raw/03_CURRENT_RECENT_LSEG/WEATHER/TEMPERATURE_REPORT.pdf:Zone.Identifier | data/lseg/raw/04_CROSS_BORDER_REFERENCE/01_PRICE_FLOW_GRAPH_CHE_VISIBLE.png:Zone.Identifier | data/lseg/raw/04_CROSS_BORDER_REFERENCE/02_DEU_SELECTED_CONNECTIONS.png:Zone.Identifier | data/lseg/raw/04_CROSS_BORDER_REFERENCE/03_NET_IMPORT_GRAPH.png:Zone.Identifier | data/lseg/raw/04_CROSS_BORDER_REFERENCE/04_NET_IMPORT_CHE_SELECTED_00.png:Zone.Identifier | data/lseg/raw/04_CROSS_BORDER_REFERENCE/05_NET_IMPORT_CHE_SELECTED_12.png:Zone.Identifier | data/lseg/raw/04_CROSS_BORDER_REFERENCE/06_CAPACITY_DIRECTION_1_CHE_SELECTED.png:Zone.Identifier | data/lseg/raw/04_CROSS_BORDER_REFERENCE/07_CAPACITY_DIRECTION_2_CHE_SELECTED_A.png:Zone.Identifier | data/lseg/raw/04_CROSS_BORDER_REFERENCE/08_CAPACITY_DIRECTION_2_CHE_SELECTED_B.png:Zone.Identifier | data/lseg/raw/04_CROSS_BORDER_REFERENCE/09_CAPACITY_DIRECTION_2_CHE_SELECTED_C.png:Zone.Identifier | data/lseg/raw/04_CROSS_BORDER_REFERENCE/10_SCHEDULED_EXCHANGE_NET_IMPORT_GRAPH.png:Zone.Identifier | data/lseg/raw/04_CROSS_BORDER_REFERENCE/11_SCHEDULED_EXCHANGE_CHE_SELECTED.png:Zone.Identifier | data/lseg/raw/04_CROSS_BORDER_REFERENCE/FLOWS_GRAPH_REPORT.pdf:Zone.Identifier | data/lseg/raw/05_LSEG_REFERENCE_PDFS/DEMAND_CONSUMPTION_OVERVIEW.pdf:Zone.Identifier | data/lseg/raw/90_INTERMEDIATE/LSEG_PRICE_DEMAND/FR_15M_RAW.xls.xlsx:Zone.Identifier | data/lseg/raw/90_INTERMEDIATE/LSEG_PRICE_DEMAND/FR_DA_RAW.xlsx:Zone.Identifier | data/lseg/raw/90_INTERMEDIATE/LSEG_PRICE_DEMAND/IT_DA_RAW(1).xlsx:Zone.Identifier | data/lseg/raw/90_INTERMEDIATE/LSEG_PRICE_DEMAND/IT_DA_RAW(2).xlsx:Zone.Identifier | data/lseg/raw/90_INTERMEDIATE/LSEG_PRICE_DEMAND/IT_DA_RAW(3).xlsx:Zone.Identifier | data/lseg/raw/90_INTERMEDIATE/LSEG_PRICE_DEMAND/IT_DA_RAW.xlsx:Zone.Identifier | data/lseg/raw/90_INTERMEDIATE/LSEG_PRICE_DEMAND/IT_DEMAND_15M_ALL_ZONES_TEMPLATE.xlsx:Zone.Identifier | data/lseg/raw/90_INTERMEDIATE/LSEG_PRICE_DEMAND/IT_DEMAND_15M_NORTH.xlsx:Zone.Identifier | data/lseg/raw/90_INTERMEDIATE/LSEG_PRICE_DEMAND/Mappe1(1).xlsx:Zone.Identifier | data/lseg/raw/90_INTERMEDIATE/LSEG_PRICE_DEMAND/Mappe1(2).xlsx:Zone.Identifier | data/lseg/raw/90_INTERMEDIATE/LSEG_PRICE_DEMAND/Mappe1(3).xlsx:Zone.Identifier | data/lseg/raw/90_INTERMEDIATE/LSEG_PRICE_DEMAND/Mappe1(4).xlsx:Zone.Identifier | data/lseg/raw/90_INTERMEDIATE/LSEG_PRICE_DEMAND/Mappe1(5).xlsx:Zone.Identifier | data/lseg/raw/90_INTERMEDIATE/SCREENSHOTS/0a528483-087b-4a33-a2f3-ecdd62770a3a.png:Zone.Identifier | data/lseg/raw/90_INTERMEDIATE/SCREENSHOTS/1609bf25-22b3-4c50-817b-fa945dba6bfe.png:Zone.Identifier | data/lseg/raw/90_INTERMEDIATE/SCREENSHOTS/1d02b907-f21b-48aa-bff6-9bb501bffd31.png:Zone.Identifier | data/lseg/raw/90_INTERMEDIATE/SCREENSHOTS/2bf92681-8086-451b-ad79-2cf2aaa286bf.png:Zone.Identifier | data/lseg/raw/90_INTERMEDIATE/SCREENSHOTS/5048f972-71a5-4bbb-9ebf-495783170275.png:Zone.Identifier | data/lseg/raw/90_INTERMEDIATE/SCREENSHOTS/57688dd7-cfad-46f7-9d61-7173a480ab24.png:Zone.Identifier | data/lseg/raw/90_INTERMEDIATE/SCREENSHOTS/6a48aa3a-47d9-431b-a8d4-4b421a82f395.png:Zone.Identifier | data/lseg/raw/90_INTERMEDIATE/SCREENSHOTS/6b0bf7a6-4724-4c1c-98c7-10c623883a8b.png:Zone.Identifier | data/lseg/raw/90_INTERMEDIATE/SCREENSHOTS/7cdf8489-62e1-4566-9c92-ddde781dfc41.png:Zone.Identifier | data/lseg/raw/90_INTERMEDIATE/SCREENSHOTS/839b9904-b506-4600-a582-19546fc0d0dc.png:Zone.Identifier | data/lseg/raw/90_INTERMEDIATE/SCREENSHOTS/87b02fce-0b58-4ead-b793-267dd464b8ec.png:Zone.Identifier | data/lseg/raw/90_INTERMEDIATE/SCREENSHOTS/917dfe63-9fd2-4e78-89c4-b98dcf9f033f.png:Zone.Identifier | data/lseg/raw/90_INTERMEDIATE/SCREENSHOTS/990167dc-a3d5-4b22-acec-131b4e0f87c9.png:Zone.Identifier | data/lseg/raw/90_INTERMEDIATE/SCREENSHOTS/af6db8b3-1471-4a8e-9879-1e782574016e.png:Zone.Identifier | data/lseg/raw/90_INTERMEDIATE/SCREENSHOTS/b94c25b1-cacf-496f-802b-f74a6ec3c376.png:Zone.Identifier | data/lseg/raw/90_INTERMEDIATE/SCREENSHOTS/bc276a5b-6ae8-473b-abe3-2d17e33bcdd3.png:Zone.Identifier | data/lseg/raw/90_INTERMEDIATE/SCREENSHOTS/chart_100049390.embedded.png:Zone.Identifier | data/lseg/raw/90_INTERMEDIATE/SCREENSHOTS/chart_100127248.embedded.png:Zone.Identifier | data/lseg/raw/90_INTERMEDIATE/SCREENSHOTS/crop_che.png:Zone.Identifier | data/lseg/raw/90_INTERMEDIATE/SCREENSHOTS/de1ee218-60dc-4b11-b243-1f352c398785.png:Zone.Identifier | data/lseg/raw/99_UNCLASSIFIED_RETAINED/LSEG_DISCOVERY_RAW_NOTES.txt:Zone.Identifier | data/lseg/raw/99_UNCLASSIFIED_RETAINED/table_100016453.xls:Zone.Identifier | data/lseg/raw/CH_DA_RAW.xlsx:Zone.Identifier | data/lseg/raw/DE_DA_RAW.xlsx:Zone.Identifier | data/lseg/raw/EDF_NUCLEAR_OUTAGE_REVISIONS_PIT.csv:Zone.Identifier | data/lseg/raw/EDF_NUCLEAR_PIT_DAILY_2021_2026.csv:Zone.Identifier | data/lseg/raw/FR_15M_RAW.xlsx:Zone.Identifier | data/lseg/raw/FR_DA_RAW_COMBINED.xlsx:Zone.Identifier | data/lseg/raw/Historique des indispo des moyens de production - depuis 2015 - 07092026-full.csv:Zone.Identifier | data/lseg/raw/IT_DA_RAW (1).xlsx:Zone.Identifier | data/lseg/raw/IT_DA_RAW.xlsx:Zone.Identifier | data/lseg/raw/IT_DEMAND_15M_ALL_ZONES_TEMPLATE.xlsx:Zone.Identifier | data/lseg/raw/IT_DEMAND_15M_NORTH.xlsx:Zone.Identifier | data/lseg/raw/IT_DEMAND_HOURLY.xlsx:Zone.Identifier | data/lseg/raw/publications-transparence-et-remit-liste-des-messages-edf-sa.csv:Zone.Identifier,Windows download-origin sidecar; excluded from data analysis.
data/lseg/raw/00_START_HERE/EXTRACTION_STATUS_AND_GAPS.md,EXTRACTION_STATUS_AND_GAPS.md,md,other,unclassified,unclassified,UNKNOWN,Not applicable/non-tabular or not safely extractable,Not applicable or not declared,Not safely extractable,Not determined from file metadata,Not determined,Not determinable,Not safely extractable,Not safely extractable,Not safely extractable,1631,Not applicable/non-tabular,UNKNOWN,UNKNOWN,,,No reliable semantic mapping inferred.
data/lseg/raw/00_START_HERE/EXTRACTION_STATUS_AND_GAPS.md:Zone.Identifier,EXTRACTION_STATUS_AND_GAPS.md:Zone.Identifier,identifier,metadata_sidecar,ancillary file metadata,Zone.Identifier,UNKNOWN,Not applicable/non-tabular or not safely extractable,Not applicable or not declared,Not safely extractable,Not determined from file metadata,Not determined,Not determinable,Not safely extractable,Not safely extractable,Not safely extractable,25,Not applicable/non-tabular,UNKNOWN,None,,data/lseg/raw/00_START_HERE/ANONYMOUS_XLS_MAPPING.md:Zone.Identifier | data/lseg/raw/00_START_HERE/DATA_CATALOG.csv:Zone.Identifier | data/lseg/raw/00_START_HERE/EXTRACTION_STATUS_AND_GAPS.md:Zone.Identifier | data/lseg/raw/00_START_HERE/LICENSE_NOTES.md:Zone.Identifier | data/lseg/raw/00_START_HERE/MANIFEST_SHA256.csv:Zone.Identifier | data/lseg/raw/00_START_HERE/MISSING_CH_DE_RECOVERY.md:Zone.Identifier | data/lseg/raw/00_START_HERE/MISSING_CH_DE_RICS.csv:Zone.Identifier | data/lseg/raw/00_START_HERE/PROJECT_OBJECTIVE.txt:Zone.Identifier | data/lseg/raw/00_START_HERE/README_FIRST.md:Zone.Identifier | data/lseg/raw/00_START_HERE/RIC_FAMILIES.csv:Zone.Identifier | data/lseg/raw/01_CORE_HISTORICAL/FR_NUCLEAR_PIT/EDF_NUCLEAR_OUTAGE_REVISIONS_PIT.csv:Zone.Identifier | data/lseg/raw/01_CORE_HISTORICAL/FR_NUCLEAR_PIT/EDF_NUCLEAR_PIT_DAILY_2021_2026.csv:Zone.Identifier | data/lseg/raw/01_CORE_HISTORICAL/FR_NUCLEAR_PIT/EDF_NUCLEAR_PIT_SUMMARY.txt:Zone.Identifier | data/lseg/raw/01_CORE_HISTORICAL/LSEG_DEMAND/IT_DEMAND_15M_ALL_7_ZONES_2025_2026.xlsx:Zone.Identifier | data/lseg/raw/01_CORE_HISTORICAL/LSEG_DEMAND/IT_DEMAND_HOURLY_2021_2025.xlsx:Zone.Identifier | data/lseg/raw/01_CORE_HISTORICAL/LSEG_PRICES/FR_DAY_AHEAD_HOURLY_AND_15M.xlsx:Zone.Identifier | data/lseg/raw/01_CORE_HISTORICAL/LSEG_PRICES/IT_DAY_AHEAD_HOURLY_AND_15M.xlsx:Zone.Identifier | data/lseg/raw/02_SOURCE_RAW/FR_NUCLEAR/EDF_OUTAGE_HISTORY_RAW.csv:Zone.Identifier | data/lseg/raw/02_SOURCE_RAW/FR_NUCLEAR/EDF_TRANSPARENCY_REMIT_MESSAGES_RAW.csv:Zone.Identifier | data/lseg/raw/03_CURRENT_RECENT_LSEG/COST_CURVES/cost_curves_2026910_21432.xlsx:Zone.Identifier | data/lseg/raw/03_CURRENT_RECENT_LSEG/COST_CURVES/cost_curves_2026910_21543.xlsx:Zone.Identifier | data/lseg/raw/03_CURRENT_RECENT_LSEG/COST_CURVES/cost_curves_2026910_2164.xlsx:Zone.Identifier | data/lseg/raw/03_CURRENT_RECENT_LSEG/RESIDUAL_LOAD/CWE_RESIDUAL_LOAD_REPORT.pdf:Zone.Identifier | data/lseg/raw/03_CURRENT_RECENT_LSEG/RESIDUAL_LOAD/DE_RESIDUAL_LOAD_CURRENT_RECENT.xls:Zone.Identifier | data/lseg/raw/03_CURRENT_RECENT_LSEG/RESIDUAL_LOAD/DE_RESIDUAL_LOAD_REPORT.pdf:Zone.Identifier | data/lseg/raw/03_CURRENT_RECENT_LSEG/RESIDUAL_LOAD/FR_IT_RESIDUAL_LOAD_EXPORT_A.xls:Zone.Identifier | data/lseg/raw/03_CURRENT_RECENT_LSEG/RESIDUAL_LOAD/FR_IT_RESIDUAL_LOAD_EXPORT_B.xls:Zone.Identifier | data/lseg/raw/03_CURRENT_RECENT_LSEG/SUPPLY_WIND_SOLAR/GB_EMBEDDED_SOLAR_REPORT.pdf:Zone.Identifier | data/lseg/raw/03_CURRENT_RECENT_LSEG/SUPPLY_WIND_SOLAR/GB_EMBEDDED_WIND_REPORT.pdf:Zone.Identifier | data/lseg/raw/03_CURRENT_RECENT_LSEG/SUPPLY_WIND_SOLAR/SUPPLY_WIND_REPORT.pdf:Zone.Identifier | data/lseg/raw/03_CURRENT_RECENT_LSEG/WEATHER/CLOUD_COVER_CH.xls:Zone.Identifier | data/lseg/raw/03_CURRENT_RECENT_LSEG/WEATHER/CLOUD_COVER_REPORT.pdf:Zone.Identifier | data/lseg/raw/03_CURRENT_RECENT_LSEG/WEATHER/ECMWF_CLUSTER_REPORT.pdf:Zone.Identifier | data/lseg/raw/03_CURRENT_RECENT_LSEG/WEATHER/NAO_AO_REPORT.pdf:Zone.Identifier | data/lseg/raw/03_CURRENT_RECENT_LSEG/WEATHER/PRECIPITATION_ALP_AREA_REPORT.pdf:Zone.Identifier | data/lseg/raw/03_CURRENT_RECENT_LSEG/WEATHER/PRECIPITATION_CH_EFFECTIVE.xls:Zone.Identifier | data/lseg/raw/03_CURRENT_RECENT_LSEG/WEATHER/TEMPERATURE_DE_FR_AT_CH_TABLE.xls:Zone.Identifier | data/lseg/raw/03_CURRENT_RECENT_LSEG/WEATHER/TEMPERATURE_IT_CHART.xls:Zone.Identifier | data/lseg/raw/03_CURRENT_RECENT_LSEG/WEATHER/TEMPERATURE_REPORT.pdf:Zone.Identifier | data/lseg/raw/04_CROSS_BORDER_REFERENCE/01_PRICE_FLOW_GRAPH_CHE_VISIBLE.png:Zone.Identifier | data/lseg/raw/04_CROSS_BORDER_REFERENCE/02_DEU_SELECTED_CONNECTIONS.png:Zone.Identifier | data/lseg/raw/04_CROSS_BORDER_REFERENCE/03_NET_IMPORT_GRAPH.png:Zone.Identifier | data/lseg/raw/04_CROSS_BORDER_REFERENCE/04_NET_IMPORT_CHE_SELECTED_00.png:Zone.Identifier | data/lseg/raw/04_CROSS_BORDER_REFERENCE/05_NET_IMPORT_CHE_SELECTED_12.png:Zone.Identifier | data/lseg/raw/04_CROSS_BORDER_REFERENCE/06_CAPACITY_DIRECTION_1_CHE_SELECTED.png:Zone.Identifier | data/lseg/raw/04_CROSS_BORDER_REFERENCE/07_CAPACITY_DIRECTION_2_CHE_SELECTED_A.png:Zone.Identifier | data/lseg/raw/04_CROSS_BORDER_REFERENCE/08_CAPACITY_DIRECTION_2_CHE_SELECTED_B.png:Zone.Identifier | data/lseg/raw/04_CROSS_BORDER_REFERENCE/09_CAPACITY_DIRECTION_2_CHE_SELECTED_C.png:Zone.Identifier | data/lseg/raw/04_CROSS_BORDER_REFERENCE/10_SCHEDULED_EXCHANGE_NET_IMPORT_GRAPH.png:Zone.Identifier | data/lseg/raw/04_CROSS_BORDER_REFERENCE/11_SCHEDULED_EXCHANGE_CHE_SELECTED.png:Zone.Identifier | data/lseg/raw/04_CROSS_BORDER_REFERENCE/FLOWS_GRAPH_REPORT.pdf:Zone.Identifier | data/lseg/raw/05_LSEG_REFERENCE_PDFS/DEMAND_CONSUMPTION_OVERVIEW.pdf:Zone.Identifier | data/lseg/raw/90_INTERMEDIATE/LSEG_PRICE_DEMAND/FR_15M_RAW.xls.xlsx:Zone.Identifier | data/lseg/raw/90_INTERMEDIATE/LSEG_PRICE_DEMAND/FR_DA_RAW.xlsx:Zone.Identifier | data/lseg/raw/90_INTERMEDIATE/LSEG_PRICE_DEMAND/IT_DA_RAW(1).xlsx:Zone.Identifier | data/lseg/raw/90_INTERMEDIATE/LSEG_PRICE_DEMAND/IT_DA_RAW(2).xlsx:Zone.Identifier | data/lseg/raw/90_INTERMEDIATE/LSEG_PRICE_DEMAND/IT_DA_RAW(3).xlsx:Zone.Identifier | data/lseg/raw/90_INTERMEDIATE/LSEG_PRICE_DEMAND/IT_DA_RAW.xlsx:Zone.Identifier | data/lseg/raw/90_INTERMEDIATE/LSEG_PRICE_DEMAND/IT_DEMAND_15M_ALL_ZONES_TEMPLATE.xlsx:Zone.Identifier | data/lseg/raw/90_INTERMEDIATE/LSEG_PRICE_DEMAND/IT_DEMAND_15M_NORTH.xlsx:Zone.Identifier | data/lseg/raw/90_INTERMEDIATE/LSEG_PRICE_DEMAND/Mappe1(1).xlsx:Zone.Identifier | data/lseg/raw/90_INTERMEDIATE/LSEG_PRICE_DEMAND/Mappe1(2).xlsx:Zone.Identifier | data/lseg/raw/90_INTERMEDIATE/LSEG_PRICE_DEMAND/Mappe1(3).xlsx:Zone.Identifier | data/lseg/raw/90_INTERMEDIATE/LSEG_PRICE_DEMAND/Mappe1(4).xlsx:Zone.Identifier | data/lseg/raw/90_INTERMEDIATE/LSEG_PRICE_DEMAND/Mappe1(5).xlsx:Zone.Identifier | data/lseg/raw/90_INTERMEDIATE/SCREENSHOTS/0a528483-087b-4a33-a2f3-ecdd62770a3a.png:Zone.Identifier | data/lseg/raw/90_INTERMEDIATE/SCREENSHOTS/1609bf25-22b3-4c50-817b-fa945dba6bfe.png:Zone.Identifier | data/lseg/raw/90_INTERMEDIATE/SCREENSHOTS/1d02b907-f21b-48aa-bff6-9bb501bffd31.png:Zone.Identifier | data/lseg/raw/90_INTERMEDIATE/SCREENSHOTS/2bf92681-8086-451b-ad79-2cf2aaa286bf.png:Zone.Identifier | data/lseg/raw/90_INTERMEDIATE/SCREENSHOTS/5048f972-71a5-4bbb-9ebf-495783170275.png:Zone.Identifier | data/lseg/raw/90_INTERMEDIATE/SCREENSHOTS/57688dd7-cfad-46f7-9d61-7173a480ab24.png:Zone.Identifier | data/lseg/raw/90_INTERMEDIATE/SCREENSHOTS/6a48aa3a-47d9-431b-a8d4-4b421a82f395.png:Zone.Identifier | data/lseg/raw/90_INTERMEDIATE/SCREENSHOTS/6b0bf7a6-4724-4c1c-98c7-10c623883a8b.png:Zone.Identifier | data/lseg/raw/90_INTERMEDIATE/SCREENSHOTS/7cdf8489-62e1-4566-9c92-ddde781dfc41.png:Zone.Identifier | data/lseg/raw/90_INTERMEDIATE/SCREENSHOTS/839b9904-b506-4600-a582-19546fc0d0dc.png:Zone.Identifier | data/lseg/raw/90_INTERMEDIATE/SCREENSHOTS/87b02fce-0b58-4ead-b793-267dd464b8ec.png:Zone.Identifier | data/lseg/raw/90_INTERMEDIATE/SCREENSHOTS/917dfe63-9fd2-4e78-89c4-b98dcf9f033f.png:Zone.Identifier | data/lseg/raw/90_INTERMEDIATE/SCREENSHOTS/990167dc-a3d5-4b22-acec-131b4e0f87c9.png:Zone.Identifier | data/lseg/raw/90_INTERMEDIATE/SCREENSHOTS/af6db8b3-1471-4a8e-9879-1e782574016e.png:Zone.Identifier | data/lseg/raw/90_INTERMEDIATE/SCREENSHOTS/b94c25b1-cacf-496f-802b-f74a6ec3c376.png:Zone.Identifier | data/lseg/raw/90_INTERMEDIATE/SCREENSHOTS/bc276a5b-6ae8-473b-abe3-2d17e33bcdd3.png:Zone.Identifier | data/lseg/raw/90_INTERMEDIATE/SCREENSHOTS/chart_100049390.embedded.png:Zone.Identifier | data/lseg/raw/90_INTERMEDIATE/SCREENSHOTS/chart_100127248.embedded.png:Zone.Identifier | data/lseg/raw/90_INTERMEDIATE/SCREENSHOTS/crop_che.png:Zone.Identifier | data/lseg/raw/90_INTERMEDIATE/SCREENSHOTS/de1ee218-60dc-4b11-b243-1f352c398785.png:Zone.Identifier | data/lseg/raw/99_UNCLASSIFIED_RETAINED/LSEG_DISCOVERY_RAW_NOTES.txt:Zone.Identifier | data/lseg/raw/99_UNCLASSIFIED_RETAINED/table_100016453.xls:Zone.Identifier | data/lseg/raw/CH_DA_RAW.xlsx:Zone.Identifier | data/lseg/raw/DE_DA_RAW.xlsx:Zone.Identifier | data/lseg/raw/EDF_NUCLEAR_OUTAGE_REVISIONS_PIT.csv:Zone.Identifier | data/lseg/raw/EDF_NUCLEAR_PIT_DAILY_2021_2026.csv:Zone.Identifier | data/lseg/raw/FR_15M_RAW.xlsx:Zone.Identifier | data/lseg/raw/FR_DA_RAW_COMBINED.xlsx:Zone.Identifier | data/lseg/raw/Historique des indispo des moyens de production - depuis 2015 - 07092026-full.csv:Zone.Identifier | data/lseg/raw/IT_DA_RAW (1).xlsx:Zone.Identifier | data/lseg/raw/IT_DA_RAW.xlsx:Zone.Identifier | data/lseg/raw/IT_DEMAND_15M_ALL_ZONES_TEMPLATE.xlsx:Zone.Identifier | data/lseg/raw/IT_DEMAND_15M_NORTH.xlsx:Zone.Identifier | data/lseg/raw/IT_DEMAND_HOURLY.xlsx:Zone.Identifier | data/lseg/raw/publications-transparence-et-remit-liste-des-messages-edf-sa.csv:Zone.Identifier,Windows download-origin sidecar; excluded from data analysis.
data/lseg/raw/00_START_HERE/LICENSE_NOTES.md,LICENSE_NOTES.md,md,other,unclassified,unclassified,UNKNOWN,Not applicable/non-tabular or not safely extractable,Not applicable or not declared,Not safely extractable,Not determined from file metadata,Not determined,Not determinable,Not safely extractable,Not safely extractable,Not safely extractable,601,Not applicable/non-tabular,UNKNOWN,UNKNOWN,,,No reliable semantic mapping inferred.
data/lseg/raw/00_START_HERE/LICENSE_NOTES.md:Zone.Identifier,LICENSE_NOTES.md:Zone.Identifier,identifier,metadata_sidecar,ancillary file metadata,Zone.Identifier,UNKNOWN,Not applicable/non-tabular or not safely extractable,Not applicable or not declared,Not safely extractable,Not determined from file metadata,Not determined,Not determinable,Not safely extractable,Not safely extractable,Not safely extractable,25,Not applicable/non-tabular,UNKNOWN,None,,data/lseg/raw/00_START_HERE/ANONYMOUS_XLS_MAPPING.md:Zone.Identifier | data/lseg/raw/00_START_HERE/DATA_CATALOG.csv:Zone.Identifier | data/lseg/raw/00_START_HERE/EXTRACTION_STATUS_AND_GAPS.md:Zone.Identifier | data/lseg/raw/00_START_HERE/LICENSE_NOTES.md:Zone.Identifier | data/lseg/raw/00_START_HERE/MANIFEST_SHA256.csv:Zone.Identifier | data/lseg/raw/00_START_HERE/MISSING_CH_DE_RECOVERY.md:Zone.Identifier | data/lseg/raw/00_START_HERE/MISSING_CH_DE_RICS.csv:Zone.Identifier | data/lseg/raw/00_START_HERE/PROJECT_OBJECTIVE.txt:Zone.Identifier | data/lseg/raw/00_START_HERE/README_FIRST.md:Zone.Identifier | data/lseg/raw/00_START_HERE/RIC_FAMILIES.csv:Zone.Identifier | data/lseg/raw/01_CORE_HISTORICAL/FR_NUCLEAR_PIT/EDF_NUCLEAR_OUTAGE_REVISIONS_PIT.csv:Zone.Identifier | data/lseg/raw/01_CORE_HISTORICAL/FR_NUCLEAR_PIT/EDF_NUCLEAR_PIT_DAILY_2021_2026.csv:Zone.Identifier | data/lseg/raw/01_CORE_HISTORICAL/FR_NUCLEAR_PIT/EDF_NUCLEAR_PIT_SUMMARY.txt:Zone.Identifier | data/lseg/raw/01_CORE_HISTORICAL/LSEG_DEMAND/IT_DEMAND_15M_ALL_7_ZONES_2025_2026.xlsx:Zone.Identifier | data/lseg/raw/01_CORE_HISTORICAL/LSEG_DEMAND/IT_DEMAND_HOURLY_2021_2025.xlsx:Zone.Identifier | data/lseg/raw/01_CORE_HISTORICAL/LSEG_PRICES/FR_DAY_AHEAD_HOURLY_AND_15M.xlsx:Zone.Identifier | data/lseg/raw/01_CORE_HISTORICAL/LSEG_PRICES/IT_DAY_AHEAD_HOURLY_AND_15M.xlsx:Zone.Identifier | data/lseg/raw/02_SOURCE_RAW/FR_NUCLEAR/EDF_OUTAGE_HISTORY_RAW.csv:Zone.Identifier | data/lseg/raw/02_SOURCE_RAW/FR_NUCLEAR/EDF_TRANSPARENCY_REMIT_MESSAGES_RAW.csv:Zone.Identifier | data/lseg/raw/03_CURRENT_RECENT_LSEG/COST_CURVES/cost_curves_2026910_21432.xlsx:Zone.Identifier | data/lseg/raw/03_CURRENT_RECENT_LSEG/COST_CURVES/cost_curves_2026910_21543.xlsx:Zone.Identifier | data/lseg/raw/03_CURRENT_RECENT_LSEG/COST_CURVES/cost_curves_2026910_2164.xlsx:Zone.Identifier | data/lseg/raw/03_CURRENT_RECENT_LSEG/RESIDUAL_LOAD/CWE_RESIDUAL_LOAD_REPORT.pdf:Zone.Identifier | data/lseg/raw/03_CURRENT_RECENT_LSEG/RESIDUAL_LOAD/DE_RESIDUAL_LOAD_CURRENT_RECENT.xls:Zone.Identifier | data/lseg/raw/03_CURRENT_RECENT_LSEG/RESIDUAL_LOAD/DE_RESIDUAL_LOAD_REPORT.pdf:Zone.Identifier | data/lseg/raw/03_CURRENT_RECENT_LSEG/RESIDUAL_LOAD/FR_IT_RESIDUAL_LOAD_EXPORT_A.xls:Zone.Identifier | data/lseg/raw/03_CURRENT_RECENT_LSEG/RESIDUAL_LOAD/FR_IT_RESIDUAL_LOAD_EXPORT_B.xls:Zone.Identifier | data/lseg/raw/03_CURRENT_RECENT_LSEG/SUPPLY_WIND_SOLAR/GB_EMBEDDED_SOLAR_REPORT.pdf:Zone.Identifier | data/lseg/raw/03_CURRENT_RECENT_LSEG/SUPPLY_WIND_SOLAR/GB_EMBEDDED_WIND_REPORT.pdf:Zone.Identifier | data/lseg/raw/03_CURRENT_RECENT_LSEG/SUPPLY_WIND_SOLAR/SUPPLY_WIND_REPORT.pdf:Zone.Identifier | data/lseg/raw/03_CURRENT_RECENT_LSEG/WEATHER/CLOUD_COVER_CH.xls:Zone.Identifier | data/lseg/raw/03_CURRENT_RECENT_LSEG/WEATHER/CLOUD_COVER_REPORT.pdf:Zone.Identifier | data/lseg/raw/03_CURRENT_RECENT_LSEG/WEATHER/ECMWF_CLUSTER_REPORT.pdf:Zone.Identifier | data/lseg/raw/03_CURRENT_RECENT_LSEG/WEATHER/NAO_AO_REPORT.pdf:Zone.Identifier | data/lseg/raw/03_CURRENT_RECENT_LSEG/WEATHER/PRECIPITATION_ALP_AREA_REPORT.pdf:Zone.Identifier | data/lseg/raw/03_CURRENT_RECENT_LSEG/WEATHER/PRECIPITATION_CH_EFFECTIVE.xls:Zone.Identifier | data/lseg/raw/03_CURRENT_RECENT_LSEG/WEATHER/TEMPERATURE_DE_FR_AT_CH_TABLE.xls:Zone.Identifier | data/lseg/raw/03_CURRENT_RECENT_LSEG/WEATHER/TEMPERATURE_IT_CHART.xls:Zone.Identifier | data/lseg/raw/03_CURRENT_RECENT_LSEG/WEATHER/TEMPERATURE_REPORT.pdf:Zone.Identifier | data/lseg/raw/04_CROSS_BORDER_REFERENCE/01_PRICE_FLOW_GRAPH_CHE_VISIBLE.png:Zone.Identifier | data/lseg/raw/04_CROSS_BORDER_REFERENCE/02_DEU_SELECTED_CONNECTIONS.png:Zone.Identifier | data/lseg/raw/04_CROSS_BORDER_REFERENCE/03_NET_IMPORT_GRAPH.png:Zone.Identifier | data/lseg/raw/04_CROSS_BORDER_REFERENCE/04_NET_IMPORT_CHE_SELECTED_00.png:Zone.Identifier | data/lseg/raw/04_CROSS_BORDER_REFERENCE/05_NET_IMPORT_CHE_SELECTED_12.png:Zone.Identifier | data/lseg/raw/04_CROSS_BORDER_REFERENCE/06_CAPACITY_DIRECTION_1_CHE_SELECTED.png:Zone.Identifier | data/lseg/raw/04_CROSS_BORDER_REFERENCE/07_CAPACITY_DIRECTION_2_CHE_SELECTED_A.png:Zone.Identifier | data/lseg/raw/04_CROSS_BORDER_REFERENCE/08_CAPACITY_DIRECTION_2_CHE_SELECTED_B.png:Zone.Identifier | data/lseg/raw/04_CROSS_BORDER_REFERENCE/09_CAPACITY_DIRECTION_2_CHE_SELECTED_C.png:Zone.Identifier | data/lseg/raw/04_CROSS_BORDER_REFERENCE/10_SCHEDULED_EXCHANGE_NET_IMPORT_GRAPH.png:Zone.Identifier | data/lseg/raw/04_CROSS_BORDER_REFERENCE/11_SCHEDULED_EXCHANGE_CHE_SELECTED.png:Zone.Identifier | data/lseg/raw/04_CROSS_BORDER_REFERENCE/FLOWS_GRAPH_REPORT.pdf:Zone.Identifier | data/lseg/raw/05_LSEG_REFERENCE_PDFS/DEMAND_CONSUMPTION_OVERVIEW.pdf:Zone.Identifier | data/lseg/raw/90_INTERMEDIATE/LSEG_PRICE_DEMAND/FR_15M_RAW.xls.xlsx:Zone.Identifier | data/lseg/raw/90_INTERMEDIATE/LSEG_PRICE_DEMAND/FR_DA_RAW.xlsx:Zone.Identifier | data/lseg/raw/90_INTERMEDIATE/LSEG_PRICE_DEMAND/IT_DA_RAW(1).xlsx:Zone.Identifier | data/lseg/raw/90_INTERMEDIATE/LSEG_PRICE_DEMAND/IT_DA_RAW(2).xlsx:Zone.Identifier | data/lseg/raw/90_INTERMEDIATE/LSEG_PRICE_DEMAND/IT_DA_RAW(3).xlsx:Zone.Identifier | data/lseg/raw/90_INTERMEDIATE/LSEG_PRICE_DEMAND/IT_DA_RAW.xlsx:Zone.Identifier | data/lseg/raw/90_INTERMEDIATE/LSEG_PRICE_DEMAND/IT_DEMAND_15M_ALL_ZONES_TEMPLATE.xlsx:Zone.Identifier | data/lseg/raw/90_INTERMEDIATE/LSEG_PRICE_DEMAND/IT_DEMAND_15M_NORTH.xlsx:Zone.Identifier | data/lseg/raw/90_INTERMEDIATE/LSEG_PRICE_DEMAND/Mappe1(1).xlsx:Zone.Identifier | data/lseg/raw/90_INTERMEDIATE/LSEG_PRICE_DEMAND/Mappe1(2).xlsx:Zone.Identifier | data/lseg/raw/90_INTERMEDIATE/LSEG_PRICE_DEMAND/Mappe1(3).xlsx:Zone.Identifier | data/lseg/raw/90_INTERMEDIATE/LSEG_PRICE_DEMAND/Mappe1(4).xlsx:Zone.Identifier | data/lseg/raw/90_INTERMEDIATE/LSEG_PRICE_DEMAND/Mappe1(5).xlsx:Zone.Identifier | data/lseg/raw/90_INTERMEDIATE/SCREENSHOTS/0a528483-087b-4a33-a2f3-ecdd62770a3a.png:Zone.Identifier | data/lseg/raw/90_INTERMEDIATE/SCREENSHOTS/1609bf25-22b3-4c50-817b-fa945dba6bfe.png:Zone.Identifier | data/lseg/raw/90_INTERMEDIATE/SCREENSHOTS/1d02b907-f21b-48aa-bff6-9bb501bffd31.png:Zone.Identifier | data/lseg/raw/90_INTERMEDIATE/SCREENSHOTS/2bf92681-8086-451b-ad79-2cf2aaa286bf.png:Zone.Identifier | data/lseg/raw/90_INTERMEDIATE/SCREENSHOTS/5048f972-71a5-4bbb-9ebf-495783170275.png:Zone.Identifier | data/lseg/raw/90_INTERMEDIATE/SCREENSHOTS/57688dd7-cfad-46f7-9d61-7173a480ab24.png:Zone.Identifier | data/lseg/raw/90_INTERMEDIATE/SCREENSHOTS/6a48aa3a-47d9-431b-a8d4-4b421a82f395.png:Zone.Identifier | data/lseg/raw/90_INTERMEDIATE/SCREENSHOTS/6b0bf7a6-4724-4c1c-98c7-10c623883a8b.png:Zone.Identifier | data/lseg/raw/90_INTERMEDIATE/SCREENSHOTS/7cdf8489-62e1-4566-9c92-ddde781dfc41.png:Zone.Identifier | data/lseg/raw/90_INTERMEDIATE/SCREENSHOTS/839b9904-b506-4600-a582-19546fc0d0dc.png:Zone.Identifier | data/lseg/raw/90_INTERMEDIATE/SCREENSHOTS/87b02fce-0b58-4ead-b793-267dd464b8ec.png:Zone.Identifier | data/lseg/raw/90_INTERMEDIATE/SCREENSHOTS/917dfe63-9fd2-4e78-89c4-b98dcf9f033f.png:Zone.Identifier | data/lseg/raw/90_INTERMEDIATE/SCREENSHOTS/990167dc-a3d5-4b22-acec-131b4e0f87c9.png:Zone.Identifier | data/lseg/raw/90_INTERMEDIATE/SCREENSHOTS/af6db8b3-1471-4a8e-9879-1e782574016e.png:Zone.Identifier | data/lseg/raw/90_INTERMEDIATE/SCREENSHOTS/b94c25b1-cacf-496f-802b-f74a6ec3c376.png:Zone.Identifier | data/lseg/raw/90_INTERMEDIATE/SCREENSHOTS/bc276a5b-6ae8-473b-abe3-2d17e33bcdd3.png:Zone.Identifier | data/lseg/raw/90_INTERMEDIATE/SCREENSHOTS/chart_100049390.embedded.png:Zone.Identifier | data/lseg/raw/90_INTERMEDIATE/SCREENSHOTS/chart_100127248.embedded.png:Zone.Identifier | data/lseg/raw/90_INTERMEDIATE/SCREENSHOTS/crop_che.png:Zone.Identifier | data/lseg/raw/90_INTERMEDIATE/SCREENSHOTS/de1ee218-60dc-4b11-b243-1f352c398785.png:Zone.Identifier | data/lseg/raw/99_UNCLASSIFIED_RETAINED/LSEG_DISCOVERY_RAW_NOTES.txt:Zone.Identifier | data/lseg/raw/99_UNCLASSIFIED_RETAINED/table_100016453.xls:Zone.Identifier | data/lseg/raw/CH_DA_RAW.xlsx:Zone.Identifier | data/lseg/raw/DE_DA_RAW.xlsx:Zone.Identifier | data/lseg/raw/EDF_NUCLEAR_OUTAGE_REVISIONS_PIT.csv:Zone.Identifier | data/lseg/raw/EDF_NUCLEAR_PIT_DAILY_2021_2026.csv:Zone.Identifier | data/lseg/raw/FR_15M_RAW.xlsx:Zone.Identifier | data/lseg/raw/FR_DA_RAW_COMBINED.xlsx:Zone.Identifier | data/lseg/raw/Historique des indispo des moyens de production - depuis 2015 - 07092026-full.csv:Zone.Identifier | data/lseg/raw/IT_DA_RAW (1).xlsx:Zone.Identifier | data/lseg/raw/IT_DA_RAW.xlsx:Zone.Identifier | data/lseg/raw/IT_DEMAND_15M_ALL_ZONES_TEMPLATE.xlsx:Zone.Identifier | data/lseg/raw/IT_DEMAND_15M_NORTH.xlsx:Zone.Identifier | data/lseg/raw/IT_DEMAND_HOURLY.xlsx:Zone.Identifier | data/lseg/raw/publications-transparence-et-remit-liste-des-messages-edf-sa.csv:Zone.Identifier,Windows download-origin sidecar; excluded from data analysis.
data/lseg/raw/00_START_HERE/MANIFEST_SHA256.csv,MANIFEST_SHA256.csv,csv,other,unclassified,unclassified,UNKNOWN,Not applicable/non-tabular or not safely extractable,Not applicable or not declared,Not safely extractable,Not determined from file metadata,Not determined,Not determinable,Not safely extractable,Not safely extractable,Not safely extractable,11322,Not applicable/non-tabular,UNKNOWN,UNKNOWN,,,No reliable semantic mapping inferred.
data/lseg/raw/00_START_HERE/MANIFEST_SHA256.csv:Zone.Identifier,MANIFEST_SHA256.csv:Zone.Identifier,identifier,metadata_sidecar,ancillary file metadata,Zone.Identifier,UNKNOWN,Not applicable/non-tabular or not safely extractable,Not applicable or not declared,Not safely extractable,Not determined from file metadata,Not determined,Not determinable,Not safely extractable,Not safely extractable,Not safely extractable,25,Not applicable/non-tabular,UNKNOWN,None,,data/lseg/raw/00_START_HERE/ANONYMOUS_XLS_MAPPING.md:Zone.Identifier | data/lseg/raw/00_START_HERE/DATA_CATALOG.csv:Zone.Identifier | data/lseg/raw/00_START_HERE/EXTRACTION_STATUS_AND_GAPS.md:Zone.Identifier | data/lseg/raw/00_START_HERE/LICENSE_NOTES.md:Zone.Identifier | data/lseg/raw/00_START_HERE/MANIFEST_SHA256.csv:Zone.Identifier | data/lseg/raw/00_START_HERE/MISSING_CH_DE_RECOVERY.md:Zone.Identifier | data/lseg/raw/00_START_HERE/MISSING_CH_DE_RICS.csv:Zone.Identifier | data/lseg/raw/00_START_HERE/PROJECT_OBJECTIVE.txt:Zone.Identifier | data/lseg/raw/00_START_HERE/README_FIRST.md:Zone.Identifier | data/lseg/raw/00_START_HERE/RIC_FAMILIES.csv:Zone.Identifier | data/lseg/raw/01_CORE_HISTORICAL/FR_NUCLEAR_PIT/EDF_NUCLEAR_OUTAGE_REVISIONS_PIT.csv:Zone.Identifier | data/lseg/raw/01_CORE_HISTORICAL/FR_NUCLEAR_PIT/EDF_NUCLEAR_PIT_DAILY_2021_2026.csv:Zone.Identifier | data/lseg/raw/01_CORE_HISTORICAL/FR_NUCLEAR_PIT/EDF_NUCLEAR_PIT_SUMMARY.txt:Zone.Identifier | data/lseg/raw/01_CORE_HISTORICAL/LSEG_DEMAND/IT_DEMAND_15M_ALL_7_ZONES_2025_2026.xlsx:Zone.Identifier | data/lseg/raw/01_CORE_HISTORICAL/LSEG_DEMAND/IT_DEMAND_HOURLY_2021_2025.xlsx:Zone.Identifier | data/lseg/raw/01_CORE_HISTORICAL/LSEG_PRICES/FR_DAY_AHEAD_HOURLY_AND_15M.xlsx:Zone.Identifier | data/lseg/raw/01_CORE_HISTORICAL/LSEG_PRICES/IT_DAY_AHEAD_HOURLY_AND_15M.xlsx:Zone.Identifier | data/lseg/raw/02_SOURCE_RAW/FR_NUCLEAR/EDF_OUTAGE_HISTORY_RAW.csv:Zone.Identifier | data/lseg/raw/02_SOURCE_RAW/FR_NUCLEAR/EDF_TRANSPARENCY_REMIT_MESSAGES_RAW.csv:Zone.Identifier | data/lseg/raw/03_CURRENT_RECENT_LSEG/COST_CURVES/cost_curves_2026910_21432.xlsx:Zone.Identifier | data/lseg/raw/03_CURRENT_RECENT_LSEG/COST_CURVES/cost_curves_2026910_21543.xlsx:Zone.Identifier | data/lseg/raw/03_CURRENT_RECENT_LSEG/COST_CURVES/cost_curves_2026910_2164.xlsx:Zone.Identifier | data/lseg/raw/03_CURRENT_RECENT_LSEG/RESIDUAL_LOAD/CWE_RESIDUAL_LOAD_REPORT.pdf:Zone.Identifier | data/lseg/raw/03_CURRENT_RECENT_LSEG/RESIDUAL_LOAD/DE_RESIDUAL_LOAD_CURRENT_RECENT.xls:Zone.Identifier | data/lseg/raw/03_CURRENT_RECENT_LSEG/RESIDUAL_LOAD/DE_RESIDUAL_LOAD_REPORT.pdf:Zone.Identifier | data/lseg/raw/03_CURRENT_RECENT_LSEG/RESIDUAL_LOAD/FR_IT_RESIDUAL_LOAD_EXPORT_A.xls:Zone.Identifier | data/lseg/raw/03_CURRENT_RECENT_LSEG/RESIDUAL_LOAD/FR_IT_RESIDUAL_LOAD_EXPORT_B.xls:Zone.Identifier | data/lseg/raw/03_CURRENT_RECENT_LSEG/SUPPLY_WIND_SOLAR/GB_EMBEDDED_SOLAR_REPORT.pdf:Zone.Identifier | data/lseg/raw/03_CURRENT_RECENT_LSEG/SUPPLY_WIND_SOLAR/GB_EMBEDDED_WIND_REPORT.pdf:Zone.Identifier | data/lseg/raw/03_CURRENT_RECENT_LSEG/SUPPLY_WIND_SOLAR/SUPPLY_WIND_REPORT.pdf:Zone.Identifier | data/lseg/raw/03_CURRENT_RECENT_LSEG/WEATHER/CLOUD_COVER_CH.xls:Zone.Identifier | data/lseg/raw/03_CURRENT_RECENT_LSEG/WEATHER/CLOUD_COVER_REPORT.pdf:Zone.Identifier | data/lseg/raw/03_CURRENT_RECENT_LSEG/WEATHER/ECMWF_CLUSTER_REPORT.pdf:Zone.Identifier | data/lseg/raw/03_CURRENT_RECENT_LSEG/WEATHER/NAO_AO_REPORT.pdf:Zone.Identifier | data/lseg/raw/03_CURRENT_RECENT_LSEG/WEATHER/PRECIPITATION_ALP_AREA_REPORT.pdf:Zone.Identifier | data/lseg/raw/03_CURRENT_RECENT_LSEG/WEATHER/PRECIPITATION_CH_EFFECTIVE.xls:Zone.Identifier | data/lseg/raw/03_CURRENT_RECENT_LSEG/WEATHER/TEMPERATURE_DE_FR_AT_CH_TABLE.xls:Zone.Identifier | data/lseg/raw/03_CURRENT_RECENT_LSEG/WEATHER/TEMPERATURE_IT_CHART.xls:Zone.Identifier | data/lseg/raw/03_CURRENT_RECENT_LSEG/WEATHER/TEMPERATURE_REPORT.pdf:Zone.Identifier | data/lseg/raw/04_CROSS_BORDER_REFERENCE/01_PRICE_FLOW_GRAPH_CHE_VISIBLE.png:Zone.Identifier | data/lseg/raw/04_CROSS_BORDER_REFERENCE/02_DEU_SELECTED_CONNECTIONS.png:Zone.Identifier | data/lseg/raw/04_CROSS_BORDER_REFERENCE/03_NET_IMPORT_GRAPH.png:Zone.Identifier | data/lseg/raw/04_CROSS_BORDER_REFERENCE/04_NET_IMPORT_CHE_SELECTED_00.png:Zone.Identifier | data/lseg/raw/04_CROSS_BORDER_REFERENCE/05_NET_IMPORT_CHE_SELECTED_12.png:Zone.Identifier | data/lseg/raw/04_CROSS_BORDER_REFERENCE/06_CAPACITY_DIRECTION_1_CHE_SELECTED.png:Zone.Identifier | data/lseg/raw/04_CROSS_BORDER_REFERENCE/07_CAPACITY_DIRECTION_2_CHE_SELECTED_A.png:Zone.Identifier | data/lseg/raw/04_CROSS_BORDER_REFERENCE/08_CAPACITY_DIRECTION_2_CHE_SELECTED_B.png:Zone.Identifier | data/lseg/raw/04_CROSS_BORDER_REFERENCE/09_CAPACITY_DIRECTION_2_CHE_SELECTED_C.png:Zone.Identifier | data/lseg/raw/04_CROSS_BORDER_REFERENCE/10_SCHEDULED_EXCHANGE_NET_IMPORT_GRAPH.png:Zone.Identifier | data/lseg/raw/04_CROSS_BORDER_REFERENCE/11_SCHEDULED_EXCHANGE_CHE_SELECTED.png:Zone.Identifier | data/lseg/raw/04_CROSS_BORDER_REFERENCE/FLOWS_GRAPH_REPORT.pdf:Zone.Identifier | data/lseg/raw/05_LSEG_REFERENCE_PDFS/DEMAND_CONSUMPTION_OVERVIEW.pdf:Zone.Identifier | data/lseg/raw/90_INTERMEDIATE/LSEG_PRICE_DEMAND/FR_15M_RAW.xls.xlsx:Zone.Identifier | data/lseg/raw/90_INTERMEDIATE/LSEG_PRICE_DEMAND/FR_DA_RAW.xlsx:Zone.Identifier | data/lseg/raw/90_INTERMEDIATE/LSEG_PRICE_DEMAND/IT_DA_RAW(1).xlsx:Zone.Identifier | data/lseg/raw/90_INTERMEDIATE/LSEG_PRICE_DEMAND/IT_DA_RAW(2).xlsx:Zone.Identifier | data/lseg/raw/90_INTERMEDIATE/LSEG_PRICE_DEMAND/IT_DA_RAW(3).xlsx:Zone.Identifier | data/lseg/raw/90_INTERMEDIATE/LSEG_PRICE_DEMAND/IT_DA_RAW.xlsx:Zone.Identifier | data/lseg/raw/90_INTERMEDIATE/LSEG_PRICE_DEMAND/IT_DEMAND_15M_ALL_ZONES_TEMPLATE.xlsx:Zone.Identifier | data/lseg/raw/90_INTERMEDIATE/LSEG_PRICE_DEMAND/IT_DEMAND_15M_NORTH.xlsx:Zone.Identifier | data/lseg/raw/90_INTERMEDIATE/LSEG_PRICE_DEMAND/Mappe1(1).xlsx:Zone.Identifier | data/lseg/raw/90_INTERMEDIATE/LSEG_PRICE_DEMAND/Mappe1(2).xlsx:Zone.Identifier | data/lseg/raw/90_INTERMEDIATE/LSEG_PRICE_DEMAND/Mappe1(3).xlsx:Zone.Identifier | data/lseg/raw/90_INTERMEDIATE/LSEG_PRICE_DEMAND/Mappe1(4).xlsx:Zone.Identifier | data/lseg/raw/90_INTERMEDIATE/LSEG_PRICE_DEMAND/Mappe1(5).xlsx:Zone.Identifier | data/lseg/raw/90_INTERMEDIATE/SCREENSHOTS/0a528483-087b-4a33-a2f3-ecdd62770a3a.png:Zone.Identifier | data/lseg/raw/90_INTERMEDIATE/SCREENSHOTS/1609bf25-22b3-4c50-817b-fa945dba6bfe.png:Zone.Identifier | data/lseg/raw/90_INTERMEDIATE/SCREENSHOTS/1d02b907-f21b-48aa-bff6-9bb501bffd31.png:Zone.Identifier | data/lseg/raw/90_INTERMEDIATE/SCREENSHOTS/2bf92681-8086-451b-ad79-2cf2aaa286bf.png:Zone.Identifier | data/lseg/raw/90_INTERMEDIATE/SCREENSHOTS/5048f972-71a5-4bbb-9ebf-495783170275.png:Zone.Identifier | data/lseg/raw/90_INTERMEDIATE/SCREENSHOTS/57688dd7-cfad-46f7-9d61-7173a480ab24.png:Zone.Identifier | data/lseg/raw/90_INTERMEDIATE/SCREENSHOTS/6a48aa3a-47d9-431b-a8d4-4b421a82f395.png:Zone.Identifier | data/lseg/raw/90_INTERMEDIATE/SCREENSHOTS/6b0bf7a6-4724-4c1c-98c7-10c623883a8b.png:Zone.Identifier | data/lseg/raw/90_INTERMEDIATE/SCREENSHOTS/7cdf8489-62e1-4566-9c92-ddde781dfc41.png:Zone.Identifier | data/lseg/raw/90_INTERMEDIATE/SCREENSHOTS/839b9904-b506-4600-a582-19546fc0d0dc.png:Zone.Identifier | data/lseg/raw/90_INTERMEDIATE/SCREENSHOTS/87b02fce-0b58-4ead-b793-267dd464b8ec.png:Zone.Identifier | data/lseg/raw/90_INTERMEDIATE/SCREENSHOTS/917dfe63-9fd2-4e78-89c4-b98dcf9f033f.png:Zone.Identifier | data/lseg/raw/90_INTERMEDIATE/SCREENSHOTS/990167dc-a3d5-4b22-acec-131b4e0f87c9.png:Zone.Identifier | data/lseg/raw/90_INTERMEDIATE/SCREENSHOTS/af6db8b3-1471-4a8e-9879-1e782574016e.png:Zone.Identifier | data/lseg/raw/90_INTERMEDIATE/SCREENSHOTS/b94c25b1-cacf-496f-802b-f74a6ec3c376.png:Zone.Identifier | data/lseg/raw/90_INTERMEDIATE/SCREENSHOTS/bc276a5b-6ae8-473b-abe3-2d17e33bcdd3.png:Zone.Identifier | data/lseg/raw/90_INTERMEDIATE/SCREENSHOTS/chart_100049390.embedded.png:Zone.Identifier | data/lseg/raw/90_INTERMEDIATE/SCREENSHOTS/chart_100127248.embedded.png:Zone.Identifier | data/lseg/raw/90_INTERMEDIATE/SCREENSHOTS/crop_che.png:Zone.Identifier | data/lseg/raw/90_INTERMEDIATE/SCREENSHOTS/de1ee218-60dc-4b11-b243-1f352c398785.png:Zone.Identifier | data/lseg/raw/99_UNCLASSIFIED_RETAINED/LSEG_DISCOVERY_RAW_NOTES.txt:Zone.Identifier | data/lseg/raw/99_UNCLASSIFIED_RETAINED/table_100016453.xls:Zone.Identifier | data/lseg/raw/CH_DA_RAW.xlsx:Zone.Identifier | data/lseg/raw/DE_DA_RAW.xlsx:Zone.Identifier | data/lseg/raw/EDF_NUCLEAR_OUTAGE_REVISIONS_PIT.csv:Zone.Identifier | data/lseg/raw/EDF_NUCLEAR_PIT_DAILY_2021_2026.csv:Zone.Identifier | data/lseg/raw/FR_15M_RAW.xlsx:Zone.Identifier | data/lseg/raw/FR_DA_RAW_COMBINED.xlsx:Zone.Identifier | data/lseg/raw/Historique des indispo des moyens de production - depuis 2015 - 07092026-full.csv:Zone.Identifier | data/lseg/raw/IT_DA_RAW (1).xlsx:Zone.Identifier | data/lseg/raw/IT_DA_RAW.xlsx:Zone.Identifier | data/lseg/raw/IT_DEMAND_15M_ALL_ZONES_TEMPLATE.xlsx:Zone.Identifier | data/lseg/raw/IT_DEMAND_15M_NORTH.xlsx:Zone.Identifier | data/lseg/raw/IT_DEMAND_HOURLY.xlsx:Zone.Identifier | data/lseg/raw/publications-transparence-et-remit-liste-des-messages-edf-sa.csv:Zone.Identifier,Windows download-origin sidecar; excluded from data analysis.
data/lseg/raw/00_START_HERE/MISSING_CH_DE_RECOVERY.md,MISSING_CH_DE_RECOVERY.md,md,other,unclassified,unclassified,UNKNOWN,Not applicable/non-tabular or not safely extractable,Not applicable or not declared,Not safely extractable,Not determined from file metadata,Not determined,Not determinable,Not safely extractable,Not safely extractable,Not safely extractable,1012,Not applicable/non-tabular,UNKNOWN,UNKNOWN,,,No reliable semantic mapping inferred.
data/lseg/raw/00_START_HERE/MISSING_CH_DE_RECOVERY.md:Zone.Identifier,MISSING_CH_DE_RECOVERY.md:Zone.Identifier,identifier,metadata_sidecar,ancillary file metadata,Zone.Identifier,UNKNOWN,Not applicable/non-tabular or not safely extractable,Not applicable or not declared,Not safely extractable,Not determined from file metadata,Not determined,Not determinable,Not safely extractable,Not safely extractable,Not safely extractable,25,Not applicable/non-tabular,UNKNOWN,None,,data/lseg/raw/00_START_HERE/ANONYMOUS_XLS_MAPPING.md:Zone.Identifier | data/lseg/raw/00_START_HERE/DATA_CATALOG.csv:Zone.Identifier | data/lseg/raw/00_START_HERE/EXTRACTION_STATUS_AND_GAPS.md:Zone.Identifier | data/lseg/raw/00_START_HERE/LICENSE_NOTES.md:Zone.Identifier | data/lseg/raw/00_START_HERE/MANIFEST_SHA256.csv:Zone.Identifier | data/lseg/raw/00_START_HERE/MISSING_CH_DE_RECOVERY.md:Zone.Identifier | data/lseg/raw/00_START_HERE/MISSING_CH_DE_RICS.csv:Zone.Identifier | data/lseg/raw/00_START_HERE/PROJECT_OBJECTIVE.txt:Zone.Identifier | data/lseg/raw/00_START_HERE/README_FIRST.md:Zone.Identifier | data/lseg/raw/00_START_HERE/RIC_FAMILIES.csv:Zone.Identifier | data/lseg/raw/01_CORE_HISTORICAL/FR_NUCLEAR_PIT/EDF_NUCLEAR_OUTAGE_REVISIONS_PIT.csv:Zone.Identifier | data/lseg/raw/01_CORE_HISTORICAL/FR_NUCLEAR_PIT/EDF_NUCLEAR_PIT_DAILY_2021_2026.csv:Zone.Identifier | data/lseg/raw/01_CORE_HISTORICAL/FR_NUCLEAR_PIT/EDF_NUCLEAR_PIT_SUMMARY.txt:Zone.Identifier | data/lseg/raw/01_CORE_HISTORICAL/LSEG_DEMAND/IT_DEMAND_15M_ALL_7_ZONES_2025_2026.xlsx:Zone.Identifier | data/lseg/raw/01_CORE_HISTORICAL/LSEG_DEMAND/IT_DEMAND_HOURLY_2021_2025.xlsx:Zone.Identifier | data/lseg/raw/01_CORE_HISTORICAL/LSEG_PRICES/FR_DAY_AHEAD_HOURLY_AND_15M.xlsx:Zone.Identifier | data/lseg/raw/01_CORE_HISTORICAL/LSEG_PRICES/IT_DAY_AHEAD_HOURLY_AND_15M.xlsx:Zone.Identifier | data/lseg/raw/02_SOURCE_RAW/FR_NUCLEAR/EDF_OUTAGE_HISTORY_RAW.csv:Zone.Identifier | data/lseg/raw/02_SOURCE_RAW/FR_NUCLEAR/EDF_TRANSPARENCY_REMIT_MESSAGES_RAW.csv:Zone.Identifier | data/lseg/raw/03_CURRENT_RECENT_LSEG/COST_CURVES/cost_curves_2026910_21432.xlsx:Zone.Identifier | data/lseg/raw/03_CURRENT_RECENT_LSEG/COST_CURVES/cost_curves_2026910_21543.xlsx:Zone.Identifier | data/lseg/raw/03_CURRENT_RECENT_LSEG/COST_CURVES/cost_curves_2026910_2164.xlsx:Zone.Identifier | data/lseg/raw/03_CURRENT_RECENT_LSEG/RESIDUAL_LOAD/CWE_RESIDUAL_LOAD_REPORT.pdf:Zone.Identifier | data/lseg/raw/03_CURRENT_RECENT_LSEG/RESIDUAL_LOAD/DE_RESIDUAL_LOAD_CURRENT_RECENT.xls:Zone.Identifier | data/lseg/raw/03_CURRENT_RECENT_LSEG/RESIDUAL_LOAD/DE_RESIDUAL_LOAD_REPORT.pdf:Zone.Identifier | data/lseg/raw/03_CURRENT_RECENT_LSEG/RESIDUAL_LOAD/FR_IT_RESIDUAL_LOAD_EXPORT_A.xls:Zone.Identifier | data/lseg/raw/03_CURRENT_RECENT_LSEG/RESIDUAL_LOAD/FR_IT_RESIDUAL_LOAD_EXPORT_B.xls:Zone.Identifier | data/lseg/raw/03_CURRENT_RECENT_LSEG/SUPPLY_WIND_SOLAR/GB_EMBEDDED_SOLAR_REPORT.pdf:Zone.Identifier | data/lseg/raw/03_CURRENT_RECENT_LSEG/SUPPLY_WIND_SOLAR/GB_EMBEDDED_WIND_REPORT.pdf:Zone.Identifier | data/lseg/raw/03_CURRENT_RECENT_LSEG/SUPPLY_WIND_SOLAR/SUPPLY_WIND_REPORT.pdf:Zone.Identifier | data/lseg/raw/03_CURRENT_RECENT_LSEG/WEATHER/CLOUD_COVER_CH.xls:Zone.Identifier | data/lseg/raw/03_CURRENT_RECENT_LSEG/WEATHER/CLOUD_COVER_REPORT.pdf:Zone.Identifier | data/lseg/raw/03_CURRENT_RECENT_LSEG/WEATHER/ECMWF_CLUSTER_REPORT.pdf:Zone.Identifier | data/lseg/raw/03_CURRENT_RECENT_LSEG/WEATHER/NAO_AO_REPORT.pdf:Zone.Identifier | data/lseg/raw/03_CURRENT_RECENT_LSEG/WEATHER/PRECIPITATION_ALP_AREA_REPORT.pdf:Zone.Identifier | data/lseg/raw/03_CURRENT_RECENT_LSEG/WEATHER/PRECIPITATION_CH_EFFECTIVE.xls:Zone.Identifier | data/lseg/raw/03_CURRENT_RECENT_LSEG/WEATHER/TEMPERATURE_DE_FR_AT_CH_TABLE.xls:Zone.Identifier | data/lseg/raw/03_CURRENT_RECENT_LSEG/WEATHER/TEMPERATURE_IT_CHART.xls:Zone.Identifier | data/lseg/raw/03_CURRENT_RECENT_LSEG/WEATHER/TEMPERATURE_REPORT.pdf:Zone.Identifier | data/lseg/raw/04_CROSS_BORDER_REFERENCE/01_PRICE_FLOW_GRAPH_CHE_VISIBLE.png:Zone.Identifier | data/lseg/raw/04_CROSS_BORDER_REFERENCE/02_DEU_SELECTED_CONNECTIONS.png:Zone.Identifier | data/lseg/raw/04_CROSS_BORDER_REFERENCE/03_NET_IMPORT_GRAPH.png:Zone.Identifier | data/lseg/raw/04_CROSS_BORDER_REFERENCE/04_NET_IMPORT_CHE_SELECTED_00.png:Zone.Identifier | data/lseg/raw/04_CROSS_BORDER_REFERENCE/05_NET_IMPORT_CHE_SELECTED_12.png:Zone.Identifier | data/lseg/raw/04_CROSS_BORDER_REFERENCE/06_CAPACITY_DIRECTION_1_CHE_SELECTED.png:Zone.Identifier | data/lseg/raw/04_CROSS_BORDER_REFERENCE/07_CAPACITY_DIRECTION_2_CHE_SELECTED_A.png:Zone.Identifier | data/lseg/raw/04_CROSS_BORDER_REFERENCE/08_CAPACITY_DIRECTION_2_CHE_SELECTED_B.png:Zone.Identifier | data/lseg/raw/04_CROSS_BORDER_REFERENCE/09_CAPACITY_DIRECTION_2_CHE_SELECTED_C.png:Zone.Identifier | data/lseg/raw/04_CROSS_BORDER_REFERENCE/10_SCHEDULED_EXCHANGE_NET_IMPORT_GRAPH.png:Zone.Identifier | data/lseg/raw/04_CROSS_BORDER_REFERENCE/11_SCHEDULED_EXCHANGE_CHE_SELECTED.png:Zone.Identifier | data/lseg/raw/04_CROSS_BORDER_REFERENCE/FLOWS_GRAPH_REPORT.pdf:Zone.Identifier | data/lseg/raw/05_LSEG_REFERENCE_PDFS/DEMAND_CONSUMPTION_OVERVIEW.pdf:Zone.Identifier | data/lseg/raw/90_INTERMEDIATE/LSEG_PRICE_DEMAND/FR_15M_RAW.xls.xlsx:Zone.Identifier | data/lseg/raw/90_INTERMEDIATE/LSEG_PRICE_DEMAND/FR_DA_RAW.xlsx:Zone.Identifier | data/lseg/raw/90_INTERMEDIATE/LSEG_PRICE_DEMAND/IT_DA_RAW(1).xlsx:Zone.Identifier | data/lseg/raw/90_INTERMEDIATE/LSEG_PRICE_DEMAND/IT_DA_RAW(2).xlsx:Zone.Identifier | data/lseg/raw/90_INTERMEDIATE/LSEG_PRICE_DEMAND/IT_DA_RAW(3).xlsx:Zone.Identifier | data/lseg/raw/90_INTERMEDIATE/LSEG_PRICE_DEMAND/IT_DA_RAW.xlsx:Zone.Identifier | data/lseg/raw/90_INTERMEDIATE/LSEG_PRICE_DEMAND/IT_DEMAND_15M_ALL_ZONES_TEMPLATE.xlsx:Zone.Identifier | data/lseg/raw/90_INTERMEDIATE/LSEG_PRICE_DEMAND/IT_DEMAND_15M_NORTH.xlsx:Zone.Identifier | data/lseg/raw/90_INTERMEDIATE/LSEG_PRICE_DEMAND/Mappe1(1).xlsx:Zone.Identifier | data/lseg/raw/90_INTERMEDIATE/LSEG_PRICE_DEMAND/Mappe1(2).xlsx:Zone.Identifier | data/lseg/raw/90_INTERMEDIATE/LSEG_PRICE_DEMAND/Mappe1(3).xlsx:Zone.Identifier | data/lseg/raw/90_INTERMEDIATE/LSEG_PRICE_DEMAND/Mappe1(4).xlsx:Zone.Identifier | data/lseg/raw/90_INTERMEDIATE/LSEG_PRICE_DEMAND/Mappe1(5).xlsx:Zone.Identifier | data/lseg/raw/90_INTERMEDIATE/SCREENSHOTS/0a528483-087b-4a33-a2f3-ecdd62770a3a.png:Zone.Identifier | data/lseg/raw/90_INTERMEDIATE/SCREENSHOTS/1609bf25-22b3-4c50-817b-fa945dba6bfe.png:Zone.Identifier | data/lseg/raw/90_INTERMEDIATE/SCREENSHOTS/1d02b907-f21b-48aa-bff6-9bb501bffd31.png:Zone.Identifier | data/lseg/raw/90_INTERMEDIATE/SCREENSHOTS/2bf92681-8086-451b-ad79-2cf2aaa286bf.png:Zone.Identifier | data/lseg/raw/90_INTERMEDIATE/SCREENSHOTS/5048f972-71a5-4bbb-9ebf-495783170275.png:Zone.Identifier | data/lseg/raw/90_INTERMEDIATE/SCREENSHOTS/57688dd7-cfad-46f7-9d61-7173a480ab24.png:Zone.Identifier | data/lseg/raw/90_INTERMEDIATE/SCREENSHOTS/6a48aa3a-47d9-431b-a8d4-4b421a82f395.png:Zone.Identifier | data/lseg/raw/90_INTERMEDIATE/SCREENSHOTS/6b0bf7a6-4724-4c1c-98c7-10c623883a8b.png:Zone.Identifier | data/lseg/raw/90_INTERMEDIATE/SCREENSHOTS/7cdf8489-62e1-4566-9c92-ddde781dfc41.png:Zone.Identifier | data/lseg/raw/90_INTERMEDIATE/SCREENSHOTS/839b9904-b506-4600-a582-19546fc0d0dc.png:Zone.Identifier | data/lseg/raw/90_INTERMEDIATE/SCREENSHOTS/87b02fce-0b58-4ead-b793-267dd464b8ec.png:Zone.Identifier | data/lseg/raw/90_INTERMEDIATE/SCREENSHOTS/917dfe63-9fd2-4e78-89c4-b98dcf9f033f.png:Zone.Identifier | data/lseg/raw/90_INTERMEDIATE/SCREENSHOTS/990167dc-a3d5-4b22-acec-131b4e0f87c9.png:Zone.Identifier | data/lseg/raw/90_INTERMEDIATE/SCREENSHOTS/af6db8b3-1471-4a8e-9879-1e782574016e.png:Zone.Identifier | data/lseg/raw/90_INTERMEDIATE/SCREENSHOTS/b94c25b1-cacf-496f-802b-f74a6ec3c376.png:Zone.Identifier | data/lseg/raw/90_INTERMEDIATE/SCREENSHOTS/bc276a5b-6ae8-473b-abe3-2d17e33bcdd3.png:Zone.Identifier | data/lseg/raw/90_INTERMEDIATE/SCREENSHOTS/chart_100049390.embedded.png:Zone.Identifier | data/lseg/raw/90_INTERMEDIATE/SCREENSHOTS/chart_100127248.embedded.png:Zone.Identifier | data/lseg/raw/90_INTERMEDIATE/SCREENSHOTS/crop_che.png:Zone.Identifier | data/lseg/raw/90_INTERMEDIATE/SCREENSHOTS/de1ee218-60dc-4b11-b243-1f352c398785.png:Zone.Identifier | data/lseg/raw/99_UNCLASSIFIED_RETAINED/LSEG_DISCOVERY_RAW_NOTES.txt:Zone.Identifier | data/lseg/raw/99_UNCLASSIFIED_RETAINED/table_100016453.xls:Zone.Identifier | data/lseg/raw/CH_DA_RAW.xlsx:Zone.Identifier | data/lseg/raw/DE_DA_RAW.xlsx:Zone.Identifier | data/lseg/raw/EDF_NUCLEAR_OUTAGE_REVISIONS_PIT.csv:Zone.Identifier | data/lseg/raw/EDF_NUCLEAR_PIT_DAILY_2021_2026.csv:Zone.Identifier | data/lseg/raw/FR_15M_RAW.xlsx:Zone.Identifier | data/lseg/raw/FR_DA_RAW_COMBINED.xlsx:Zone.Identifier | data/lseg/raw/Historique des indispo des moyens de production - depuis 2015 - 07092026-full.csv:Zone.Identifier | data/lseg/raw/IT_DA_RAW (1).xlsx:Zone.Identifier | data/lseg/raw/IT_DA_RAW.xlsx:Zone.Identifier | data/lseg/raw/IT_DEMAND_15M_ALL_ZONES_TEMPLATE.xlsx:Zone.Identifier | data/lseg/raw/IT_DEMAND_15M_NORTH.xlsx:Zone.Identifier | data/lseg/raw/IT_DEMAND_HOURLY.xlsx:Zone.Identifier | data/lseg/raw/publications-transparence-et-remit-liste-des-messages-edf-sa.csv:Zone.Identifier,Windows download-origin sidecar; excluded from data analysis.
data/lseg/raw/00_START_HERE/MISSING_CH_DE_RICS.csv,MISSING_CH_DE_RICS.csv,csv,other,unclassified,unclassified,UNKNOWN,Not applicable/non-tabular or not safely extractable,Not applicable or not declared,Not safely extractable,Not determined from file metadata,Not determined,Not determinable,Not safely extractable,Not safely extractable,Not safely extractable,15179,Not applicable/non-tabular,UNKNOWN,UNKNOWN,,,No reliable semantic mapping inferred.
data/lseg/raw/00_START_HERE/MISSING_CH_DE_RICS.csv:Zone.Identifier,MISSING_CH_DE_RICS.csv:Zone.Identifier,identifier,metadata_sidecar,ancillary file metadata,Zone.Identifier,UNKNOWN,Not applicable/non-tabular or not safely extractable,Not applicable or not declared,Not safely extractable,Not determined from file metadata,Not determined,Not determinable,Not safely extractable,Not safely extractable,Not safely extractable,25,Not applicable/non-tabular,UNKNOWN,None,,data/lseg/raw/00_START_HERE/ANONYMOUS_XLS_MAPPING.md:Zone.Identifier | data/lseg/raw/00_START_HERE/DATA_CATALOG.csv:Zone.Identifier | data/lseg/raw/00_START_HERE/EXTRACTION_STATUS_AND_GAPS.md:Zone.Identifier | data/lseg/raw/00_START_HERE/LICENSE_NOTES.md:Zone.Identifier | data/lseg/raw/00_START_HERE/MANIFEST_SHA256.csv:Zone.Identifier | data/lseg/raw/00_START_HERE/MISSING_CH_DE_RECOVERY.md:Zone.Identifier | data/lseg/raw/00_START_HERE/MISSING_CH_DE_RICS.csv:Zone.Identifier | data/lseg/raw/00_START_HERE/PROJECT_OBJECTIVE.txt:Zone.Identifier | data/lseg/raw/00_START_HERE/README_FIRST.md:Zone.Identifier | data/lseg/raw/00_START_HERE/RIC_FAMILIES.csv:Zone.Identifier | data/lseg/raw/01_CORE_HISTORICAL/FR_NUCLEAR_PIT/EDF_NUCLEAR_OUTAGE_REVISIONS_PIT.csv:Zone.Identifier | data/lseg/raw/01_CORE_HISTORICAL/FR_NUCLEAR_PIT/EDF_NUCLEAR_PIT_DAILY_2021_2026.csv:Zone.Identifier | data/lseg/raw/01_CORE_HISTORICAL/FR_NUCLEAR_PIT/EDF_NUCLEAR_PIT_SUMMARY.txt:Zone.Identifier | data/lseg/raw/01_CORE_HISTORICAL/LSEG_DEMAND/IT_DEMAND_15M_ALL_7_ZONES_2025_2026.xlsx:Zone.Identifier | data/lseg/raw/01_CORE_HISTORICAL/LSEG_DEMAND/IT_DEMAND_HOURLY_2021_2025.xlsx:Zone.Identifier | data/lseg/raw/01_CORE_HISTORICAL/LSEG_PRICES/FR_DAY_AHEAD_HOURLY_AND_15M.xlsx:Zone.Identifier | data/lseg/raw/01_CORE_HISTORICAL/LSEG_PRICES/IT_DAY_AHEAD_HOURLY_AND_15M.xlsx:Zone.Identifier | data/lseg/raw/02_SOURCE_RAW/FR_NUCLEAR/EDF_OUTAGE_HISTORY_RAW.csv:Zone.Identifier | data/lseg/raw/02_SOURCE_RAW/FR_NUCLEAR/EDF_TRANSPARENCY_REMIT_MESSAGES_RAW.csv:Zone.Identifier | data/lseg/raw/03_CURRENT_RECENT_LSEG/COST_CURVES/cost_curves_2026910_21432.xlsx:Zone.Identifier | data/lseg/raw/03_CURRENT_RECENT_LSEG/COST_CURVES/cost_curves_2026910_21543.xlsx:Zone.Identifier | data/lseg/raw/03_CURRENT_RECENT_LSEG/COST_CURVES/cost_curves_2026910_2164.xlsx:Zone.Identifier | data/lseg/raw/03_CURRENT_RECENT_LSEG/RESIDUAL_LOAD/CWE_RESIDUAL_LOAD_REPORT.pdf:Zone.Identifier | data/lseg/raw/03_CURRENT_RECENT_LSEG/RESIDUAL_LOAD/DE_RESIDUAL_LOAD_CURRENT_RECENT.xls:Zone.Identifier | data/lseg/raw/03_CURRENT_RECENT_LSEG/RESIDUAL_LOAD/DE_RESIDUAL_LOAD_REPORT.pdf:Zone.Identifier | data/lseg/raw/03_CURRENT_RECENT_LSEG/RESIDUAL_LOAD/FR_IT_RESIDUAL_LOAD_EXPORT_A.xls:Zone.Identifier | data/lseg/raw/03_CURRENT_RECENT_LSEG/RESIDUAL_LOAD/FR_IT_RESIDUAL_LOAD_EXPORT_B.xls:Zone.Identifier | data/lseg/raw/03_CURRENT_RECENT_LSEG/SUPPLY_WIND_SOLAR/GB_EMBEDDED_SOLAR_REPORT.pdf:Zone.Identifier | data/lseg/raw/03_CURRENT_RECENT_LSEG/SUPPLY_WIND_SOLAR/GB_EMBEDDED_WIND_REPORT.pdf:Zone.Identifier | data/lseg/raw/03_CURRENT_RECENT_LSEG/SUPPLY_WIND_SOLAR/SUPPLY_WIND_REPORT.pdf:Zone.Identifier | data/lseg/raw/03_CURRENT_RECENT_LSEG/WEATHER/CLOUD_COVER_CH.xls:Zone.Identifier | data/lseg/raw/03_CURRENT_RECENT_LSEG/WEATHER/CLOUD_COVER_REPORT.pdf:Zone.Identifier | data/lseg/raw/03_CURRENT_RECENT_LSEG/WEATHER/ECMWF_CLUSTER_REPORT.pdf:Zone.Identifier | data/lseg/raw/03_CURRENT_RECENT_LSEG/WEATHER/NAO_AO_REPORT.pdf:Zone.Identifier | data/lseg/raw/03_CURRENT_RECENT_LSEG/WEATHER/PRECIPITATION_ALP_AREA_REPORT.pdf:Zone.Identifier | data/lseg/raw/03_CURRENT_RECENT_LSEG/WEATHER/PRECIPITATION_CH_EFFECTIVE.xls:Zone.Identifier | data/lseg/raw/03_CURRENT_RECENT_LSEG/WEATHER/TEMPERATURE_DE_FR_AT_CH_TABLE.xls:Zone.Identifier | data/lseg/raw/03_CURRENT_RECENT_LSEG/WEATHER/TEMPERATURE_IT_CHART.xls:Zone.Identifier | data/lseg/raw/03_CURRENT_RECENT_LSEG/WEATHER/TEMPERATURE_REPORT.pdf:Zone.Identifier | data/lseg/raw/04_CROSS_BORDER_REFERENCE/01_PRICE_FLOW_GRAPH_CHE_VISIBLE.png:Zone.Identifier | data/lseg/raw/04_CROSS_BORDER_REFERENCE/02_DEU_SELECTED_CONNECTIONS.png:Zone.Identifier | data/lseg/raw/04_CROSS_BORDER_REFERENCE/03_NET_IMPORT_GRAPH.png:Zone.Identifier | data/lseg/raw/04_CROSS_BORDER_REFERENCE/04_NET_IMPORT_CHE_SELECTED_00.png:Zone.Identifier | data/lseg/raw/04_CROSS_BORDER_REFERENCE/05_NET_IMPORT_CHE_SELECTED_12.png:Zone.Identifier | data/lseg/raw/04_CROSS_BORDER_REFERENCE/06_CAPACITY_DIRECTION_1_CHE_SELECTED.png:Zone.Identifier | data/lseg/raw/04_CROSS_BORDER_REFERENCE/07_CAPACITY_DIRECTION_2_CHE_SELECTED_A.png:Zone.Identifier | data/lseg/raw/04_CROSS_BORDER_REFERENCE/08_CAPACITY_DIRECTION_2_CHE_SELECTED_B.png:Zone.Identifier | data/lseg/raw/04_CROSS_BORDER_REFERENCE/09_CAPACITY_DIRECTION_2_CHE_SELECTED_C.png:Zone.Identifier | data/lseg/raw/04_CROSS_BORDER_REFERENCE/10_SCHEDULED_EXCHANGE_NET_IMPORT_GRAPH.png:Zone.Identifier | data/lseg/raw/04_CROSS_BORDER_REFERENCE/11_SCHEDULED_EXCHANGE_CHE_SELECTED.png:Zone.Identifier | data/lseg/raw/04_CROSS_BORDER_REFERENCE/FLOWS_GRAPH_REPORT.pdf:Zone.Identifier | data/lseg/raw/05_LSEG_REFERENCE_PDFS/DEMAND_CONSUMPTION_OVERVIEW.pdf:Zone.Identifier | data/lseg/raw/90_INTERMEDIATE/LSEG_PRICE_DEMAND/FR_15M_RAW.xls.xlsx:Zone.Identifier | data/lseg/raw/90_INTERMEDIATE/LSEG_PRICE_DEMAND/FR_DA_RAW.xlsx:Zone.Identifier | data/lseg/raw/90_INTERMEDIATE/LSEG_PRICE_DEMAND/IT_DA_RAW(1).xlsx:Zone.Identifier | data/lseg/raw/90_INTERMEDIATE/LSEG_PRICE_DEMAND/IT_DA_RAW(2).xlsx:Zone.Identifier | data/lseg/raw/90_INTERMEDIATE/LSEG_PRICE_DEMAND/IT_DA_RAW(3).xlsx:Zone.Identifier | data/lseg/raw/90_INTERMEDIATE/LSEG_PRICE_DEMAND/IT_DA_RAW.xlsx:Zone.Identifier | data/lseg/raw/90_INTERMEDIATE/LSEG_PRICE_DEMAND/IT_DEMAND_15M_ALL_ZONES_TEMPLATE.xlsx:Zone.Identifier | data/lseg/raw/90_INTERMEDIATE/LSEG_PRICE_DEMAND/IT_DEMAND_15M_NORTH.xlsx:Zone.Identifier | data/lseg/raw/90_INTERMEDIATE/LSEG_PRICE_DEMAND/Mappe1(1).xlsx:Zone.Identifier | data/lseg/raw/90_INTERMEDIATE/LSEG_PRICE_DEMAND/Mappe1(2).xlsx:Zone.Identifier | data/lseg/raw/90_INTERMEDIATE/LSEG_PRICE_DEMAND/Mappe1(3).xlsx:Zone.Identifier | data/lseg/raw/90_INTERMEDIATE/LSEG_PRICE_DEMAND/Mappe1(4).xlsx:Zone.Identifier | data/lseg/raw/90_INTERMEDIATE/LSEG_PRICE_DEMAND/Mappe1(5).xlsx:Zone.Identifier | data/lseg/raw/90_INTERMEDIATE/SCREENSHOTS/0a528483-087b-4a33-a2f3-ecdd62770a3a.png:Zone.Identifier | data/lseg/raw/90_INTERMEDIATE/SCREENSHOTS/1609bf25-22b3-4c50-817b-fa945dba6bfe.png:Zone.Identifier | data/lseg/raw/90_INTERMEDIATE/SCREENSHOTS/1d02b907-f21b-48aa-bff6-9bb501bffd31.png:Zone.Identifier | data/lseg/raw/90_INTERMEDIATE/SCREENSHOTS/2bf92681-8086-451b-ad79-2cf2aaa286bf.png:Zone.Identifier | data/lseg/raw/90_INTERMEDIATE/SCREENSHOTS/5048f972-71a5-4bbb-9ebf-495783170275.png:Zone.Identifier | data/lseg/raw/90_INTERMEDIATE/SCREENSHOTS/57688dd7-cfad-46f7-9d61-7173a480ab24.png:Zone.Identifier | data/lseg/raw/90_INTERMEDIATE/SCREENSHOTS/6a48aa3a-47d9-431b-a8d4-4b421a82f395.png:Zone.Identifier | data/lseg/raw/90_INTERMEDIATE/SCREENSHOTS/6b0bf7a6-4724-4c1c-98c7-10c623883a8b.png:Zone.Identifier | data/lseg/raw/90_INTERMEDIATE/SCREENSHOTS/7cdf8489-62e1-4566-9c92-ddde781dfc41.png:Zone.Identifier | data/lseg/raw/90_INTERMEDIATE/SCREENSHOTS/839b9904-b506-4600-a582-19546fc0d0dc.png:Zone.Identifier | data/lseg/raw/90_INTERMEDIATE/SCREENSHOTS/87b02fce-0b58-4ead-b793-267dd464b8ec.png:Zone.Identifier | data/lseg/raw/90_INTERMEDIATE/SCREENSHOTS/917dfe63-9fd2-4e78-89c4-b98dcf9f033f.png:Zone.Identifier | data/lseg/raw/90_INTERMEDIATE/SCREENSHOTS/990167dc-a3d5-4b22-acec-131b4e0f87c9.png:Zone.Identifier | data/lseg/raw/90_INTERMEDIATE/SCREENSHOTS/af6db8b3-1471-4a8e-9879-1e782574016e.png:Zone.Identifier | data/lseg/raw/90_INTERMEDIATE/SCREENSHOTS/b94c25b1-cacf-496f-802b-f74a6ec3c376.png:Zone.Identifier | data/lseg/raw/90_INTERMEDIATE/SCREENSHOTS/bc276a5b-6ae8-473b-abe3-2d17e33bcdd3.png:Zone.Identifier | data/lseg/raw/90_INTERMEDIATE/SCREENSHOTS/chart_100049390.embedded.png:Zone.Identifier | data/lseg/raw/90_INTERMEDIATE/SCREENSHOTS/chart_100127248.embedded.png:Zone.Identifier | data/lseg/raw/90_INTERMEDIATE/SCREENSHOTS/crop_che.png:Zone.Identifier | data/lseg/raw/90_INTERMEDIATE/SCREENSHOTS/de1ee218-60dc-4b11-b243-1f352c398785.png:Zone.Identifier | data/lseg/raw/99_UNCLASSIFIED_RETAINED/LSEG_DISCOVERY_RAW_NOTES.txt:Zone.Identifier | data/lseg/raw/99_UNCLASSIFIED_RETAINED/table_100016453.xls:Zone.Identifier | data/lseg/raw/CH_DA_RAW.xlsx:Zone.Identifier | data/lseg/raw/DE_DA_RAW.xlsx:Zone.Identifier | data/lseg/raw/EDF_NUCLEAR_OUTAGE_REVISIONS_PIT.csv:Zone.Identifier | data/lseg/raw/EDF_NUCLEAR_PIT_DAILY_2021_2026.csv:Zone.Identifier | data/lseg/raw/FR_15M_RAW.xlsx:Zone.Identifier | data/lseg/raw/FR_DA_RAW_COMBINED.xlsx:Zone.Identifier | data/lseg/raw/Historique des indispo des moyens de production - depuis 2015 - 07092026-full.csv:Zone.Identifier | data/lseg/raw/IT_DA_RAW (1).xlsx:Zone.Identifier | data/lseg/raw/IT_DA_RAW.xlsx:Zone.Identifier | data/lseg/raw/IT_DEMAND_15M_ALL_ZONES_TEMPLATE.xlsx:Zone.Identifier | data/lseg/raw/IT_DEMAND_15M_NORTH.xlsx:Zone.Identifier | data/lseg/raw/IT_DEMAND_HOURLY.xlsx:Zone.Identifier | data/lseg/raw/publications-transparence-et-remit-liste-des-messages-edf-sa.csv:Zone.Identifier,Windows download-origin sidecar; excluded from data analysis.
data/lseg/raw/00_START_HERE/PROJECT_OBJECTIVE.txt,PROJECT_OBJECTIVE.txt,txt,other,unclassified,unclassified,UNKNOWN,Not applicable/non-tabular or not safely extractable,Not applicable or not declared,Not safely extractable,Not determined from file metadata,Not determined,Not determinable,Not safely extractable,Not safely extractable,Not safely extractable,930,Not applicable/non-tabular,UNKNOWN,UNKNOWN,,,No reliable semantic mapping inferred.
data/lseg/raw/00_START_HERE/PROJECT_OBJECTIVE.txt:Zone.Identifier,PROJECT_OBJECTIVE.txt:Zone.Identifier,identifier,metadata_sidecar,ancillary file metadata,Zone.Identifier,UNKNOWN,Not applicable/non-tabular or not safely extractable,Not applicable or not declared,Not safely extractable,Not determined from file metadata,Not determined,Not determinable,Not safely extractable,Not safely extractable,Not safely extractable,25,Not applicable/non-tabular,UNKNOWN,None,,data/lseg/raw/00_START_HERE/ANONYMOUS_XLS_MAPPING.md:Zone.Identifier | data/lseg/raw/00_START_HERE/DATA_CATALOG.csv:Zone.Identifier | data/lseg/raw/00_START_HERE/EXTRACTION_STATUS_AND_GAPS.md:Zone.Identifier | data/lseg/raw/00_START_HERE/LICENSE_NOTES.md:Zone.Identifier | data/lseg/raw/00_START_HERE/MANIFEST_SHA256.csv:Zone.Identifier | data/lseg/raw/00_START_HERE/MISSING_CH_DE_RECOVERY.md:Zone.Identifier | data/lseg/raw/00_START_HERE/MISSING_CH_DE_RICS.csv:Zone.Identifier | data/lseg/raw/00_START_HERE/PROJECT_OBJECTIVE.txt:Zone.Identifier | data/lseg/raw/00_START_HERE/README_FIRST.md:Zone.Identifier | data/lseg/raw/00_START_HERE/RIC_FAMILIES.csv:Zone.Identifier | data/lseg/raw/01_CORE_HISTORICAL/FR_NUCLEAR_PIT/EDF_NUCLEAR_OUTAGE_REVISIONS_PIT.csv:Zone.Identifier | data/lseg/raw/01_CORE_HISTORICAL/FR_NUCLEAR_PIT/EDF_NUCLEAR_PIT_DAILY_2021_2026.csv:Zone.Identifier | data/lseg/raw/01_CORE_HISTORICAL/FR_NUCLEAR_PIT/EDF_NUCLEAR_PIT_SUMMARY.txt:Zone.Identifier | data/lseg/raw/01_CORE_HISTORICAL/LSEG_DEMAND/IT_DEMAND_15M_ALL_7_ZONES_2025_2026.xlsx:Zone.Identifier | data/lseg/raw/01_CORE_HISTORICAL/LSEG_DEMAND/IT_DEMAND_HOURLY_2021_2025.xlsx:Zone.Identifier | data/lseg/raw/01_CORE_HISTORICAL/LSEG_PRICES/FR_DAY_AHEAD_HOURLY_AND_15M.xlsx:Zone.Identifier | data/lseg/raw/01_CORE_HISTORICAL/LSEG_PRICES/IT_DAY_AHEAD_HOURLY_AND_15M.xlsx:Zone.Identifier | data/lseg/raw/02_SOURCE_RAW/FR_NUCLEAR/EDF_OUTAGE_HISTORY_RAW.csv:Zone.Identifier | data/lseg/raw/02_SOURCE_RAW/FR_NUCLEAR/EDF_TRANSPARENCY_REMIT_MESSAGES_RAW.csv:Zone.Identifier | data/lseg/raw/03_CURRENT_RECENT_LSEG/COST_CURVES/cost_curves_2026910_21432.xlsx:Zone.Identifier | data/lseg/raw/03_CURRENT_RECENT_LSEG/COST_CURVES/cost_curves_2026910_21543.xlsx:Zone.Identifier | data/lseg/raw/03_CURRENT_RECENT_LSEG/COST_CURVES/cost_curves_2026910_2164.xlsx:Zone.Identifier | data/lseg/raw/03_CURRENT_RECENT_LSEG/RESIDUAL_LOAD/CWE_RESIDUAL_LOAD_REPORT.pdf:Zone.Identifier | data/lseg/raw/03_CURRENT_RECENT_LSEG/RESIDUAL_LOAD/DE_RESIDUAL_LOAD_CURRENT_RECENT.xls:Zone.Identifier | data/lseg/raw/03_CURRENT_RECENT_LSEG/RESIDUAL_LOAD/DE_RESIDUAL_LOAD_REPORT.pdf:Zone.Identifier | data/lseg/raw/03_CURRENT_RECENT_LSEG/RESIDUAL_LOAD/FR_IT_RESIDUAL_LOAD_EXPORT_A.xls:Zone.Identifier | data/lseg/raw/03_CURRENT_RECENT_LSEG/RESIDUAL_LOAD/FR_IT_RESIDUAL_LOAD_EXPORT_B.xls:Zone.Identifier | data/lseg/raw/03_CURRENT_RECENT_LSEG/SUPPLY_WIND_SOLAR/GB_EMBEDDED_SOLAR_REPORT.pdf:Zone.Identifier | data/lseg/raw/03_CURRENT_RECENT_LSEG/SUPPLY_WIND_SOLAR/GB_EMBEDDED_WIND_REPORT.pdf:Zone.Identifier | data/lseg/raw/03_CURRENT_RECENT_LSEG/SUPPLY_WIND_SOLAR/SUPPLY_WIND_REPORT.pdf:Zone.Identifier | data/lseg/raw/03_CURRENT_RECENT_LSEG/WEATHER/CLOUD_COVER_CH.xls:Zone.Identifier | data/lseg/raw/03_CURRENT_RECENT_LSEG/WEATHER/CLOUD_COVER_REPORT.pdf:Zone.Identifier | data/lseg/raw/03_CURRENT_RECENT_LSEG/WEATHER/ECMWF_CLUSTER_REPORT.pdf:Zone.Identifier | data/lseg/raw/03_CURRENT_RECENT_LSEG/WEATHER/NAO_AO_REPORT.pdf:Zone.Identifier | data/lseg/raw/03_CURRENT_RECENT_LSEG/WEATHER/PRECIPITATION_ALP_AREA_REPORT.pdf:Zone.Identifier | data/lseg/raw/03_CURRENT_RECENT_LSEG/WEATHER/PRECIPITATION_CH_EFFECTIVE.xls:Zone.Identifier | data/lseg/raw/03_CURRENT_RECENT_LSEG/WEATHER/TEMPERATURE_DE_FR_AT_CH_TABLE.xls:Zone.Identifier | data/lseg/raw/03_CURRENT_RECENT_LSEG/WEATHER/TEMPERATURE_IT_CHART.xls:Zone.Identifier | data/lseg/raw/03_CURRENT_RECENT_LSEG/WEATHER/TEMPERATURE_REPORT.pdf:Zone.Identifier | data/lseg/raw/04_CROSS_BORDER_REFERENCE/01_PRICE_FLOW_GRAPH_CHE_VISIBLE.png:Zone.Identifier | data/lseg/raw/04_CROSS_BORDER_REFERENCE/02_DEU_SELECTED_CONNECTIONS.png:Zone.Identifier | data/lseg/raw/04_CROSS_BORDER_REFERENCE/03_NET_IMPORT_GRAPH.png:Zone.Identifier | data/lseg/raw/04_CROSS_BORDER_REFERENCE/04_NET_IMPORT_CHE_SELECTED_00.png:Zone.Identifier | data/lseg/raw/04_CROSS_BORDER_REFERENCE/05_NET_IMPORT_CHE_SELECTED_12.png:Zone.Identifier | data/lseg/raw/04_CROSS_BORDER_REFERENCE/06_CAPACITY_DIRECTION_1_CHE_SELECTED.png:Zone.Identifier | data/lseg/raw/04_CROSS_BORDER_REFERENCE/07_CAPACITY_DIRECTION_2_CHE_SELECTED_A.png:Zone.Identifier | data/lseg/raw/04_CROSS_BORDER_REFERENCE/08_CAPACITY_DIRECTION_2_CHE_SELECTED_B.png:Zone.Identifier | data/lseg/raw/04_CROSS_BORDER_REFERENCE/09_CAPACITY_DIRECTION_2_CHE_SELECTED_C.png:Zone.Identifier | data/lseg/raw/04_CROSS_BORDER_REFERENCE/10_SCHEDULED_EXCHANGE_NET_IMPORT_GRAPH.png:Zone.Identifier | data/lseg/raw/04_CROSS_BORDER_REFERENCE/11_SCHEDULED_EXCHANGE_CHE_SELECTED.png:Zone.Identifier | data/lseg/raw/04_CROSS_BORDER_REFERENCE/FLOWS_GRAPH_REPORT.pdf:Zone.Identifier | data/lseg/raw/05_LSEG_REFERENCE_PDFS/DEMAND_CONSUMPTION_OVERVIEW.pdf:Zone.Identifier | data/lseg/raw/90_INTERMEDIATE/LSEG_PRICE_DEMAND/FR_15M_RAW.xls.xlsx:Zone.Identifier | data/lseg/raw/90_INTERMEDIATE/LSEG_PRICE_DEMAND/FR_DA_RAW.xlsx:Zone.Identifier | data/lseg/raw/90_INTERMEDIATE/LSEG_PRICE_DEMAND/IT_DA_RAW(1).xlsx:Zone.Identifier | data/lseg/raw/90_INTERMEDIATE/LSEG_PRICE_DEMAND/IT_DA_RAW(2).xlsx:Zone.Identifier | data/lseg/raw/90_INTERMEDIATE/LSEG_PRICE_DEMAND/IT_DA_RAW(3).xlsx:Zone.Identifier | data/lseg/raw/90_INTERMEDIATE/LSEG_PRICE_DEMAND/IT_DA_RAW.xlsx:Zone.Identifier | data/lseg/raw/90_INTERMEDIATE/LSEG_PRICE_DEMAND/IT_DEMAND_15M_ALL_ZONES_TEMPLATE.xlsx:Zone.Identifier | data/lseg/raw/90_INTERMEDIATE/LSEG_PRICE_DEMAND/IT_DEMAND_15M_NORTH.xlsx:Zone.Identifier | data/lseg/raw/90_INTERMEDIATE/LSEG_PRICE_DEMAND/Mappe1(1).xlsx:Zone.Identifier | data/lseg/raw/90_INTERMEDIATE/LSEG_PRICE_DEMAND/Mappe1(2).xlsx:Zone.Identifier | data/lseg/raw/90_INTERMEDIATE/LSEG_PRICE_DEMAND/Mappe1(3).xlsx:Zone.Identifier | data/lseg/raw/90_INTERMEDIATE/LSEG_PRICE_DEMAND/Mappe1(4).xlsx:Zone.Identifier | data/lseg/raw/90_INTERMEDIATE/LSEG_PRICE_DEMAND/Mappe1(5).xlsx:Zone.Identifier | data/lseg/raw/90_INTERMEDIATE/SCREENSHOTS/0a528483-087b-4a33-a2f3-ecdd62770a3a.png:Zone.Identifier | data/lseg/raw/90_INTERMEDIATE/SCREENSHOTS/1609bf25-22b3-4c50-817b-fa945dba6bfe.png:Zone.Identifier | data/lseg/raw/90_INTERMEDIATE/SCREENSHOTS/1d02b907-f21b-48aa-bff6-9bb501bffd31.png:Zone.Identifier | data/lseg/raw/90_INTERMEDIATE/SCREENSHOTS/2bf92681-8086-451b-ad79-2cf2aaa286bf.png:Zone.Identifier | data/lseg/raw/90_INTERMEDIATE/SCREENSHOTS/5048f972-71a5-4bbb-9ebf-495783170275.png:Zone.Identifier | data/lseg/raw/90_INTERMEDIATE/SCREENSHOTS/57688dd7-cfad-46f7-9d61-7173a480ab24.png:Zone.Identifier | data/lseg/raw/90_INTERMEDIATE/SCREENSHOTS/6a48aa3a-47d9-431b-a8d4-4b421a82f395.png:Zone.Identifier | data/lseg/raw/90_INTERMEDIATE/SCREENSHOTS/6b0bf7a6-4724-4c1c-98c7-10c623883a8b.png:Zone.Identifier | data/lseg/raw/90_INTERMEDIATE/SCREENSHOTS/7cdf8489-62e1-4566-9c92-ddde781dfc41.png:Zone.Identifier | data/lseg/raw/90_INTERMEDIATE/SCREENSHOTS/839b9904-b506-4600-a582-19546fc0d0dc.png:Zone.Identifier | data/lseg/raw/90_INTERMEDIATE/SCREENSHOTS/87b02fce-0b58-4ead-b793-267dd464b8ec.png:Zone.Identifier | data/lseg/raw/90_INTERMEDIATE/SCREENSHOTS/917dfe63-9fd2-4e78-89c4-b98dcf9f033f.png:Zone.Identifier | data/lseg/raw/90_INTERMEDIATE/SCREENSHOTS/990167dc-a3d5-4b22-acec-131b4e0f87c9.png:Zone.Identifier | data/lseg/raw/90_INTERMEDIATE/SCREENSHOTS/af6db8b3-1471-4a8e-9879-1e782574016e.png:Zone.Identifier | data/lseg/raw/90_INTERMEDIATE/SCREENSHOTS/b94c25b1-cacf-496f-802b-f74a6ec3c376.png:Zone.Identifier | data/lseg/raw/90_INTERMEDIATE/SCREENSHOTS/bc276a5b-6ae8-473b-abe3-2d17e33bcdd3.png:Zone.Identifier | data/lseg/raw/90_INTERMEDIATE/SCREENSHOTS/chart_100049390.embedded.png:Zone.Identifier | data/lseg/raw/90_INTERMEDIATE/SCREENSHOTS/chart_100127248.embedded.png:Zone.Identifier | data/lseg/raw/90_INTERMEDIATE/SCREENSHOTS/crop_che.png:Zone.Identifier | data/lseg/raw/90_INTERMEDIATE/SCREENSHOTS/de1ee218-60dc-4b11-b243-1f352c398785.png:Zone.Identifier | data/lseg/raw/99_UNCLASSIFIED_RETAINED/LSEG_DISCOVERY_RAW_NOTES.txt:Zone.Identifier | data/lseg/raw/99_UNCLASSIFIED_RETAINED/table_100016453.xls:Zone.Identifier | data/lseg/raw/CH_DA_RAW.xlsx:Zone.Identifier | data/lseg/raw/DE_DA_RAW.xlsx:Zone.Identifier | data/lseg/raw/EDF_NUCLEAR_OUTAGE_REVISIONS_PIT.csv:Zone.Identifier | data/lseg/raw/EDF_NUCLEAR_PIT_DAILY_2021_2026.csv:Zone.Identifier | data/lseg/raw/FR_15M_RAW.xlsx:Zone.Identifier | data/lseg/raw/FR_DA_RAW_COMBINED.xlsx:Zone.Identifier | data/lseg/raw/Historique des indispo des moyens de production - depuis 2015 - 07092026-full.csv:Zone.Identifier | data/lseg/raw/IT_DA_RAW (1).xlsx:Zone.Identifier | data/lseg/raw/IT_DA_RAW.xlsx:Zone.Identifier | data/lseg/raw/IT_DEMAND_15M_ALL_ZONES_TEMPLATE.xlsx:Zone.Identifier | data/lseg/raw/IT_DEMAND_15M_NORTH.xlsx:Zone.Identifier | data/lseg/raw/IT_DEMAND_HOURLY.xlsx:Zone.Identifier | data/lseg/raw/publications-transparence-et-remit-liste-des-messages-edf-sa.csv:Zone.Identifier,Windows download-origin sidecar; excluded from data analysis.
data/lseg/raw/00_START_HERE/README_FIRST.md,README_FIRST.md,md,other,unclassified,unclassified,UNKNOWN,Not applicable/non-tabular or not safely extractable,Not applicable or not declared,Not safely extractable,Not determined from file metadata,Not determined,Not determinable,Not safely extractable,Not safely extractable,Not safely extractable,4723,Not applicable/non-tabular,UNKNOWN,UNKNOWN,,,No reliable semantic mapping inferred.
data/lseg/raw/00_START_HERE/README_FIRST.md:Zone.Identifier,README_FIRST.md:Zone.Identifier,identifier,metadata_sidecar,ancillary file metadata,Zone.Identifier,UNKNOWN,Not applicable/non-tabular or not safely extractable,Not applicable or not declared,Not safely extractable,Not determined from file metadata,Not determined,Not determinable,Not safely extractable,Not safely extractable,Not safely extractable,25,Not applicable/non-tabular,UNKNOWN,None,,data/lseg/raw/00_START_HERE/ANONYMOUS_XLS_MAPPING.md:Zone.Identifier | data/lseg/raw/00_START_HERE/DATA_CATALOG.csv:Zone.Identifier | data/lseg/raw/00_START_HERE/EXTRACTION_STATUS_AND_GAPS.md:Zone.Identifier | data/lseg/raw/00_START_HERE/LICENSE_NOTES.md:Zone.Identifier | data/lseg/raw/00_START_HERE/MANIFEST_SHA256.csv:Zone.Identifier | data/lseg/raw/00_START_HERE/MISSING_CH_DE_RECOVERY.md:Zone.Identifier | data/lseg/raw/00_START_HERE/MISSING_CH_DE_RICS.csv:Zone.Identifier | data/lseg/raw/00_START_HERE/PROJECT_OBJECTIVE.txt:Zone.Identifier | data/lseg/raw/00_START_HERE/README_FIRST.md:Zone.Identifier | data/lseg/raw/00_START_HERE/RIC_FAMILIES.csv:Zone.Identifier | data/lseg/raw/01_CORE_HISTORICAL/FR_NUCLEAR_PIT/EDF_NUCLEAR_OUTAGE_REVISIONS_PIT.csv:Zone.Identifier | data/lseg/raw/01_CORE_HISTORICAL/FR_NUCLEAR_PIT/EDF_NUCLEAR_PIT_DAILY_2021_2026.csv:Zone.Identifier | data/lseg/raw/01_CORE_HISTORICAL/FR_NUCLEAR_PIT/EDF_NUCLEAR_PIT_SUMMARY.txt:Zone.Identifier | data/lseg/raw/01_CORE_HISTORICAL/LSEG_DEMAND/IT_DEMAND_15M_ALL_7_ZONES_2025_2026.xlsx:Zone.Identifier | data/lseg/raw/01_CORE_HISTORICAL/LSEG_DEMAND/IT_DEMAND_HOURLY_2021_2025.xlsx:Zone.Identifier | data/lseg/raw/01_CORE_HISTORICAL/LSEG_PRICES/FR_DAY_AHEAD_HOURLY_AND_15M.xlsx:Zone.Identifier | data/lseg/raw/01_CORE_HISTORICAL/LSEG_PRICES/IT_DAY_AHEAD_HOURLY_AND_15M.xlsx:Zone.Identifier | data/lseg/raw/02_SOURCE_RAW/FR_NUCLEAR/EDF_OUTAGE_HISTORY_RAW.csv:Zone.Identifier | data/lseg/raw/02_SOURCE_RAW/FR_NUCLEAR/EDF_TRANSPARENCY_REMIT_MESSAGES_RAW.csv:Zone.Identifier | data/lseg/raw/03_CURRENT_RECENT_LSEG/COST_CURVES/cost_curves_2026910_21432.xlsx:Zone.Identifier | data/lseg/raw/03_CURRENT_RECENT_LSEG/COST_CURVES/cost_curves_2026910_21543.xlsx:Zone.Identifier | data/lseg/raw/03_CURRENT_RECENT_LSEG/COST_CURVES/cost_curves_2026910_2164.xlsx:Zone.Identifier | data/lseg/raw/03_CURRENT_RECENT_LSEG/RESIDUAL_LOAD/CWE_RESIDUAL_LOAD_REPORT.pdf:Zone.Identifier | data/lseg/raw/03_CURRENT_RECENT_LSEG/RESIDUAL_LOAD/DE_RESIDUAL_LOAD_CURRENT_RECENT.xls:Zone.Identifier | data/lseg/raw/03_CURRENT_RECENT_LSEG/RESIDUAL_LOAD/DE_RESIDUAL_LOAD_REPORT.pdf:Zone.Identifier | data/lseg/raw/03_CURRENT_RECENT_LSEG/RESIDUAL_LOAD/FR_IT_RESIDUAL_LOAD_EXPORT_A.xls:Zone.Identifier | data/lseg/raw/03_CURRENT_RECENT_LSEG/RESIDUAL_LOAD/FR_IT_RESIDUAL_LOAD_EXPORT_B.xls:Zone.Identifier | data/lseg/raw/03_CURRENT_RECENT_LSEG/SUPPLY_WIND_SOLAR/GB_EMBEDDED_SOLAR_REPORT.pdf:Zone.Identifier | data/lseg/raw/03_CURRENT_RECENT_LSEG/SUPPLY_WIND_SOLAR/GB_EMBEDDED_WIND_REPORT.pdf:Zone.Identifier | data/lseg/raw/03_CURRENT_RECENT_LSEG/SUPPLY_WIND_SOLAR/SUPPLY_WIND_REPORT.pdf:Zone.Identifier | data/lseg/raw/03_CURRENT_RECENT_LSEG/WEATHER/CLOUD_COVER_CH.xls:Zone.Identifier | data/lseg/raw/03_CURRENT_RECENT_LSEG/WEATHER/CLOUD_COVER_REPORT.pdf:Zone.Identifier | data/lseg/raw/03_CURRENT_RECENT_LSEG/WEATHER/ECMWF_CLUSTER_REPORT.pdf:Zone.Identifier | data/lseg/raw/03_CURRENT_RECENT_LSEG/WEATHER/NAO_AO_REPORT.pdf:Zone.Identifier | data/lseg/raw/03_CURRENT_RECENT_LSEG/WEATHER/PRECIPITATION_ALP_AREA_REPORT.pdf:Zone.Identifier | data/lseg/raw/03_CURRENT_RECENT_LSEG/WEATHER/PRECIPITATION_CH_EFFECTIVE.xls:Zone.Identifier | data/lseg/raw/03_CURRENT_RECENT_LSEG/WEATHER/TEMPERATURE_DE_FR_AT_CH_TABLE.xls:Zone.Identifier | data/lseg/raw/03_CURRENT_RECENT_LSEG/WEATHER/TEMPERATURE_IT_CHART.xls:Zone.Identifier | data/lseg/raw/03_CURRENT_RECENT_LSEG/WEATHER/TEMPERATURE_REPORT.pdf:Zone.Identifier | data/lseg/raw/04_CROSS_BORDER_REFERENCE/01_PRICE_FLOW_GRAPH_CHE_VISIBLE.png:Zone.Identifier | data/lseg/raw/04_CROSS_BORDER_REFERENCE/02_DEU_SELECTED_CONNECTIONS.png:Zone.Identifier | data/lseg/raw/04_CROSS_BORDER_REFERENCE/03_NET_IMPORT_GRAPH.png:Zone.Identifier | data/lseg/raw/04_CROSS_BORDER_REFERENCE/04_NET_IMPORT_CHE_SELECTED_00.png:Zone.Identifier | data/lseg/raw/04_CROSS_BORDER_REFERENCE/05_NET_IMPORT_CHE_SELECTED_12.png:Zone.Identifier | data/lseg/raw/04_CROSS_BORDER_REFERENCE/06_CAPACITY_DIRECTION_1_CHE_SELECTED.png:Zone.Identifier | data/lseg/raw/04_CROSS_BORDER_REFERENCE/07_CAPACITY_DIRECTION_2_CHE_SELECTED_A.png:Zone.Identifier | data/lseg/raw/04_CROSS_BORDER_REFERENCE/08_CAPACITY_DIRECTION_2_CHE_SELECTED_B.png:Zone.Identifier | data/lseg/raw/04_CROSS_BORDER_REFERENCE/09_CAPACITY_DIRECTION_2_CHE_SELECTED_C.png:Zone.Identifier | data/lseg/raw/04_CROSS_BORDER_REFERENCE/10_SCHEDULED_EXCHANGE_NET_IMPORT_GRAPH.png:Zone.Identifier | data/lseg/raw/04_CROSS_BORDER_REFERENCE/11_SCHEDULED_EXCHANGE_CHE_SELECTED.png:Zone.Identifier | data/lseg/raw/04_CROSS_BORDER_REFERENCE/FLOWS_GRAPH_REPORT.pdf:Zone.Identifier | data/lseg/raw/05_LSEG_REFERENCE_PDFS/DEMAND_CONSUMPTION_OVERVIEW.pdf:Zone.Identifier | data/lseg/raw/90_INTERMEDIATE/LSEG_PRICE_DEMAND/FR_15M_RAW.xls.xlsx:Zone.Identifier | data/lseg/raw/90_INTERMEDIATE/LSEG_PRICE_DEMAND/FR_DA_RAW.xlsx:Zone.Identifier | data/lseg/raw/90_INTERMEDIATE/LSEG_PRICE_DEMAND/IT_DA_RAW(1).xlsx:Zone.Identifier | data/lseg/raw/90_INTERMEDIATE/LSEG_PRICE_DEMAND/IT_DA_RAW(2).xlsx:Zone.Identifier | data/lseg/raw/90_INTERMEDIATE/LSEG_PRICE_DEMAND/IT_DA_RAW(3).xlsx:Zone.Identifier | data/lseg/raw/90_INTERMEDIATE/LSEG_PRICE_DEMAND/IT_DA_RAW.xlsx:Zone.Identifier | data/lseg/raw/90_INTERMEDIATE/LSEG_PRICE_DEMAND/IT_DEMAND_15M_ALL_ZONES_TEMPLATE.xlsx:Zone.Identifier | data/lseg/raw/90_INTERMEDIATE/LSEG_PRICE_DEMAND/IT_DEMAND_15M_NORTH.xlsx:Zone.Identifier | data/lseg/raw/90_INTERMEDIATE/LSEG_PRICE_DEMAND/Mappe1(1).xlsx:Zone.Identifier | data/lseg/raw/90_INTERMEDIATE/LSEG_PRICE_DEMAND/Mappe1(2).xlsx:Zone.Identifier | data/lseg/raw/90_INTERMEDIATE/LSEG_PRICE_DEMAND/Mappe1(3).xlsx:Zone.Identifier | data/lseg/raw/90_INTERMEDIATE/LSEG_PRICE_DEMAND/Mappe1(4).xlsx:Zone.Identifier | data/lseg/raw/90_INTERMEDIATE/LSEG_PRICE_DEMAND/Mappe1(5).xlsx:Zone.Identifier | data/lseg/raw/90_INTERMEDIATE/SCREENSHOTS/0a528483-087b-4a33-a2f3-ecdd62770a3a.png:Zone.Identifier | data/lseg/raw/90_INTERMEDIATE/SCREENSHOTS/1609bf25-22b3-4c50-817b-fa945dba6bfe.png:Zone.Identifier | data/lseg/raw/90_INTERMEDIATE/SCREENSHOTS/1d02b907-f21b-48aa-bff6-9bb501bffd31.png:Zone.Identifier | data/lseg/raw/90_INTERMEDIATE/SCREENSHOTS/2bf92681-8086-451b-ad79-2cf2aaa286bf.png:Zone.Identifier | data/lseg/raw/90_INTERMEDIATE/SCREENSHOTS/5048f972-71a5-4bbb-9ebf-495783170275.png:Zone.Identifier | data/lseg/raw/90_INTERMEDIATE/SCREENSHOTS/57688dd7-cfad-46f7-9d61-7173a480ab24.png:Zone.Identifier | data/lseg/raw/90_INTERMEDIATE/SCREENSHOTS/6a48aa3a-47d9-431b-a8d4-4b421a82f395.png:Zone.Identifier | data/lseg/raw/90_INTERMEDIATE/SCREENSHOTS/6b0bf7a6-4724-4c1c-98c7-10c623883a8b.png:Zone.Identifier | data/lseg/raw/90_INTERMEDIATE/SCREENSHOTS/7cdf8489-62e1-4566-9c92-ddde781dfc41.png:Zone.Identifier | data/lseg/raw/90_INTERMEDIATE/SCREENSHOTS/839b9904-b506-4600-a582-19546fc0d0dc.png:Zone.Identifier | data/lseg/raw/90_INTERMEDIATE/SCREENSHOTS/87b02fce-0b58-4ead-b793-267dd464b8ec.png:Zone.Identifier | data/lseg/raw/90_INTERMEDIATE/SCREENSHOTS/917dfe63-9fd2-4e78-89c4-b98dcf9f033f.png:Zone.Identifier | data/lseg/raw/90_INTERMEDIATE/SCREENSHOTS/990167dc-a3d5-4b22-acec-131b4e0f87c9.png:Zone.Identifier | data/lseg/raw/90_INTERMEDIATE/SCREENSHOTS/af6db8b3-1471-4a8e-9879-1e782574016e.png:Zone.Identifier | data/lseg/raw/90_INTERMEDIATE/SCREENSHOTS/b94c25b1-cacf-496f-802b-f74a6ec3c376.png:Zone.Identifier | data/lseg/raw/90_INTERMEDIATE/SCREENSHOTS/bc276a5b-6ae8-473b-abe3-2d17e33bcdd3.png:Zone.Identifier | data/lseg/raw/90_INTERMEDIATE/SCREENSHOTS/chart_100049390.embedded.png:Zone.Identifier | data/lseg/raw/90_INTERMEDIATE/SCREENSHOTS/chart_100127248.embedded.png:Zone.Identifier | data/lseg/raw/90_INTERMEDIATE/SCREENSHOTS/crop_che.png:Zone.Identifier | data/lseg/raw/90_INTERMEDIATE/SCREENSHOTS/de1ee218-60dc-4b11-b243-1f352c398785.png:Zone.Identifier | data/lseg/raw/99_UNCLASSIFIED_RETAINED/LSEG_DISCOVERY_RAW_NOTES.txt:Zone.Identifier | data/lseg/raw/99_UNCLASSIFIED_RETAINED/table_100016453.xls:Zone.Identifier | data/lseg/raw/CH_DA_RAW.xlsx:Zone.Identifier | data/lseg/raw/DE_DA_RAW.xlsx:Zone.Identifier | data/lseg/raw/EDF_NUCLEAR_OUTAGE_REVISIONS_PIT.csv:Zone.Identifier | data/lseg/raw/EDF_NUCLEAR_PIT_DAILY_2021_2026.csv:Zone.Identifier | data/lseg/raw/FR_15M_RAW.xlsx:Zone.Identifier | data/lseg/raw/FR_DA_RAW_COMBINED.xlsx:Zone.Identifier | data/lseg/raw/Historique des indispo des moyens de production - depuis 2015 - 07092026-full.csv:Zone.Identifier | data/lseg/raw/IT_DA_RAW (1).xlsx:Zone.Identifier | data/lseg/raw/IT_DA_RAW.xlsx:Zone.Identifier | data/lseg/raw/IT_DEMAND_15M_ALL_ZONES_TEMPLATE.xlsx:Zone.Identifier | data/lseg/raw/IT_DEMAND_15M_NORTH.xlsx:Zone.Identifier | data/lseg/raw/IT_DEMAND_HOURLY.xlsx:Zone.Identifier | data/lseg/raw/publications-transparence-et-remit-liste-des-messages-edf-sa.csv:Zone.Identifier,Windows download-origin sidecar; excluded from data analysis.
data/lseg/raw/00_START_HERE/RIC_FAMILIES.csv,RIC_FAMILIES.csv,csv,other,unclassified,unclassified,UNKNOWN,Not applicable/non-tabular or not safely extractable,Not applicable or not declared,Not safely extractable,Not determined from file metadata,Not determined,Not determinable,Not safely extractable,Not safely extractable,Not safely extractable,2290,Not applicable/non-tabular,UNKNOWN,UNKNOWN,,,No reliable semantic mapping inferred.
data/lseg/raw/00_START_HERE/RIC_FAMILIES.csv:Zone.Identifier,RIC_FAMILIES.csv:Zone.Identifier,identifier,metadata_sidecar,ancillary file metadata,Zone.Identifier,UNKNOWN,Not applicable/non-tabular or not safely extractable,Not applicable or not declared,Not safely extractable,Not determined from file metadata,Not determined,Not determinable,Not safely extractable,Not safely extractable,Not safely extractable,25,Not applicable/non-tabular,UNKNOWN,None,,data/lseg/raw/00_START_HERE/ANONYMOUS_XLS_MAPPING.md:Zone.Identifier | data/lseg/raw/00_START_HERE/DATA_CATALOG.csv:Zone.Identifier | data/lseg/raw/00_START_HERE/EXTRACTION_STATUS_AND_GAPS.md:Zone.Identifier | data/lseg/raw/00_START_HERE/LICENSE_NOTES.md:Zone.Identifier | data/lseg/raw/00_START_HERE/MANIFEST_SHA256.csv:Zone.Identifier | data/lseg/raw/00_START_HERE/MISSING_CH_DE_RECOVERY.md:Zone.Identifier | data/lseg/raw/00_START_HERE/MISSING_CH_DE_RICS.csv:Zone.Identifier | data/lseg/raw/00_START_HERE/PROJECT_OBJECTIVE.txt:Zone.Identifier | data/lseg/raw/00_START_HERE/README_FIRST.md:Zone.Identifier | data/lseg/raw/00_START_HERE/RIC_FAMILIES.csv:Zone.Identifier | data/lseg/raw/01_CORE_HISTORICAL/FR_NUCLEAR_PIT/EDF_NUCLEAR_OUTAGE_REVISIONS_PIT.csv:Zone.Identifier | data/lseg/raw/01_CORE_HISTORICAL/FR_NUCLEAR_PIT/EDF_NUCLEAR_PIT_DAILY_2021_2026.csv:Zone.Identifier | data/lseg/raw/01_CORE_HISTORICAL/FR_NUCLEAR_PIT/EDF_NUCLEAR_PIT_SUMMARY.txt:Zone.Identifier | data/lseg/raw/01_CORE_HISTORICAL/LSEG_DEMAND/IT_DEMAND_15M_ALL_7_ZONES_2025_2026.xlsx:Zone.Identifier | data/lseg/raw/01_CORE_HISTORICAL/LSEG_DEMAND/IT_DEMAND_HOURLY_2021_2025.xlsx:Zone.Identifier | data/lseg/raw/01_CORE_HISTORICAL/LSEG_PRICES/FR_DAY_AHEAD_HOURLY_AND_15M.xlsx:Zone.Identifier | data/lseg/raw/01_CORE_HISTORICAL/LSEG_PRICES/IT_DAY_AHEAD_HOURLY_AND_15M.xlsx:Zone.Identifier | data/lseg/raw/02_SOURCE_RAW/FR_NUCLEAR/EDF_OUTAGE_HISTORY_RAW.csv:Zone.Identifier | data/lseg/raw/02_SOURCE_RAW/FR_NUCLEAR/EDF_TRANSPARENCY_REMIT_MESSAGES_RAW.csv:Zone.Identifier | data/lseg/raw/03_CURRENT_RECENT_LSEG/COST_CURVES/cost_curves_2026910_21432.xlsx:Zone.Identifier | data/lseg/raw/03_CURRENT_RECENT_LSEG/COST_CURVES/cost_curves_2026910_21543.xlsx:Zone.Identifier | data/lseg/raw/03_CURRENT_RECENT_LSEG/COST_CURVES/cost_curves_2026910_2164.xlsx:Zone.Identifier | data/lseg/raw/03_CURRENT_RECENT_LSEG/RESIDUAL_LOAD/CWE_RESIDUAL_LOAD_REPORT.pdf:Zone.Identifier | data/lseg/raw/03_CURRENT_RECENT_LSEG/RESIDUAL_LOAD/DE_RESIDUAL_LOAD_CURRENT_RECENT.xls:Zone.Identifier | data/lseg/raw/03_CURRENT_RECENT_LSEG/RESIDUAL_LOAD/DE_RESIDUAL_LOAD_REPORT.pdf:Zone.Identifier | data/lseg/raw/03_CURRENT_RECENT_LSEG/RESIDUAL_LOAD/FR_IT_RESIDUAL_LOAD_EXPORT_A.xls:Zone.Identifier | data/lseg/raw/03_CURRENT_RECENT_LSEG/RESIDUAL_LOAD/FR_IT_RESIDUAL_LOAD_EXPORT_B.xls:Zone.Identifier | data/lseg/raw/03_CURRENT_RECENT_LSEG/SUPPLY_WIND_SOLAR/GB_EMBEDDED_SOLAR_REPORT.pdf:Zone.Identifier | data/lseg/raw/03_CURRENT_RECENT_LSEG/SUPPLY_WIND_SOLAR/GB_EMBEDDED_WIND_REPORT.pdf:Zone.Identifier | data/lseg/raw/03_CURRENT_RECENT_LSEG/SUPPLY_WIND_SOLAR/SUPPLY_WIND_REPORT.pdf:Zone.Identifier | data/lseg/raw/03_CURRENT_RECENT_LSEG/WEATHER/CLOUD_COVER_CH.xls:Zone.Identifier | data/lseg/raw/03_CURRENT_RECENT_LSEG/WEATHER/CLOUD_COVER_REPORT.pdf:Zone.Identifier | data/lseg/raw/03_CURRENT_RECENT_LSEG/WEATHER/ECMWF_CLUSTER_REPORT.pdf:Zone.Identifier | data/lseg/raw/03_CURRENT_RECENT_LSEG/WEATHER/NAO_AO_REPORT.pdf:Zone.Identifier | data/lseg/raw/03_CURRENT_RECENT_LSEG/WEATHER/PRECIPITATION_ALP_AREA_REPORT.pdf:Zone.Identifier | data/lseg/raw/03_CURRENT_RECENT_LSEG/WEATHER/PRECIPITATION_CH_EFFECTIVE.xls:Zone.Identifier | data/lseg/raw/03_CURRENT_RECENT_LSEG/WEATHER/TEMPERATURE_DE_FR_AT_CH_TABLE.xls:Zone.Identifier | data/lseg/raw/03_CURRENT_RECENT_LSEG/WEATHER/TEMPERATURE_IT_CHART.xls:Zone.Identifier | data/lseg/raw/03_CURRENT_RECENT_LSEG/WEATHER/TEMPERATURE_REPORT.pdf:Zone.Identifier | data/lseg/raw/04_CROSS_BORDER_REFERENCE/01_PRICE_FLOW_GRAPH_CHE_VISIBLE.png:Zone.Identifier | data/lseg/raw/04_CROSS_BORDER_REFERENCE/02_DEU_SELECTED_CONNECTIONS.png:Zone.Identifier | data/lseg/raw/04_CROSS_BORDER_REFERENCE/03_NET_IMPORT_GRAPH.png:Zone.Identifier | data/lseg/raw/04_CROSS_BORDER_REFERENCE/04_NET_IMPORT_CHE_SELECTED_00.png:Zone.Identifier | data/lseg/raw/04_CROSS_BORDER_REFERENCE/05_NET_IMPORT_CHE_SELECTED_12.png:Zone.Identifier | data/lseg/raw/04_CROSS_BORDER_REFERENCE/06_CAPACITY_DIRECTION_1_CHE_SELECTED.png:Zone.Identifier | data/lseg/raw/04_CROSS_BORDER_REFERENCE/07_CAPACITY_DIRECTION_2_CHE_SELECTED_A.png:Zone.Identifier | data/lseg/raw/04_CROSS_BORDER_REFERENCE/08_CAPACITY_DIRECTION_2_CHE_SELECTED_B.png:Zone.Identifier | data/lseg/raw/04_CROSS_BORDER_REFERENCE/09_CAPACITY_DIRECTION_2_CHE_SELECTED_C.png:Zone.Identifier | data/lseg/raw/04_CROSS_BORDER_REFERENCE/10_SCHEDULED_EXCHANGE_NET_IMPORT_GRAPH.png:Zone.Identifier | data/lseg/raw/04_CROSS_BORDER_REFERENCE/11_SCHEDULED_EXCHANGE_CHE_SELECTED.png:Zone.Identifier | data/lseg/raw/04_CROSS_BORDER_REFERENCE/FLOWS_GRAPH_REPORT.pdf:Zone.Identifier | data/lseg/raw/05_LSEG_REFERENCE_PDFS/DEMAND_CONSUMPTION_OVERVIEW.pdf:Zone.Identifier | data/lseg/raw/90_INTERMEDIATE/LSEG_PRICE_DEMAND/FR_15M_RAW.xls.xlsx:Zone.Identifier | data/lseg/raw/90_INTERMEDIATE/LSEG_PRICE_DEMAND/FR_DA_RAW.xlsx:Zone.Identifier | data/lseg/raw/90_INTERMEDIATE/LSEG_PRICE_DEMAND/IT_DA_RAW(1).xlsx:Zone.Identifier | data/lseg/raw/90_INTERMEDIATE/LSEG_PRICE_DEMAND/IT_DA_RAW(2).xlsx:Zone.Identifier | data/lseg/raw/90_INTERMEDIATE/LSEG_PRICE_DEMAND/IT_DA_RAW(3).xlsx:Zone.Identifier | data/lseg/raw/90_INTERMEDIATE/LSEG_PRICE_DEMAND/IT_DA_RAW.xlsx:Zone.Identifier | data/lseg/raw/90_INTERMEDIATE/LSEG_PRICE_DEMAND/IT_DEMAND_15M_ALL_ZONES_TEMPLATE.xlsx:Zone.Identifier | data/lseg/raw/90_INTERMEDIATE/LSEG_PRICE_DEMAND/IT_DEMAND_15M_NORTH.xlsx:Zone.Identifier | data/lseg/raw/90_INTERMEDIATE/LSEG_PRICE_DEMAND/Mappe1(1).xlsx:Zone.Identifier | data/lseg/raw/90_INTERMEDIATE/LSEG_PRICE_DEMAND/Mappe1(2).xlsx:Zone.Identifier | data/lseg/raw/90_INTERMEDIATE/LSEG_PRICE_DEMAND/Mappe1(3).xlsx:Zone.Identifier | data/lseg/raw/90_INTERMEDIATE/LSEG_PRICE_DEMAND/Mappe1(4).xlsx:Zone.Identifier | data/lseg/raw/90_INTERMEDIATE/LSEG_PRICE_DEMAND/Mappe1(5).xlsx:Zone.Identifier | data/lseg/raw/90_INTERMEDIATE/SCREENSHOTS/0a528483-087b-4a33-a2f3-ecdd62770a3a.png:Zone.Identifier | data/lseg/raw/90_INTERMEDIATE/SCREENSHOTS/1609bf25-22b3-4c50-817b-fa945dba6bfe.png:Zone.Identifier | data/lseg/raw/90_INTERMEDIATE/SCREENSHOTS/1d02b907-f21b-48aa-bff6-9bb501bffd31.png:Zone.Identifier | data/lseg/raw/90_INTERMEDIATE/SCREENSHOTS/2bf92681-8086-451b-ad79-2cf2aaa286bf.png:Zone.Identifier | data/lseg/raw/90_INTERMEDIATE/SCREENSHOTS/5048f972-71a5-4bbb-9ebf-495783170275.png:Zone.Identifier | data/lseg/raw/90_INTERMEDIATE/SCREENSHOTS/57688dd7-cfad-46f7-9d61-7173a480ab24.png:Zone.Identifier | data/lseg/raw/90_INTERMEDIATE/SCREENSHOTS/6a48aa3a-47d9-431b-a8d4-4b421a82f395.png:Zone.Identifier | data/lseg/raw/90_INTERMEDIATE/SCREENSHOTS/6b0bf7a6-4724-4c1c-98c7-10c623883a8b.png:Zone.Identifier | data/lseg/raw/90_INTERMEDIATE/SCREENSHOTS/7cdf8489-62e1-4566-9c92-ddde781dfc41.png:Zone.Identifier | data/lseg/raw/90_INTERMEDIATE/SCREENSHOTS/839b9904-b506-4600-a582-19546fc0d0dc.png:Zone.Identifier | data/lseg/raw/90_INTERMEDIATE/SCREENSHOTS/87b02fce-0b58-4ead-b793-267dd464b8ec.png:Zone.Identifier | data/lseg/raw/90_INTERMEDIATE/SCREENSHOTS/917dfe63-9fd2-4e78-89c4-b98dcf9f033f.png:Zone.Identifier | data/lseg/raw/90_INTERMEDIATE/SCREENSHOTS/990167dc-a3d5-4b22-acec-131b4e0f87c9.png:Zone.Identifier | data/lseg/raw/90_INTERMEDIATE/SCREENSHOTS/af6db8b3-1471-4a8e-9879-1e782574016e.png:Zone.Identifier | data/lseg/raw/90_INTERMEDIATE/SCREENSHOTS/b94c25b1-cacf-496f-802b-f74a6ec3c376.png:Zone.Identifier | data/lseg/raw/90_INTERMEDIATE/SCREENSHOTS/bc276a5b-6ae8-473b-abe3-2d17e33bcdd3.png:Zone.Identifier | data/lseg/raw/90_INTERMEDIATE/SCREENSHOTS/chart_100049390.embedded.png:Zone.Identifier | data/lseg/raw/90_INTERMEDIATE/SCREENSHOTS/chart_100127248.embedded.png:Zone.Identifier | data/lseg/raw/90_INTERMEDIATE/SCREENSHOTS/crop_che.png:Zone.Identifier | data/lseg/raw/90_INTERMEDIATE/SCREENSHOTS/de1ee218-60dc-4b11-b243-1f352c398785.png:Zone.Identifier | data/lseg/raw/99_UNCLASSIFIED_RETAINED/LSEG_DISCOVERY_RAW_NOTES.txt:Zone.Identifier | data/lseg/raw/99_UNCLASSIFIED_RETAINED/table_100016453.xls:Zone.Identifier | data/lseg/raw/CH_DA_RAW.xlsx:Zone.Identifier | data/lseg/raw/DE_DA_RAW.xlsx:Zone.Identifier | data/lseg/raw/EDF_NUCLEAR_OUTAGE_REVISIONS_PIT.csv:Zone.Identifier | data/lseg/raw/EDF_NUCLEAR_PIT_DAILY_2021_2026.csv:Zone.Identifier | data/lseg/raw/FR_15M_RAW.xlsx:Zone.Identifier | data/lseg/raw/FR_DA_RAW_COMBINED.xlsx:Zone.Identifier | data/lseg/raw/Historique des indispo des moyens de production - depuis 2015 - 07092026-full.csv:Zone.Identifier | data/lseg/raw/IT_DA_RAW (1).xlsx:Zone.Identifier | data/lseg/raw/IT_DA_RAW.xlsx:Zone.Identifier | data/lseg/raw/IT_DEMAND_15M_ALL_ZONES_TEMPLATE.xlsx:Zone.Identifier | data/lseg/raw/IT_DEMAND_15M_NORTH.xlsx:Zone.Identifier | data/lseg/raw/IT_DEMAND_HOURLY.xlsx:Zone.Identifier | data/lseg/raw/publications-transparence-et-remit-liste-des-messages-edf-sa.csv:Zone.Identifier,Windows download-origin sidecar; excluded from data analysis.
data/lseg/raw/01_CORE_HISTORICAL/FR_NUCLEAR_PIT/EDF_NUCLEAR_OUTAGE_REVISIONS_PIT.csv,EDF_NUCLEAR_OUTAGE_REVISIONS_PIT.csv,csv,dataset,outages/availability,French nuclear outages,FR,event_id; version; publication_time_utc; unit; outage_type; cause; status; start_time_utc; end_time_utc; max_capacity_mw; available_capacity_mw; unavailable_mw; is_first_publication; prev_end_time_utc; end_shift_hours; prev_unavailable_mw; unavailable_delta_mw; return_delay_mw_hours; info,,publication_time_utc; start_time_utc; end_time_utc; prev_end_time_utc,"('2014-07-25T00:00:00Z', '2099-12-31T01:00:00Z')",event/revision,observed outage/event revisions,publication_time_utc,start_time_utc/end_time_utc,publication_time_utc; version; is_first_publication; prev_*,23598096,prev_end_time_utc=15414/67460; end_shift_hours=15414/67460; prev_unavailable_mw=15414/67460; unavailable_delta_mw=15414/67460; info=27290/67460,PIT_STRONG,No corresponding model-ready family in Databricks inventory,,data/lseg/raw/01_CORE_HISTORICAL/FR_NUCLEAR_PIT/EDF_NUCLEAR_OUTAGE_REVISIONS_PIT.csv | data/lseg/raw/EDF_NUCLEAR_OUTAGE_REVISIONS_PIT.csv,EDF nuclear availability domain. Exact-content duplicate of another retained path; count once for unique information.
data/lseg/raw/01_CORE_HISTORICAL/FR_NUCLEAR_PIT/EDF_NUCLEAR_OUTAGE_REVISIONS_PIT.csv:Zone.Identifier,EDF_NUCLEAR_OUTAGE_REVISIONS_PIT.csv:Zone.Identifier,identifier,metadata_sidecar,ancillary file metadata,Zone.Identifier,UNKNOWN,Not applicable/non-tabular or not safely extractable,Not applicable or not declared,Not safely extractable,Not determined from file metadata,Not determined,Not determinable,Not safely extractable,Not safely extractable,Not safely extractable,25,Not applicable/non-tabular,UNKNOWN,None,,data/lseg/raw/00_START_HERE/ANONYMOUS_XLS_MAPPING.md:Zone.Identifier | data/lseg/raw/00_START_HERE/DATA_CATALOG.csv:Zone.Identifier | data/lseg/raw/00_START_HERE/EXTRACTION_STATUS_AND_GAPS.md:Zone.Identifier | data/lseg/raw/00_START_HERE/LICENSE_NOTES.md:Zone.Identifier | data/lseg/raw/00_START_HERE/MANIFEST_SHA256.csv:Zone.Identifier | data/lseg/raw/00_START_HERE/MISSING_CH_DE_RECOVERY.md:Zone.Identifier | data/lseg/raw/00_START_HERE/MISSING_CH_DE_RICS.csv:Zone.Identifier | data/lseg/raw/00_START_HERE/PROJECT_OBJECTIVE.txt:Zone.Identifier | data/lseg/raw/00_START_HERE/README_FIRST.md:Zone.Identifier | data/lseg/raw/00_START_HERE/RIC_FAMILIES.csv:Zone.Identifier | data/lseg/raw/01_CORE_HISTORICAL/FR_NUCLEAR_PIT/EDF_NUCLEAR_OUTAGE_REVISIONS_PIT.csv:Zone.Identifier | data/lseg/raw/01_CORE_HISTORICAL/FR_NUCLEAR_PIT/EDF_NUCLEAR_PIT_DAILY_2021_2026.csv:Zone.Identifier | data/lseg/raw/01_CORE_HISTORICAL/FR_NUCLEAR_PIT/EDF_NUCLEAR_PIT_SUMMARY.txt:Zone.Identifier | data/lseg/raw/01_CORE_HISTORICAL/LSEG_DEMAND/IT_DEMAND_15M_ALL_7_ZONES_2025_2026.xlsx:Zone.Identifier | data/lseg/raw/01_CORE_HISTORICAL/LSEG_DEMAND/IT_DEMAND_HOURLY_2021_2025.xlsx:Zone.Identifier | data/lseg/raw/01_CORE_HISTORICAL/LSEG_PRICES/FR_DAY_AHEAD_HOURLY_AND_15M.xlsx:Zone.Identifier | data/lseg/raw/01_CORE_HISTORICAL/LSEG_PRICES/IT_DAY_AHEAD_HOURLY_AND_15M.xlsx:Zone.Identifier | data/lseg/raw/02_SOURCE_RAW/FR_NUCLEAR/EDF_OUTAGE_HISTORY_RAW.csv:Zone.Identifier | data/lseg/raw/02_SOURCE_RAW/FR_NUCLEAR/EDF_TRANSPARENCY_REMIT_MESSAGES_RAW.csv:Zone.Identifier | data/lseg/raw/03_CURRENT_RECENT_LSEG/COST_CURVES/cost_curves_2026910_21432.xlsx:Zone.Identifier | data/lseg/raw/03_CURRENT_RECENT_LSEG/COST_CURVES/cost_curves_2026910_21543.xlsx:Zone.Identifier | data/lseg/raw/03_CURRENT_RECENT_LSEG/COST_CURVES/cost_curves_2026910_2164.xlsx:Zone.Identifier | data/lseg/raw/03_CURRENT_RECENT_LSEG/RESIDUAL_LOAD/CWE_RESIDUAL_LOAD_REPORT.pdf:Zone.Identifier | data/lseg/raw/03_CURRENT_RECENT_LSEG/RESIDUAL_LOAD/DE_RESIDUAL_LOAD_CURRENT_RECENT.xls:Zone.Identifier | data/lseg/raw/03_CURRENT_RECENT_LSEG/RESIDUAL_LOAD/DE_RESIDUAL_LOAD_REPORT.pdf:Zone.Identifier | data/lseg/raw/03_CURRENT_RECENT_LSEG/RESIDUAL_LOAD/FR_IT_RESIDUAL_LOAD_EXPORT_A.xls:Zone.Identifier | data/lseg/raw/03_CURRENT_RECENT_LSEG/RESIDUAL_LOAD/FR_IT_RESIDUAL_LOAD_EXPORT_B.xls:Zone.Identifier | data/lseg/raw/03_CURRENT_RECENT_LSEG/SUPPLY_WIND_SOLAR/GB_EMBEDDED_SOLAR_REPORT.pdf:Zone.Identifier | data/lseg/raw/03_CURRENT_RECENT_LSEG/SUPPLY_WIND_SOLAR/GB_EMBEDDED_WIND_REPORT.pdf:Zone.Identifier | data/lseg/raw/03_CURRENT_RECENT_LSEG/SUPPLY_WIND_SOLAR/SUPPLY_WIND_REPORT.pdf:Zone.Identifier | data/lseg/raw/03_CURRENT_RECENT_LSEG/WEATHER/CLOUD_COVER_CH.xls:Zone.Identifier | data/lseg/raw/03_CURRENT_RECENT_LSEG/WEATHER/CLOUD_COVER_REPORT.pdf:Zone.Identifier | data/lseg/raw/03_CURRENT_RECENT_LSEG/WEATHER/ECMWF_CLUSTER_REPORT.pdf:Zone.Identifier | data/lseg/raw/03_CURRENT_RECENT_LSEG/WEATHER/NAO_AO_REPORT.pdf:Zone.Identifier | data/lseg/raw/03_CURRENT_RECENT_LSEG/WEATHER/PRECIPITATION_ALP_AREA_REPORT.pdf:Zone.Identifier | data/lseg/raw/03_CURRENT_RECENT_LSEG/WEATHER/PRECIPITATION_CH_EFFECTIVE.xls:Zone.Identifier | data/lseg/raw/03_CURRENT_RECENT_LSEG/WEATHER/TEMPERATURE_DE_FR_AT_CH_TABLE.xls:Zone.Identifier | data/lseg/raw/03_CURRENT_RECENT_LSEG/WEATHER/TEMPERATURE_IT_CHART.xls:Zone.Identifier | data/lseg/raw/03_CURRENT_RECENT_LSEG/WEATHER/TEMPERATURE_REPORT.pdf:Zone.Identifier | data/lseg/raw/04_CROSS_BORDER_REFERENCE/01_PRICE_FLOW_GRAPH_CHE_VISIBLE.png:Zone.Identifier | data/lseg/raw/04_CROSS_BORDER_REFERENCE/02_DEU_SELECTED_CONNECTIONS.png:Zone.Identifier | data/lseg/raw/04_CROSS_BORDER_REFERENCE/03_NET_IMPORT_GRAPH.png:Zone.Identifier | data/lseg/raw/04_CROSS_BORDER_REFERENCE/04_NET_IMPORT_CHE_SELECTED_00.png:Zone.Identifier | data/lseg/raw/04_CROSS_BORDER_REFERENCE/05_NET_IMPORT_CHE_SELECTED_12.png:Zone.Identifier | data/lseg/raw/04_CROSS_BORDER_REFERENCE/06_CAPACITY_DIRECTION_1_CHE_SELECTED.png:Zone.Identifier | data/lseg/raw/04_CROSS_BORDER_REFERENCE/07_CAPACITY_DIRECTION_2_CHE_SELECTED_A.png:Zone.Identifier | data/lseg/raw/04_CROSS_BORDER_REFERENCE/08_CAPACITY_DIRECTION_2_CHE_SELECTED_B.png:Zone.Identifier | data/lseg/raw/04_CROSS_BORDER_REFERENCE/09_CAPACITY_DIRECTION_2_CHE_SELECTED_C.png:Zone.Identifier | data/lseg/raw/04_CROSS_BORDER_REFERENCE/10_SCHEDULED_EXCHANGE_NET_IMPORT_GRAPH.png:Zone.Identifier | data/lseg/raw/04_CROSS_BORDER_REFERENCE/11_SCHEDULED_EXCHANGE_CHE_SELECTED.png:Zone.Identifier | data/lseg/raw/04_CROSS_BORDER_REFERENCE/FLOWS_GRAPH_REPORT.pdf:Zone.Identifier | data/lseg/raw/05_LSEG_REFERENCE_PDFS/DEMAND_CONSUMPTION_OVERVIEW.pdf:Zone.Identifier | data/lseg/raw/90_INTERMEDIATE/LSEG_PRICE_DEMAND/FR_15M_RAW.xls.xlsx:Zone.Identifier | data/lseg/raw/90_INTERMEDIATE/LSEG_PRICE_DEMAND/FR_DA_RAW.xlsx:Zone.Identifier | data/lseg/raw/90_INTERMEDIATE/LSEG_PRICE_DEMAND/IT_DA_RAW(1).xlsx:Zone.Identifier | data/lseg/raw/90_INTERMEDIATE/LSEG_PRICE_DEMAND/IT_DA_RAW(2).xlsx:Zone.Identifier | data/lseg/raw/90_INTERMEDIATE/LSEG_PRICE_DEMAND/IT_DA_RAW(3).xlsx:Zone.Identifier | data/lseg/raw/90_INTERMEDIATE/LSEG_PRICE_DEMAND/IT_DA_RAW.xlsx:Zone.Identifier | data/lseg/raw/90_INTERMEDIATE/LSEG_PRICE_DEMAND/IT_DEMAND_15M_ALL_ZONES_TEMPLATE.xlsx:Zone.Identifier | data/lseg/raw/90_INTERMEDIATE/LSEG_PRICE_DEMAND/IT_DEMAND_15M_NORTH.xlsx:Zone.Identifier | data/lseg/raw/90_INTERMEDIATE/LSEG_PRICE_DEMAND/Mappe1(1).xlsx:Zone.Identifier | data/lseg/raw/90_INTERMEDIATE/LSEG_PRICE_DEMAND/Mappe1(2).xlsx:Zone.Identifier | data/lseg/raw/90_INTERMEDIATE/LSEG_PRICE_DEMAND/Mappe1(3).xlsx:Zone.Identifier | data/lseg/raw/90_INTERMEDIATE/LSEG_PRICE_DEMAND/Mappe1(4).xlsx:Zone.Identifier | data/lseg/raw/90_INTERMEDIATE/LSEG_PRICE_DEMAND/Mappe1(5).xlsx:Zone.Identifier | data/lseg/raw/90_INTERMEDIATE/SCREENSHOTS/0a528483-087b-4a33-a2f3-ecdd62770a3a.png:Zone.Identifier | data/lseg/raw/90_INTERMEDIATE/SCREENSHOTS/1609bf25-22b3-4c50-817b-fa945dba6bfe.png:Zone.Identifier | data/lseg/raw/90_INTERMEDIATE/SCREENSHOTS/1d02b907-f21b-48aa-bff6-9bb501bffd31.png:Zone.Identifier | data/lseg/raw/90_INTERMEDIATE/SCREENSHOTS/2bf92681-8086-451b-ad79-2cf2aaa286bf.png:Zone.Identifier | data/lseg/raw/90_INTERMEDIATE/SCREENSHOTS/5048f972-71a5-4bbb-9ebf-495783170275.png:Zone.Identifier | data/lseg/raw/90_INTERMEDIATE/SCREENSHOTS/57688dd7-cfad-46f7-9d61-7173a480ab24.png:Zone.Identifier | data/lseg/raw/90_INTERMEDIATE/SCREENSHOTS/6a48aa3a-47d9-431b-a8d4-4b421a82f395.png:Zone.Identifier | data/lseg/raw/90_INTERMEDIATE/SCREENSHOTS/6b0bf7a6-4724-4c1c-98c7-10c623883a8b.png:Zone.Identifier | data/lseg/raw/90_INTERMEDIATE/SCREENSHOTS/7cdf8489-62e1-4566-9c92-ddde781dfc41.png:Zone.Identifier | data/lseg/raw/90_INTERMEDIATE/SCREENSHOTS/839b9904-b506-4600-a582-19546fc0d0dc.png:Zone.Identifier | data/lseg/raw/90_INTERMEDIATE/SCREENSHOTS/87b02fce-0b58-4ead-b793-267dd464b8ec.png:Zone.Identifier | data/lseg/raw/90_INTERMEDIATE/SCREENSHOTS/917dfe63-9fd2-4e78-89c4-b98dcf9f033f.png:Zone.Identifier | data/lseg/raw/90_INTERMEDIATE/SCREENSHOTS/990167dc-a3d5-4b22-acec-131b4e0f87c9.png:Zone.Identifier | data/lseg/raw/90_INTERMEDIATE/SCREENSHOTS/af6db8b3-1471-4a8e-9879-1e782574016e.png:Zone.Identifier | data/lseg/raw/90_INTERMEDIATE/SCREENSHOTS/b94c25b1-cacf-496f-802b-f74a6ec3c376.png:Zone.Identifier | data/lseg/raw/90_INTERMEDIATE/SCREENSHOTS/bc276a5b-6ae8-473b-abe3-2d17e33bcdd3.png:Zone.Identifier | data/lseg/raw/90_INTERMEDIATE/SCREENSHOTS/chart_100049390.embedded.png:Zone.Identifier | data/lseg/raw/90_INTERMEDIATE/SCREENSHOTS/chart_100127248.embedded.png:Zone.Identifier | data/lseg/raw/90_INTERMEDIATE/SCREENSHOTS/crop_che.png:Zone.Identifier | data/lseg/raw/90_INTERMEDIATE/SCREENSHOTS/de1ee218-60dc-4b11-b243-1f352c398785.png:Zone.Identifier | data/lseg/raw/99_UNCLASSIFIED_RETAINED/LSEG_DISCOVERY_RAW_NOTES.txt:Zone.Identifier | data/lseg/raw/99_UNCLASSIFIED_RETAINED/table_100016453.xls:Zone.Identifier | data/lseg/raw/CH_DA_RAW.xlsx:Zone.Identifier | data/lseg/raw/DE_DA_RAW.xlsx:Zone.Identifier | data/lseg/raw/EDF_NUCLEAR_OUTAGE_REVISIONS_PIT.csv:Zone.Identifier | data/lseg/raw/EDF_NUCLEAR_PIT_DAILY_2021_2026.csv:Zone.Identifier | data/lseg/raw/FR_15M_RAW.xlsx:Zone.Identifier | data/lseg/raw/FR_DA_RAW_COMBINED.xlsx:Zone.Identifier | data/lseg/raw/Historique des indispo des moyens de production - depuis 2015 - 07092026-full.csv:Zone.Identifier | data/lseg/raw/IT_DA_RAW (1).xlsx:Zone.Identifier | data/lseg/raw/IT_DA_RAW.xlsx:Zone.Identifier | data/lseg/raw/IT_DEMAND_15M_ALL_ZONES_TEMPLATE.xlsx:Zone.Identifier | data/lseg/raw/IT_DEMAND_15M_NORTH.xlsx:Zone.Identifier | data/lseg/raw/IT_DEMAND_HOURLY.xlsx:Zone.Identifier | data/lseg/raw/publications-transparence-et-remit-liste-des-messages-edf-sa.csv:Zone.Identifier,Windows download-origin sidecar; excluded from data analysis.
data/lseg/raw/01_CORE_HISTORICAL/FR_NUCLEAR_PIT/EDF_NUCLEAR_PIT_DAILY_2021_2026.csv,EDF_NUCLEAR_PIT_DAILY_2021_2026.csv,csv,dataset,outages/availability,French nuclear outages,FR,issue_time_utc; issue_time_paris; total_unavailable_mw_h0; planned_unavailable_mw_h0; unplanned_unavailable_mw_h0; units_with_outage_h0; largest_outage_mw_h0; total_unavailable_mw_h24; planned_unavailable_mw_h24; unplanned_unavailable_mw_h24; units_with_outage_h24; largest_outage_mw_h24; total_unavailable_mw_h48; planned_unavailable_mw_h48; unplanned_unavailable_mw_h48; units_with_outage_h48; largest_outage_mw_h48; total_unavailable_mw_h72; planned_unavailable_mw_h72; unplanned_unavailable_mw_h72; units_with_outage_h72; largest_outage_mw_h72; total_unavailable_mw_h168; planned_unavailable_mw_h168; unplanned_unavailable_mw_h168; units_with_outage_h168; largest_outage_mw_h168; new_outage_mw_1h; revision_count_1h; max_return_delay_hours_1h; return_delay_mw_hours_1h; capacity_revision_abs_mw_1h; new_outage_mw_6h; revision_count_6h; max_return_delay_hours_6h; return_delay_mw_hours_6h; capacity_revision_abs_mw_6h; new_outage_mw_24h; revision_count_24h; max_return_delay_hours_24h; return_delay_mw_hours_24h; capacity_revision_abs_mw_24h,,issue_time_utc; issue_time_paris,"('2021-01-01T09:00:00Z', '2026-09-07T10:00:00+02:00')",daily,PIT-derived historical availability features,issue_time_utc,h0/h24/h48/h72/h168 horizon columns,issue_time_utc; revision_count_*; capacity_revision_*,561964,No blank/sentinel missing values detected by profiler,PIT_STRONG,No corresponding model-ready family in Databricks inventory,,data/lseg/raw/01_CORE_HISTORICAL/FR_NUCLEAR_PIT/EDF_NUCLEAR_PIT_DAILY_2021_2026.csv | data/lseg/raw/EDF_NUCLEAR_PIT_DAILY_2021_2026.csv,EDF nuclear availability domain. Exact-content duplicate of another retained path; count once for unique information.
data/lseg/raw/01_CORE_HISTORICAL/FR_NUCLEAR_PIT/EDF_NUCLEAR_PIT_DAILY_2021_2026.csv:Zone.Identifier,EDF_NUCLEAR_PIT_DAILY_2021_2026.csv:Zone.Identifier,identifier,metadata_sidecar,ancillary file metadata,Zone.Identifier,UNKNOWN,Not applicable/non-tabular or not safely extractable,Not applicable or not declared,Not safely extractable,Not determined from file metadata,Not determined,Not determinable,Not safely extractable,Not safely extractable,Not safely extractable,25,Not applicable/non-tabular,UNKNOWN,None,,data/lseg/raw/00_START_HERE/ANONYMOUS_XLS_MAPPING.md:Zone.Identifier | data/lseg/raw/00_START_HERE/DATA_CATALOG.csv:Zone.Identifier | data/lseg/raw/00_START_HERE/EXTRACTION_STATUS_AND_GAPS.md:Zone.Identifier | data/lseg/raw/00_START_HERE/LICENSE_NOTES.md:Zone.Identifier | data/lseg/raw/00_START_HERE/MANIFEST_SHA256.csv:Zone.Identifier | data/lseg/raw/00_START_HERE/MISSING_CH_DE_RECOVERY.md:Zone.Identifier | data/lseg/raw/00_START_HERE/MISSING_CH_DE_RICS.csv:Zone.Identifier | data/lseg/raw/00_START_HERE/PROJECT_OBJECTIVE.txt:Zone.Identifier | data/lseg/raw/00_START_HERE/README_FIRST.md:Zone.Identifier | data/lseg/raw/00_START_HERE/RIC_FAMILIES.csv:Zone.Identifier | data/lseg/raw/01_CORE_HISTORICAL/FR_NUCLEAR_PIT/EDF_NUCLEAR_OUTAGE_REVISIONS_PIT.csv:Zone.Identifier | data/lseg/raw/01_CORE_HISTORICAL/FR_NUCLEAR_PIT/EDF_NUCLEAR_PIT_DAILY_2021_2026.csv:Zone.Identifier | data/lseg/raw/01_CORE_HISTORICAL/FR_NUCLEAR_PIT/EDF_NUCLEAR_PIT_SUMMARY.txt:Zone.Identifier | data/lseg/raw/01_CORE_HISTORICAL/LSEG_DEMAND/IT_DEMAND_15M_ALL_7_ZONES_2025_2026.xlsx:Zone.Identifier | data/lseg/raw/01_CORE_HISTORICAL/LSEG_DEMAND/IT_DEMAND_HOURLY_2021_2025.xlsx:Zone.Identifier | data/lseg/raw/01_CORE_HISTORICAL/LSEG_PRICES/FR_DAY_AHEAD_HOURLY_AND_15M.xlsx:Zone.Identifier | data/lseg/raw/01_CORE_HISTORICAL/LSEG_PRICES/IT_DAY_AHEAD_HOURLY_AND_15M.xlsx:Zone.Identifier | data/lseg/raw/02_SOURCE_RAW/FR_NUCLEAR/EDF_OUTAGE_HISTORY_RAW.csv:Zone.Identifier | data/lseg/raw/02_SOURCE_RAW/FR_NUCLEAR/EDF_TRANSPARENCY_REMIT_MESSAGES_RAW.csv:Zone.Identifier | data/lseg/raw/03_CURRENT_RECENT_LSEG/COST_CURVES/cost_curves_2026910_21432.xlsx:Zone.Identifier | data/lseg/raw/03_CURRENT_RECENT_LSEG/COST_CURVES/cost_curves_2026910_21543.xlsx:Zone.Identifier | data/lseg/raw/03_CURRENT_RECENT_LSEG/COST_CURVES/cost_curves_2026910_2164.xlsx:Zone.Identifier | data/lseg/raw/03_CURRENT_RECENT_LSEG/RESIDUAL_LOAD/CWE_RESIDUAL_LOAD_REPORT.pdf:Zone.Identifier | data/lseg/raw/03_CURRENT_RECENT_LSEG/RESIDUAL_LOAD/DE_RESIDUAL_LOAD_CURRENT_RECENT.xls:Zone.Identifier | data/lseg/raw/03_CURRENT_RECENT_LSEG/RESIDUAL_LOAD/DE_RESIDUAL_LOAD_REPORT.pdf:Zone.Identifier | data/lseg/raw/03_CURRENT_RECENT_LSEG/RESIDUAL_LOAD/FR_IT_RESIDUAL_LOAD_EXPORT_A.xls:Zone.Identifier | data/lseg/raw/03_CURRENT_RECENT_LSEG/RESIDUAL_LOAD/FR_IT_RESIDUAL_LOAD_EXPORT_B.xls:Zone.Identifier | data/lseg/raw/03_CURRENT_RECENT_LSEG/SUPPLY_WIND_SOLAR/GB_EMBEDDED_SOLAR_REPORT.pdf:Zone.Identifier | data/lseg/raw/03_CURRENT_RECENT_LSEG/SUPPLY_WIND_SOLAR/GB_EMBEDDED_WIND_REPORT.pdf:Zone.Identifier | data/lseg/raw/03_CURRENT_RECENT_LSEG/SUPPLY_WIND_SOLAR/SUPPLY_WIND_REPORT.pdf:Zone.Identifier | data/lseg/raw/03_CURRENT_RECENT_LSEG/WEATHER/CLOUD_COVER_CH.xls:Zone.Identifier | data/lseg/raw/03_CURRENT_RECENT_LSEG/WEATHER/CLOUD_COVER_REPORT.pdf:Zone.Identifier | data/lseg/raw/03_CURRENT_RECENT_LSEG/WEATHER/ECMWF_CLUSTER_REPORT.pdf:Zone.Identifier | data/lseg/raw/03_CURRENT_RECENT_LSEG/WEATHER/NAO_AO_REPORT.pdf:Zone.Identifier | data/lseg/raw/03_CURRENT_RECENT_LSEG/WEATHER/PRECIPITATION_ALP_AREA_REPORT.pdf:Zone.Identifier | data/lseg/raw/03_CURRENT_RECENT_LSEG/WEATHER/PRECIPITATION_CH_EFFECTIVE.xls:Zone.Identifier | data/lseg/raw/03_CURRENT_RECENT_LSEG/WEATHER/TEMPERATURE_DE_FR_AT_CH_TABLE.xls:Zone.Identifier | data/lseg/raw/03_CURRENT_RECENT_LSEG/WEATHER/TEMPERATURE_IT_CHART.xls:Zone.Identifier | data/lseg/raw/03_CURRENT_RECENT_LSEG/WEATHER/TEMPERATURE_REPORT.pdf:Zone.Identifier | data/lseg/raw/04_CROSS_BORDER_REFERENCE/01_PRICE_FLOW_GRAPH_CHE_VISIBLE.png:Zone.Identifier | data/lseg/raw/04_CROSS_BORDER_REFERENCE/02_DEU_SELECTED_CONNECTIONS.png:Zone.Identifier | data/lseg/raw/04_CROSS_BORDER_REFERENCE/03_NET_IMPORT_GRAPH.png:Zone.Identifier | data/lseg/raw/04_CROSS_BORDER_REFERENCE/04_NET_IMPORT_CHE_SELECTED_00.png:Zone.Identifier | data/lseg/raw/04_CROSS_BORDER_REFERENCE/05_NET_IMPORT_CHE_SELECTED_12.png:Zone.Identifier | data/lseg/raw/04_CROSS_BORDER_REFERENCE/06_CAPACITY_DIRECTION_1_CHE_SELECTED.png:Zone.Identifier | data/lseg/raw/04_CROSS_BORDER_REFERENCE/07_CAPACITY_DIRECTION_2_CHE_SELECTED_A.png:Zone.Identifier | data/lseg/raw/04_CROSS_BORDER_REFERENCE/08_CAPACITY_DIRECTION_2_CHE_SELECTED_B.png:Zone.Identifier | data/lseg/raw/04_CROSS_BORDER_REFERENCE/09_CAPACITY_DIRECTION_2_CHE_SELECTED_C.png:Zone.Identifier | data/lseg/raw/04_CROSS_BORDER_REFERENCE/10_SCHEDULED_EXCHANGE_NET_IMPORT_GRAPH.png:Zone.Identifier | data/lseg/raw/04_CROSS_BORDER_REFERENCE/11_SCHEDULED_EXCHANGE_CHE_SELECTED.png:Zone.Identifier | data/lseg/raw/04_CROSS_BORDER_REFERENCE/FLOWS_GRAPH_REPORT.pdf:Zone.Identifier | data/lseg/raw/05_LSEG_REFERENCE_PDFS/DEMAND_CONSUMPTION_OVERVIEW.pdf:Zone.Identifier | data/lseg/raw/90_INTERMEDIATE/LSEG_PRICE_DEMAND/FR_15M_RAW.xls.xlsx:Zone.Identifier | data/lseg/raw/90_INTERMEDIATE/LSEG_PRICE_DEMAND/FR_DA_RAW.xlsx:Zone.Identifier | data/lseg/raw/90_INTERMEDIATE/LSEG_PRICE_DEMAND/IT_DA_RAW(1).xlsx:Zone.Identifier | data/lseg/raw/90_INTERMEDIATE/LSEG_PRICE_DEMAND/IT_DA_RAW(2).xlsx:Zone.Identifier | data/lseg/raw/90_INTERMEDIATE/LSEG_PRICE_DEMAND/IT_DA_RAW(3).xlsx:Zone.Identifier | data/lseg/raw/90_INTERMEDIATE/LSEG_PRICE_DEMAND/IT_DA_RAW.xlsx:Zone.Identifier | data/lseg/raw/90_INTERMEDIATE/LSEG_PRICE_DEMAND/IT_DEMAND_15M_ALL_ZONES_TEMPLATE.xlsx:Zone.Identifier | data/lseg/raw/90_INTERMEDIATE/LSEG_PRICE_DEMAND/IT_DEMAND_15M_NORTH.xlsx:Zone.Identifier | data/lseg/raw/90_INTERMEDIATE/LSEG_PRICE_DEMAND/Mappe1(1).xlsx:Zone.Identifier | data/lseg/raw/90_INTERMEDIATE/LSEG_PRICE_DEMAND/Mappe1(2).xlsx:Zone.Identifier | data/lseg/raw/90_INTERMEDIATE/LSEG_PRICE_DEMAND/Mappe1(3).xlsx:Zone.Identifier | data/lseg/raw/90_INTERMEDIATE/LSEG_PRICE_DEMAND/Mappe1(4).xlsx:Zone.Identifier | data/lseg/raw/90_INTERMEDIATE/LSEG_PRICE_DEMAND/Mappe1(5).xlsx:Zone.Identifier | data/lseg/raw/90_INTERMEDIATE/SCREENSHOTS/0a528483-087b-4a33-a2f3-ecdd62770a3a.png:Zone.Identifier | data/lseg/raw/90_INTERMEDIATE/SCREENSHOTS/1609bf25-22b3-4c50-817b-fa945dba6bfe.png:Zone.Identifier | data/lseg/raw/90_INTERMEDIATE/SCREENSHOTS/1d02b907-f21b-48aa-bff6-9bb501bffd31.png:Zone.Identifier | data/lseg/raw/90_INTERMEDIATE/SCREENSHOTS/2bf92681-8086-451b-ad79-2cf2aaa286bf.png:Zone.Identifier | data/lseg/raw/90_INTERMEDIATE/SCREENSHOTS/5048f972-71a5-4bbb-9ebf-495783170275.png:Zone.Identifier | data/lseg/raw/90_INTERMEDIATE/SCREENSHOTS/57688dd7-cfad-46f7-9d61-7173a480ab24.png:Zone.Identifier | data/lseg/raw/90_INTERMEDIATE/SCREENSHOTS/6a48aa3a-47d9-431b-a8d4-4b421a82f395.png:Zone.Identifier | data/lseg/raw/90_INTERMEDIATE/SCREENSHOTS/6b0bf7a6-4724-4c1c-98c7-10c623883a8b.png:Zone.Identifier | data/lseg/raw/90_INTERMEDIATE/SCREENSHOTS/7cdf8489-62e1-4566-9c92-ddde781dfc41.png:Zone.Identifier | data/lseg/raw/90_INTERMEDIATE/SCREENSHOTS/839b9904-b506-4600-a582-19546fc0d0dc.png:Zone.Identifier | data/lseg/raw/90_INTERMEDIATE/SCREENSHOTS/87b02fce-0b58-4ead-b793-267dd464b8ec.png:Zone.Identifier | data/lseg/raw/90_INTERMEDIATE/SCREENSHOTS/917dfe63-9fd2-4e78-89c4-b98dcf9f033f.png:Zone.Identifier | data/lseg/raw/90_INTERMEDIATE/SCREENSHOTS/990167dc-a3d5-4b22-acec-131b4e0f87c9.png:Zone.Identifier | data/lseg/raw/90_INTERMEDIATE/SCREENSHOTS/af6db8b3-1471-4a8e-9879-1e782574016e.png:Zone.Identifier | data/lseg/raw/90_INTERMEDIATE/SCREENSHOTS/b94c25b1-cacf-496f-802b-f74a6ec3c376.png:Zone.Identifier | data/lseg/raw/90_INTERMEDIATE/SCREENSHOTS/bc276a5b-6ae8-473b-abe3-2d17e33bcdd3.png:Zone.Identifier | data/lseg/raw/90_INTERMEDIATE/SCREENSHOTS/chart_100049390.embedded.png:Zone.Identifier | data/lseg/raw/90_INTERMEDIATE/SCREENSHOTS/chart_100127248.embedded.png:Zone.Identifier | data/lseg/raw/90_INTERMEDIATE/SCREENSHOTS/crop_che.png:Zone.Identifier | data/lseg/raw/90_INTERMEDIATE/SCREENSHOTS/de1ee218-60dc-4b11-b243-1f352c398785.png:Zone.Identifier | data/lseg/raw/99_UNCLASSIFIED_RETAINED/LSEG_DISCOVERY_RAW_NOTES.txt:Zone.Identifier | data/lseg/raw/99_UNCLASSIFIED_RETAINED/table_100016453.xls:Zone.Identifier | data/lseg/raw/CH_DA_RAW.xlsx:Zone.Identifier | data/lseg/raw/DE_DA_RAW.xlsx:Zone.Identifier | data/lseg/raw/EDF_NUCLEAR_OUTAGE_REVISIONS_PIT.csv:Zone.Identifier | data/lseg/raw/EDF_NUCLEAR_PIT_DAILY_2021_2026.csv:Zone.Identifier | data/lseg/raw/FR_15M_RAW.xlsx:Zone.Identifier | data/lseg/raw/FR_DA_RAW_COMBINED.xlsx:Zone.Identifier | data/lseg/raw/Historique des indispo des moyens de production - depuis 2015 - 07092026-full.csv:Zone.Identifier | data/lseg/raw/IT_DA_RAW (1).xlsx:Zone.Identifier | data/lseg/raw/IT_DA_RAW.xlsx:Zone.Identifier | data/lseg/raw/IT_DEMAND_15M_ALL_ZONES_TEMPLATE.xlsx:Zone.Identifier | data/lseg/raw/IT_DEMAND_15M_NORTH.xlsx:Zone.Identifier | data/lseg/raw/IT_DEMAND_HOURLY.xlsx:Zone.Identifier | data/lseg/raw/publications-transparence-et-remit-liste-des-messages-edf-sa.csv:Zone.Identifier,Windows download-origin sidecar; excluded from data analysis.
data/lseg/raw/01_CORE_HISTORICAL/FR_NUCLEAR_PIT/EDF_NUCLEAR_PIT_SUMMARY.txt,EDF_NUCLEAR_PIT_SUMMARY.txt,txt,dataset,outages/availability,French nuclear outages,FR,Not applicable/non-tabular or not safely extractable,Not applicable or not declared,Not safely extractable,Not determined from file metadata,Not determined,Not determinable,Not safely extractable,Not safely extractable,Not safely extractable,161,Not applicable/non-tabular,PIT_STRONG,No corresponding model-ready family in Databricks inventory,,,EDF nuclear availability domain.
data/lseg/raw/01_CORE_HISTORICAL/FR_NUCLEAR_PIT/EDF_NUCLEAR_PIT_SUMMARY.txt:Zone.Identifier,EDF_NUCLEAR_PIT_SUMMARY.txt:Zone.Identifier,identifier,metadata_sidecar,ancillary file metadata,Zone.Identifier,UNKNOWN,Not applicable/non-tabular or not safely extractable,Not applicable or not declared,Not safely extractable,Not determined from file metadata,Not determined,Not determinable,Not safely extractable,Not safely extractable,Not safely extractable,25,Not applicable/non-tabular,UNKNOWN,None,,data/lseg/raw/00_START_HERE/ANONYMOUS_XLS_MAPPING.md:Zone.Identifier | data/lseg/raw/00_START_HERE/DATA_CATALOG.csv:Zone.Identifier | data/lseg/raw/00_START_HERE/EXTRACTION_STATUS_AND_GAPS.md:Zone.Identifier | data/lseg/raw/00_START_HERE/LICENSE_NOTES.md:Zone.Identifier | data/lseg/raw/00_START_HERE/MANIFEST_SHA256.csv:Zone.Identifier | data/lseg/raw/00_START_HERE/MISSING_CH_DE_RECOVERY.md:Zone.Identifier | data/lseg/raw/00_START_HERE/MISSING_CH_DE_RICS.csv:Zone.Identifier | data/lseg/raw/00_START_HERE/PROJECT_OBJECTIVE.txt:Zone.Identifier | data/lseg/raw/00_START_HERE/README_FIRST.md:Zone.Identifier | data/lseg/raw/00_START_HERE/RIC_FAMILIES.csv:Zone.Identifier | data/lseg/raw/01_CORE_HISTORICAL/FR_NUCLEAR_PIT/EDF_NUCLEAR_OUTAGE_REVISIONS_PIT.csv:Zone.Identifier | data/lseg/raw/01_CORE_HISTORICAL/FR_NUCLEAR_PIT/EDF_NUCLEAR_PIT_DAILY_2021_2026.csv:Zone.Identifier | data/lseg/raw/01_CORE_HISTORICAL/FR_NUCLEAR_PIT/EDF_NUCLEAR_PIT_SUMMARY.txt:Zone.Identifier | data/lseg/raw/01_CORE_HISTORICAL/LSEG_DEMAND/IT_DEMAND_15M_ALL_7_ZONES_2025_2026.xlsx:Zone.Identifier | data/lseg/raw/01_CORE_HISTORICAL/LSEG_DEMAND/IT_DEMAND_HOURLY_2021_2025.xlsx:Zone.Identifier | data/lseg/raw/01_CORE_HISTORICAL/LSEG_PRICES/FR_DAY_AHEAD_HOURLY_AND_15M.xlsx:Zone.Identifier | data/lseg/raw/01_CORE_HISTORICAL/LSEG_PRICES/IT_DAY_AHEAD_HOURLY_AND_15M.xlsx:Zone.Identifier | data/lseg/raw/02_SOURCE_RAW/FR_NUCLEAR/EDF_OUTAGE_HISTORY_RAW.csv:Zone.Identifier | data/lseg/raw/02_SOURCE_RAW/FR_NUCLEAR/EDF_TRANSPARENCY_REMIT_MESSAGES_RAW.csv:Zone.Identifier | data/lseg/raw/03_CURRENT_RECENT_LSEG/COST_CURVES/cost_curves_2026910_21432.xlsx:Zone.Identifier | data/lseg/raw/03_CURRENT_RECENT_LSEG/COST_CURVES/cost_curves_2026910_21543.xlsx:Zone.Identifier | data/lseg/raw/03_CURRENT_RECENT_LSEG/COST_CURVES/cost_curves_2026910_2164.xlsx:Zone.Identifier | data/lseg/raw/03_CURRENT_RECENT_LSEG/RESIDUAL_LOAD/CWE_RESIDUAL_LOAD_REPORT.pdf:Zone.Identifier | data/lseg/raw/03_CURRENT_RECENT_LSEG/RESIDUAL_LOAD/DE_RESIDUAL_LOAD_CURRENT_RECENT.xls:Zone.Identifier | data/lseg/raw/03_CURRENT_RECENT_LSEG/RESIDUAL_LOAD/DE_RESIDUAL_LOAD_REPORT.pdf:Zone.Identifier | data/lseg/raw/03_CURRENT_RECENT_LSEG/RESIDUAL_LOAD/FR_IT_RESIDUAL_LOAD_EXPORT_A.xls:Zone.Identifier | data/lseg/raw/03_CURRENT_RECENT_LSEG/RESIDUAL_LOAD/FR_IT_RESIDUAL_LOAD_EXPORT_B.xls:Zone.Identifier | data/lseg/raw/03_CURRENT_RECENT_LSEG/SUPPLY_WIND_SOLAR/GB_EMBEDDED_SOLAR_REPORT.pdf:Zone.Identifier | data/lseg/raw/03_CURRENT_RECENT_LSEG/SUPPLY_WIND_SOLAR/GB_EMBEDDED_WIND_REPORT.pdf:Zone.Identifier | data/lseg/raw/03_CURRENT_RECENT_LSEG/SUPPLY_WIND_SOLAR/SUPPLY_WIND_REPORT.pdf:Zone.Identifier | data/lseg/raw/03_CURRENT_RECENT_LSEG/WEATHER/CLOUD_COVER_CH.xls:Zone.Identifier | data/lseg/raw/03_CURRENT_RECENT_LSEG/WEATHER/CLOUD_COVER_REPORT.pdf:Zone.Identifier | data/lseg/raw/03_CURRENT_RECENT_LSEG/WEATHER/ECMWF_CLUSTER_REPORT.pdf:Zone.Identifier | data/lseg/raw/03_CURRENT_RECENT_LSEG/WEATHER/NAO_AO_REPORT.pdf:Zone.Identifier | data/lseg/raw/03_CURRENT_RECENT_LSEG/WEATHER/PRECIPITATION_ALP_AREA_REPORT.pdf:Zone.Identifier | data/lseg/raw/03_CURRENT_RECENT_LSEG/WEATHER/PRECIPITATION_CH_EFFECTIVE.xls:Zone.Identifier | data/lseg/raw/03_CURRENT_RECENT_LSEG/WEATHER/TEMPERATURE_DE_FR_AT_CH_TABLE.xls:Zone.Identifier | data/lseg/raw/03_CURRENT_RECENT_LSEG/WEATHER/TEMPERATURE_IT_CHART.xls:Zone.Identifier | data/lseg/raw/03_CURRENT_RECENT_LSEG/WEATHER/TEMPERATURE_REPORT.pdf:Zone.Identifier | data/lseg/raw/04_CROSS_BORDER_REFERENCE/01_PRICE_FLOW_GRAPH_CHE_VISIBLE.png:Zone.Identifier | data/lseg/raw/04_CROSS_BORDER_REFERENCE/02_DEU_SELECTED_CONNECTIONS.png:Zone.Identifier | data/lseg/raw/04_CROSS_BORDER_REFERENCE/03_NET_IMPORT_GRAPH.png:Zone.Identifier | data/lseg/raw/04_CROSS_BORDER_REFERENCE/04_NET_IMPORT_CHE_SELECTED_00.png:Zone.Identifier | data/lseg/raw/04_CROSS_BORDER_REFERENCE/05_NET_IMPORT_CHE_SELECTED_12.png:Zone.Identifier | data/lseg/raw/04_CROSS_BORDER_REFERENCE/06_CAPACITY_DIRECTION_1_CHE_SELECTED.png:Zone.Identifier | data/lseg/raw/04_CROSS_BORDER_REFERENCE/07_CAPACITY_DIRECTION_2_CHE_SELECTED_A.png:Zone.Identifier | data/lseg/raw/04_CROSS_BORDER_REFERENCE/08_CAPACITY_DIRECTION_2_CHE_SELECTED_B.png:Zone.Identifier | data/lseg/raw/04_CROSS_BORDER_REFERENCE/09_CAPACITY_DIRECTION_2_CHE_SELECTED_C.png:Zone.Identifier | data/lseg/raw/04_CROSS_BORDER_REFERENCE/10_SCHEDULED_EXCHANGE_NET_IMPORT_GRAPH.png:Zone.Identifier | data/lseg/raw/04_CROSS_BORDER_REFERENCE/11_SCHEDULED_EXCHANGE_CHE_SELECTED.png:Zone.Identifier | data/lseg/raw/04_CROSS_BORDER_REFERENCE/FLOWS_GRAPH_REPORT.pdf:Zone.Identifier | data/lseg/raw/05_LSEG_REFERENCE_PDFS/DEMAND_CONSUMPTION_OVERVIEW.pdf:Zone.Identifier | data/lseg/raw/90_INTERMEDIATE/LSEG_PRICE_DEMAND/FR_15M_RAW.xls.xlsx:Zone.Identifier | data/lseg/raw/90_INTERMEDIATE/LSEG_PRICE_DEMAND/FR_DA_RAW.xlsx:Zone.Identifier | data/lseg/raw/90_INTERMEDIATE/LSEG_PRICE_DEMAND/IT_DA_RAW(1).xlsx:Zone.Identifier | data/lseg/raw/90_INTERMEDIATE/LSEG_PRICE_DEMAND/IT_DA_RAW(2).xlsx:Zone.Identifier | data/lseg/raw/90_INTERMEDIATE/LSEG_PRICE_DEMAND/IT_DA_RAW(3).xlsx:Zone.Identifier | data/lseg/raw/90_INTERMEDIATE/LSEG_PRICE_DEMAND/IT_DA_RAW.xlsx:Zone.Identifier | data/lseg/raw/90_INTERMEDIATE/LSEG_PRICE_DEMAND/IT_DEMAND_15M_ALL_ZONES_TEMPLATE.xlsx:Zone.Identifier | data/lseg/raw/90_INTERMEDIATE/LSEG_PRICE_DEMAND/IT_DEMAND_15M_NORTH.xlsx:Zone.Identifier | data/lseg/raw/90_INTERMEDIATE/LSEG_PRICE_DEMAND/Mappe1(1).xlsx:Zone.Identifier | data/lseg/raw/90_INTERMEDIATE/LSEG_PRICE_DEMAND/Mappe1(2).xlsx:Zone.Identifier | data/lseg/raw/90_INTERMEDIATE/LSEG_PRICE_DEMAND/Mappe1(3).xlsx:Zone.Identifier | data/lseg/raw/90_INTERMEDIATE/LSEG_PRICE_DEMAND/Mappe1(4).xlsx:Zone.Identifier | data/lseg/raw/90_INTERMEDIATE/LSEG_PRICE_DEMAND/Mappe1(5).xlsx:Zone.Identifier | data/lseg/raw/90_INTERMEDIATE/SCREENSHOTS/0a528483-087b-4a33-a2f3-ecdd62770a3a.png:Zone.Identifier | data/lseg/raw/90_INTERMEDIATE/SCREENSHOTS/1609bf25-22b3-4c50-817b-fa945dba6bfe.png:Zone.Identifier | data/lseg/raw/90_INTERMEDIATE/SCREENSHOTS/1d02b907-f21b-48aa-bff6-9bb501bffd31.png:Zone.Identifier | data/lseg/raw/90_INTERMEDIATE/SCREENSHOTS/2bf92681-8086-451b-ad79-2cf2aaa286bf.png:Zone.Identifier | data/lseg/raw/90_INTERMEDIATE/SCREENSHOTS/5048f972-71a5-4bbb-9ebf-495783170275.png:Zone.Identifier | data/lseg/raw/90_INTERMEDIATE/SCREENSHOTS/57688dd7-cfad-46f7-9d61-7173a480ab24.png:Zone.Identifier | data/lseg/raw/90_INTERMEDIATE/SCREENSHOTS/6a48aa3a-47d9-431b-a8d4-4b421a82f395.png:Zone.Identifier | data/lseg/raw/90_INTERMEDIATE/SCREENSHOTS/6b0bf7a6-4724-4c1c-98c7-10c623883a8b.png:Zone.Identifier | data/lseg/raw/90_INTERMEDIATE/SCREENSHOTS/7cdf8489-62e1-4566-9c92-ddde781dfc41.png:Zone.Identifier | data/lseg/raw/90_INTERMEDIATE/SCREENSHOTS/839b9904-b506-4600-a582-19546fc0d0dc.png:Zone.Identifier | data/lseg/raw/90_INTERMEDIATE/SCREENSHOTS/87b02fce-0b58-4ead-b793-267dd464b8ec.png:Zone.Identifier | data/lseg/raw/90_INTERMEDIATE/SCREENSHOTS/917dfe63-9fd2-4e78-89c4-b98dcf9f033f.png:Zone.Identifier | data/lseg/raw/90_INTERMEDIATE/SCREENSHOTS/990167dc-a3d5-4b22-acec-131b4e0f87c9.png:Zone.Identifier | data/lseg/raw/90_INTERMEDIATE/SCREENSHOTS/af6db8b3-1471-4a8e-9879-1e782574016e.png:Zone.Identifier | data/lseg/raw/90_INTERMEDIATE/SCREENSHOTS/b94c25b1-cacf-496f-802b-f74a6ec3c376.png:Zone.Identifier | data/lseg/raw/90_INTERMEDIATE/SCREENSHOTS/bc276a5b-6ae8-473b-abe3-2d17e33bcdd3.png:Zone.Identifier | data/lseg/raw/90_INTERMEDIATE/SCREENSHOTS/chart_100049390.embedded.png:Zone.Identifier | data/lseg/raw/90_INTERMEDIATE/SCREENSHOTS/chart_100127248.embedded.png:Zone.Identifier | data/lseg/raw/90_INTERMEDIATE/SCREENSHOTS/crop_che.png:Zone.Identifier | data/lseg/raw/90_INTERMEDIATE/SCREENSHOTS/de1ee218-60dc-4b11-b243-1f352c398785.png:Zone.Identifier | data/lseg/raw/99_UNCLASSIFIED_RETAINED/LSEG_DISCOVERY_RAW_NOTES.txt:Zone.Identifier | data/lseg/raw/99_UNCLASSIFIED_RETAINED/table_100016453.xls:Zone.Identifier | data/lseg/raw/CH_DA_RAW.xlsx:Zone.Identifier | data/lseg/raw/DE_DA_RAW.xlsx:Zone.Identifier | data/lseg/raw/EDF_NUCLEAR_OUTAGE_REVISIONS_PIT.csv:Zone.Identifier | data/lseg/raw/EDF_NUCLEAR_PIT_DAILY_2021_2026.csv:Zone.Identifier | data/lseg/raw/FR_15M_RAW.xlsx:Zone.Identifier | data/lseg/raw/FR_DA_RAW_COMBINED.xlsx:Zone.Identifier | data/lseg/raw/Historique des indispo des moyens de production - depuis 2015 - 07092026-full.csv:Zone.Identifier | data/lseg/raw/IT_DA_RAW (1).xlsx:Zone.Identifier | data/lseg/raw/IT_DA_RAW.xlsx:Zone.Identifier | data/lseg/raw/IT_DEMAND_15M_ALL_ZONES_TEMPLATE.xlsx:Zone.Identifier | data/lseg/raw/IT_DEMAND_15M_NORTH.xlsx:Zone.Identifier | data/lseg/raw/IT_DEMAND_HOURLY.xlsx:Zone.Identifier | data/lseg/raw/publications-transparence-et-remit-liste-des-messages-edf-sa.csv:Zone.Identifier,Windows download-origin sidecar; excluded from data analysis.
data/lseg/raw/01_CORE_HISTORICAL/LSEG_DEMAND/IT_DEMAND_15M_ALL_7_ZONES_2025_2026.xlsx,IT_DEMAND_15M_ALL_7_ZONES_2025_2026.xlsx,xlsx,dataset,load/demand,Italy demand,IT,Timestamp; TRDPRC_1 (RIC-specific repeated field),MW likely; units not explicitly declared,Timestamp,"('2025-10-01 00:00:00', '2026-09-08 00:00:00')",15-minute (workbook family),observed/market value series; forecast status not encoded,Not present,Timestamp is delivery/observation time; no issue time,Not present in workbook layout,1578506,11/233636 blank data cells in profiled tabular sheets,PIT_RECONSTRUCTABLE,No corresponding model-ready family in Databricks inventory,,data/lseg/raw/01_CORE_HISTORICAL/LSEG_DEMAND/IT_DEMAND_15M_ALL_7_ZONES_2025_2026.xlsx | data/lseg/raw/IT_DEMAND_15M_ALL_ZONES_TEMPLATE.xlsx,LSEG demand export; exact units are not declared in workbook cells. Exact-content duplicate of another retained path; count once for unique information.
data/lseg/raw/01_CORE_HISTORICAL/LSEG_DEMAND/IT_DEMAND_15M_ALL_7_ZONES_2025_2026.xlsx:Zone.Identifier,IT_DEMAND_15M_ALL_7_ZONES_2025_2026.xlsx:Zone.Identifier,identifier,metadata_sidecar,ancillary file metadata,Zone.Identifier,UNKNOWN,Not applicable/non-tabular or not safely extractable,Not applicable or not declared,Not safely extractable,Not determined from file metadata,Not determined,Not determinable,Not safely extractable,Not safely extractable,Not safely extractable,25,Not applicable/non-tabular,UNKNOWN,None,,data/lseg/raw/00_START_HERE/ANONYMOUS_XLS_MAPPING.md:Zone.Identifier | data/lseg/raw/00_START_HERE/DATA_CATALOG.csv:Zone.Identifier | data/lseg/raw/00_START_HERE/EXTRACTION_STATUS_AND_GAPS.md:Zone.Identifier | data/lseg/raw/00_START_HERE/LICENSE_NOTES.md:Zone.Identifier | data/lseg/raw/00_START_HERE/MANIFEST_SHA256.csv:Zone.Identifier | data/lseg/raw/00_START_HERE/MISSING_CH_DE_RECOVERY.md:Zone.Identifier | data/lseg/raw/00_START_HERE/MISSING_CH_DE_RICS.csv:Zone.Identifier | data/lseg/raw/00_START_HERE/PROJECT_OBJECTIVE.txt:Zone.Identifier | data/lseg/raw/00_START_HERE/README_FIRST.md:Zone.Identifier | data/lseg/raw/00_START_HERE/RIC_FAMILIES.csv:Zone.Identifier | data/lseg/raw/01_CORE_HISTORICAL/FR_NUCLEAR_PIT/EDF_NUCLEAR_OUTAGE_REVISIONS_PIT.csv:Zone.Identifier | data/lseg/raw/01_CORE_HISTORICAL/FR_NUCLEAR_PIT/EDF_NUCLEAR_PIT_DAILY_2021_2026.csv:Zone.Identifier | data/lseg/raw/01_CORE_HISTORICAL/FR_NUCLEAR_PIT/EDF_NUCLEAR_PIT_SUMMARY.txt:Zone.Identifier | data/lseg/raw/01_CORE_HISTORICAL/LSEG_DEMAND/IT_DEMAND_15M_ALL_7_ZONES_2025_2026.xlsx:Zone.Identifier | data/lseg/raw/01_CORE_HISTORICAL/LSEG_DEMAND/IT_DEMAND_HOURLY_2021_2025.xlsx:Zone.Identifier | data/lseg/raw/01_CORE_HISTORICAL/LSEG_PRICES/FR_DAY_AHEAD_HOURLY_AND_15M.xlsx:Zone.Identifier | data/lseg/raw/01_CORE_HISTORICAL/LSEG_PRICES/IT_DAY_AHEAD_HOURLY_AND_15M.xlsx:Zone.Identifier | data/lseg/raw/02_SOURCE_RAW/FR_NUCLEAR/EDF_OUTAGE_HISTORY_RAW.csv:Zone.Identifier | data/lseg/raw/02_SOURCE_RAW/FR_NUCLEAR/EDF_TRANSPARENCY_REMIT_MESSAGES_RAW.csv:Zone.Identifier | data/lseg/raw/03_CURRENT_RECENT_LSEG/COST_CURVES/cost_curves_2026910_21432.xlsx:Zone.Identifier | data/lseg/raw/03_CURRENT_RECENT_LSEG/COST_CURVES/cost_curves_2026910_21543.xlsx:Zone.Identifier | data/lseg/raw/03_CURRENT_RECENT_LSEG/COST_CURVES/cost_curves_2026910_2164.xlsx:Zone.Identifier | data/lseg/raw/03_CURRENT_RECENT_LSEG/RESIDUAL_LOAD/CWE_RESIDUAL_LOAD_REPORT.pdf:Zone.Identifier | data/lseg/raw/03_CURRENT_RECENT_LSEG/RESIDUAL_LOAD/DE_RESIDUAL_LOAD_CURRENT_RECENT.xls:Zone.Identifier | data/lseg/raw/03_CURRENT_RECENT_LSEG/RESIDUAL_LOAD/DE_RESIDUAL_LOAD_REPORT.pdf:Zone.Identifier | data/lseg/raw/03_CURRENT_RECENT_LSEG/RESIDUAL_LOAD/FR_IT_RESIDUAL_LOAD_EXPORT_A.xls:Zone.Identifier | data/lseg/raw/03_CURRENT_RECENT_LSEG/RESIDUAL_LOAD/FR_IT_RESIDUAL_LOAD_EXPORT_B.xls:Zone.Identifier | data/lseg/raw/03_CURRENT_RECENT_LSEG/SUPPLY_WIND_SOLAR/GB_EMBEDDED_SOLAR_REPORT.pdf:Zone.Identifier | data/lseg/raw/03_CURRENT_RECENT_LSEG/SUPPLY_WIND_SOLAR/GB_EMBEDDED_WIND_REPORT.pdf:Zone.Identifier | data/lseg/raw/03_CURRENT_RECENT_LSEG/SUPPLY_WIND_SOLAR/SUPPLY_WIND_REPORT.pdf:Zone.Identifier | data/lseg/raw/03_CURRENT_RECENT_LSEG/WEATHER/CLOUD_COVER_CH.xls:Zone.Identifier | data/lseg/raw/03_CURRENT_RECENT_LSEG/WEATHER/CLOUD_COVER_REPORT.pdf:Zone.Identifier | data/lseg/raw/03_CURRENT_RECENT_LSEG/WEATHER/ECMWF_CLUSTER_REPORT.pdf:Zone.Identifier | data/lseg/raw/03_CURRENT_RECENT_LSEG/WEATHER/NAO_AO_REPORT.pdf:Zone.Identifier | data/lseg/raw/03_CURRENT_RECENT_LSEG/WEATHER/PRECIPITATION_ALP_AREA_REPORT.pdf:Zone.Identifier | data/lseg/raw/03_CURRENT_RECENT_LSEG/WEATHER/PRECIPITATION_CH_EFFECTIVE.xls:Zone.Identifier | data/lseg/raw/03_CURRENT_RECENT_LSEG/WEATHER/TEMPERATURE_DE_FR_AT_CH_TABLE.xls:Zone.Identifier | data/lseg/raw/03_CURRENT_RECENT_LSEG/WEATHER/TEMPERATURE_IT_CHART.xls:Zone.Identifier | data/lseg/raw/03_CURRENT_RECENT_LSEG/WEATHER/TEMPERATURE_REPORT.pdf:Zone.Identifier | data/lseg/raw/04_CROSS_BORDER_REFERENCE/01_PRICE_FLOW_GRAPH_CHE_VISIBLE.png:Zone.Identifier | data/lseg/raw/04_CROSS_BORDER_REFERENCE/02_DEU_SELECTED_CONNECTIONS.png:Zone.Identifier | data/lseg/raw/04_CROSS_BORDER_REFERENCE/03_NET_IMPORT_GRAPH.png:Zone.Identifier | data/lseg/raw/04_CROSS_BORDER_REFERENCE/04_NET_IMPORT_CHE_SELECTED_00.png:Zone.Identifier | data/lseg/raw/04_CROSS_BORDER_REFERENCE/05_NET_IMPORT_CHE_SELECTED_12.png:Zone.Identifier | data/lseg/raw/04_CROSS_BORDER_REFERENCE/06_CAPACITY_DIRECTION_1_CHE_SELECTED.png:Zone.Identifier | data/lseg/raw/04_CROSS_BORDER_REFERENCE/07_CAPACITY_DIRECTION_2_CHE_SELECTED_A.png:Zone.Identifier | data/lseg/raw/04_CROSS_BORDER_REFERENCE/08_CAPACITY_DIRECTION_2_CHE_SELECTED_B.png:Zone.Identifier | data/lseg/raw/04_CROSS_BORDER_REFERENCE/09_CAPACITY_DIRECTION_2_CHE_SELECTED_C.png:Zone.Identifier | data/lseg/raw/04_CROSS_BORDER_REFERENCE/10_SCHEDULED_EXCHANGE_NET_IMPORT_GRAPH.png:Zone.Identifier | data/lseg/raw/04_CROSS_BORDER_REFERENCE/11_SCHEDULED_EXCHANGE_CHE_SELECTED.png:Zone.Identifier | data/lseg/raw/04_CROSS_BORDER_REFERENCE/FLOWS_GRAPH_REPORT.pdf:Zone.Identifier | data/lseg/raw/05_LSEG_REFERENCE_PDFS/DEMAND_CONSUMPTION_OVERVIEW.pdf:Zone.Identifier | data/lseg/raw/90_INTERMEDIATE/LSEG_PRICE_DEMAND/FR_15M_RAW.xls.xlsx:Zone.Identifier | data/lseg/raw/90_INTERMEDIATE/LSEG_PRICE_DEMAND/FR_DA_RAW.xlsx:Zone.Identifier | data/lseg/raw/90_INTERMEDIATE/LSEG_PRICE_DEMAND/IT_DA_RAW(1).xlsx:Zone.Identifier | data/lseg/raw/90_INTERMEDIATE/LSEG_PRICE_DEMAND/IT_DA_RAW(2).xlsx:Zone.Identifier | data/lseg/raw/90_INTERMEDIATE/LSEG_PRICE_DEMAND/IT_DA_RAW(3).xlsx:Zone.Identifier | data/lseg/raw/90_INTERMEDIATE/LSEG_PRICE_DEMAND/IT_DA_RAW.xlsx:Zone.Identifier | data/lseg/raw/90_INTERMEDIATE/LSEG_PRICE_DEMAND/IT_DEMAND_15M_ALL_ZONES_TEMPLATE.xlsx:Zone.Identifier | data/lseg/raw/90_INTERMEDIATE/LSEG_PRICE_DEMAND/IT_DEMAND_15M_NORTH.xlsx:Zone.Identifier | data/lseg/raw/90_INTERMEDIATE/LSEG_PRICE_DEMAND/Mappe1(1).xlsx:Zone.Identifier | data/lseg/raw/90_INTERMEDIATE/LSEG_PRICE_DEMAND/Mappe1(2).xlsx:Zone.Identifier | data/lseg/raw/90_INTERMEDIATE/LSEG_PRICE_DEMAND/Mappe1(3).xlsx:Zone.Identifier | data/lseg/raw/90_INTERMEDIATE/LSEG_PRICE_DEMAND/Mappe1(4).xlsx:Zone.Identifier | data/lseg/raw/90_INTERMEDIATE/LSEG_PRICE_DEMAND/Mappe1(5).xlsx:Zone.Identifier | data/lseg/raw/90_INTERMEDIATE/SCREENSHOTS/0a528483-087b-4a33-a2f3-ecdd62770a3a.png:Zone.Identifier | data/lseg/raw/90_INTERMEDIATE/SCREENSHOTS/1609bf25-22b3-4c50-817b-fa945dba6bfe.png:Zone.Identifier | data/lseg/raw/90_INTERMEDIATE/SCREENSHOTS/1d02b907-f21b-48aa-bff6-9bb501bffd31.png:Zone.Identifier | data/lseg/raw/90_INTERMEDIATE/SCREENSHOTS/2bf92681-8086-451b-ad79-2cf2aaa286bf.png:Zone.Identifier | data/lseg/raw/90_INTERMEDIATE/SCREENSHOTS/5048f972-71a5-4bbb-9ebf-495783170275.png:Zone.Identifier | data/lseg/raw/90_INTERMEDIATE/SCREENSHOTS/57688dd7-cfad-46f7-9d61-7173a480ab24.png:Zone.Identifier | data/lseg/raw/90_INTERMEDIATE/SCREENSHOTS/6a48aa3a-47d9-431b-a8d4-4b421a82f395.png:Zone.Identifier | data/lseg/raw/90_INTERMEDIATE/SCREENSHOTS/6b0bf7a6-4724-4c1c-98c7-10c623883a8b.png:Zone.Identifier | data/lseg/raw/90_INTERMEDIATE/SCREENSHOTS/7cdf8489-62e1-4566-9c92-ddde781dfc41.png:Zone.Identifier | data/lseg/raw/90_INTERMEDIATE/SCREENSHOTS/839b9904-b506-4600-a582-19546fc0d0dc.png:Zone.Identifier | data/lseg/raw/90_INTERMEDIATE/SCREENSHOTS/87b02fce-0b58-4ead-b793-267dd464b8ec.png:Zone.Identifier | data/lseg/raw/90_INTERMEDIATE/SCREENSHOTS/917dfe63-9fd2-4e78-89c4-b98dcf9f033f.png:Zone.Identifier | data/lseg/raw/90_INTERMEDIATE/SCREENSHOTS/990167dc-a3d5-4b22-acec-131b4e0f87c9.png:Zone.Identifier | data/lseg/raw/90_INTERMEDIATE/SCREENSHOTS/af6db8b3-1471-4a8e-9879-1e782574016e.png:Zone.Identifier | data/lseg/raw/90_INTERMEDIATE/SCREENSHOTS/b94c25b1-cacf-496f-802b-f74a6ec3c376.png:Zone.Identifier | data/lseg/raw/90_INTERMEDIATE/SCREENSHOTS/bc276a5b-6ae8-473b-abe3-2d17e33bcdd3.png:Zone.Identifier | data/lseg/raw/90_INTERMEDIATE/SCREENSHOTS/chart_100049390.embedded.png:Zone.Identifier | data/lseg/raw/90_INTERMEDIATE/SCREENSHOTS/chart_100127248.embedded.png:Zone.Identifier | data/lseg/raw/90_INTERMEDIATE/SCREENSHOTS/crop_che.png:Zone.Identifier | data/lseg/raw/90_INTERMEDIATE/SCREENSHOTS/de1ee218-60dc-4b11-b243-1f352c398785.png:Zone.Identifier | data/lseg/raw/99_UNCLASSIFIED_RETAINED/LSEG_DISCOVERY_RAW_NOTES.txt:Zone.Identifier | data/lseg/raw/99_UNCLASSIFIED_RETAINED/table_100016453.xls:Zone.Identifier | data/lseg/raw/CH_DA_RAW.xlsx:Zone.Identifier | data/lseg/raw/DE_DA_RAW.xlsx:Zone.Identifier | data/lseg/raw/EDF_NUCLEAR_OUTAGE_REVISIONS_PIT.csv:Zone.Identifier | data/lseg/raw/EDF_NUCLEAR_PIT_DAILY_2021_2026.csv:Zone.Identifier | data/lseg/raw/FR_15M_RAW.xlsx:Zone.Identifier | data/lseg/raw/FR_DA_RAW_COMBINED.xlsx:Zone.Identifier | data/lseg/raw/Historique des indispo des moyens de production - depuis 2015 - 07092026-full.csv:Zone.Identifier | data/lseg/raw/IT_DA_RAW (1).xlsx:Zone.Identifier | data/lseg/raw/IT_DA_RAW.xlsx:Zone.Identifier | data/lseg/raw/IT_DEMAND_15M_ALL_ZONES_TEMPLATE.xlsx:Zone.Identifier | data/lseg/raw/IT_DEMAND_15M_NORTH.xlsx:Zone.Identifier | data/lseg/raw/IT_DEMAND_HOURLY.xlsx:Zone.Identifier | data/lseg/raw/publications-transparence-et-remit-liste-des-messages-edf-sa.csv:Zone.Identifier,Windows download-origin sidecar; excluded from data analysis.
data/lseg/raw/01_CORE_HISTORICAL/LSEG_DEMAND/IT_DEMAND_HOURLY_2021_2025.xlsx,IT_DEMAND_HOURLY_2021_2025.xlsx,xlsx,dataset,load/demand,Italy demand,IT,Timestamp; TRDPRC_1 (RIC-specific repeated field),MW likely; units not explicitly declared,Timestamp,"('2021-01-01 00:00:00', '2025-09-29 00:00:00')",hourly (workbook family),observed/market value series; forecast status not encoded,Not present,Timestamp is delivery/observation time; no issue time,Not present in workbook layout,812062,0/84913 blank data cells in profiled tabular sheets,PIT_RECONSTRUCTABLE,No corresponding model-ready family in Databricks inventory,,data/lseg/raw/01_CORE_HISTORICAL/LSEG_DEMAND/IT_DEMAND_HOURLY_2021_2025.xlsx | data/lseg/raw/IT_DEMAND_HOURLY.xlsx,LSEG demand export; exact units are not declared in workbook cells. Exact-content duplicate of another retained path; count once for unique information.
data/lseg/raw/01_CORE_HISTORICAL/LSEG_DEMAND/IT_DEMAND_HOURLY_2021_2025.xlsx:Zone.Identifier,IT_DEMAND_HOURLY_2021_2025.xlsx:Zone.Identifier,identifier,metadata_sidecar,ancillary file metadata,Zone.Identifier,UNKNOWN,Not applicable/non-tabular or not safely extractable,Not applicable or not declared,Not safely extractable,Not determined from file metadata,Not determined,Not determinable,Not safely extractable,Not safely extractable,Not safely extractable,25,Not applicable/non-tabular,UNKNOWN,None,,data/lseg/raw/00_START_HERE/ANONYMOUS_XLS_MAPPING.md:Zone.Identifier | data/lseg/raw/00_START_HERE/DATA_CATALOG.csv:Zone.Identifier | data/lseg/raw/00_START_HERE/EXTRACTION_STATUS_AND_GAPS.md:Zone.Identifier | data/lseg/raw/00_START_HERE/LICENSE_NOTES.md:Zone.Identifier | data/lseg/raw/00_START_HERE/MANIFEST_SHA256.csv:Zone.Identifier | data/lseg/raw/00_START_HERE/MISSING_CH_DE_RECOVERY.md:Zone.Identifier | data/lseg/raw/00_START_HERE/MISSING_CH_DE_RICS.csv:Zone.Identifier | data/lseg/raw/00_START_HERE/PROJECT_OBJECTIVE.txt:Zone.Identifier | data/lseg/raw/00_START_HERE/README_FIRST.md:Zone.Identifier | data/lseg/raw/00_START_HERE/RIC_FAMILIES.csv:Zone.Identifier | data/lseg/raw/01_CORE_HISTORICAL/FR_NUCLEAR_PIT/EDF_NUCLEAR_OUTAGE_REVISIONS_PIT.csv:Zone.Identifier | data/lseg/raw/01_CORE_HISTORICAL/FR_NUCLEAR_PIT/EDF_NUCLEAR_PIT_DAILY_2021_2026.csv:Zone.Identifier | data/lseg/raw/01_CORE_HISTORICAL/FR_NUCLEAR_PIT/EDF_NUCLEAR_PIT_SUMMARY.txt:Zone.Identifier | data/lseg/raw/01_CORE_HISTORICAL/LSEG_DEMAND/IT_DEMAND_15M_ALL_7_ZONES_2025_2026.xlsx:Zone.Identifier | data/lseg/raw/01_CORE_HISTORICAL/LSEG_DEMAND/IT_DEMAND_HOURLY_2021_2025.xlsx:Zone.Identifier | data/lseg/raw/01_CORE_HISTORICAL/LSEG_PRICES/FR_DAY_AHEAD_HOURLY_AND_15M.xlsx:Zone.Identifier | data/lseg/raw/01_CORE_HISTORICAL/LSEG_PRICES/IT_DAY_AHEAD_HOURLY_AND_15M.xlsx:Zone.Identifier | data/lseg/raw/02_SOURCE_RAW/FR_NUCLEAR/EDF_OUTAGE_HISTORY_RAW.csv:Zone.Identifier | data/lseg/raw/02_SOURCE_RAW/FR_NUCLEAR/EDF_TRANSPARENCY_REMIT_MESSAGES_RAW.csv:Zone.Identifier | data/lseg/raw/03_CURRENT_RECENT_LSEG/COST_CURVES/cost_curves_2026910_21432.xlsx:Zone.Identifier | data/lseg/raw/03_CURRENT_RECENT_LSEG/COST_CURVES/cost_curves_2026910_21543.xlsx:Zone.Identifier | data/lseg/raw/03_CURRENT_RECENT_LSEG/COST_CURVES/cost_curves_2026910_2164.xlsx:Zone.Identifier | data/lseg/raw/03_CURRENT_RECENT_LSEG/RESIDUAL_LOAD/CWE_RESIDUAL_LOAD_REPORT.pdf:Zone.Identifier | data/lseg/raw/03_CURRENT_RECENT_LSEG/RESIDUAL_LOAD/DE_RESIDUAL_LOAD_CURRENT_RECENT.xls:Zone.Identifier | data/lseg/raw/03_CURRENT_RECENT_LSEG/RESIDUAL_LOAD/DE_RESIDUAL_LOAD_REPORT.pdf:Zone.Identifier | data/lseg/raw/03_CURRENT_RECENT_LSEG/RESIDUAL_LOAD/FR_IT_RESIDUAL_LOAD_EXPORT_A.xls:Zone.Identifier | data/lseg/raw/03_CURRENT_RECENT_LSEG/RESIDUAL_LOAD/FR_IT_RESIDUAL_LOAD_EXPORT_B.xls:Zone.Identifier | data/lseg/raw/03_CURRENT_RECENT_LSEG/SUPPLY_WIND_SOLAR/GB_EMBEDDED_SOLAR_REPORT.pdf:Zone.Identifier | data/lseg/raw/03_CURRENT_RECENT_LSEG/SUPPLY_WIND_SOLAR/GB_EMBEDDED_WIND_REPORT.pdf:Zone.Identifier | data/lseg/raw/03_CURRENT_RECENT_LSEG/SUPPLY_WIND_SOLAR/SUPPLY_WIND_REPORT.pdf:Zone.Identifier | data/lseg/raw/03_CURRENT_RECENT_LSEG/WEATHER/CLOUD_COVER_CH.xls:Zone.Identifier | data/lseg/raw/03_CURRENT_RECENT_LSEG/WEATHER/CLOUD_COVER_REPORT.pdf:Zone.Identifier | data/lseg/raw/03_CURRENT_RECENT_LSEG/WEATHER/ECMWF_CLUSTER_REPORT.pdf:Zone.Identifier | data/lseg/raw/03_CURRENT_RECENT_LSEG/WEATHER/NAO_AO_REPORT.pdf:Zone.Identifier | data/lseg/raw/03_CURRENT_RECENT_LSEG/WEATHER/PRECIPITATION_ALP_AREA_REPORT.pdf:Zone.Identifier | data/lseg/raw/03_CURRENT_RECENT_LSEG/WEATHER/PRECIPITATION_CH_EFFECTIVE.xls:Zone.Identifier | data/lseg/raw/03_CURRENT_RECENT_LSEG/WEATHER/TEMPERATURE_DE_FR_AT_CH_TABLE.xls:Zone.Identifier | data/lseg/raw/03_CURRENT_RECENT_LSEG/WEATHER/TEMPERATURE_IT_CHART.xls:Zone.Identifier | data/lseg/raw/03_CURRENT_RECENT_LSEG/WEATHER/TEMPERATURE_REPORT.pdf:Zone.Identifier | data/lseg/raw/04_CROSS_BORDER_REFERENCE/01_PRICE_FLOW_GRAPH_CHE_VISIBLE.png:Zone.Identifier | data/lseg/raw/04_CROSS_BORDER_REFERENCE/02_DEU_SELECTED_CONNECTIONS.png:Zone.Identifier | data/lseg/raw/04_CROSS_BORDER_REFERENCE/03_NET_IMPORT_GRAPH.png:Zone.Identifier | data/lseg/raw/04_CROSS_BORDER_REFERENCE/04_NET_IMPORT_CHE_SELECTED_00.png:Zone.Identifier | data/lseg/raw/04_CROSS_BORDER_REFERENCE/05_NET_IMPORT_CHE_SELECTED_12.png:Zone.Identifier | data/lseg/raw/04_CROSS_BORDER_REFERENCE/06_CAPACITY_DIRECTION_1_CHE_SELECTED.png:Zone.Identifier | data/lseg/raw/04_CROSS_BORDER_REFERENCE/07_CAPACITY_DIRECTION_2_CHE_SELECTED_A.png:Zone.Identifier | data/lseg/raw/04_CROSS_BORDER_REFERENCE/08_CAPACITY_DIRECTION_2_CHE_SELECTED_B.png:Zone.Identifier | data/lseg/raw/04_CROSS_BORDER_REFERENCE/09_CAPACITY_DIRECTION_2_CHE_SELECTED_C.png:Zone.Identifier | data/lseg/raw/04_CROSS_BORDER_REFERENCE/10_SCHEDULED_EXCHANGE_NET_IMPORT_GRAPH.png:Zone.Identifier | data/lseg/raw/04_CROSS_BORDER_REFERENCE/11_SCHEDULED_EXCHANGE_CHE_SELECTED.png:Zone.Identifier | data/lseg/raw/04_CROSS_BORDER_REFERENCE/FLOWS_GRAPH_REPORT.pdf:Zone.Identifier | data/lseg/raw/05_LSEG_REFERENCE_PDFS/DEMAND_CONSUMPTION_OVERVIEW.pdf:Zone.Identifier | data/lseg/raw/90_INTERMEDIATE/LSEG_PRICE_DEMAND/FR_15M_RAW.xls.xlsx:Zone.Identifier | data/lseg/raw/90_INTERMEDIATE/LSEG_PRICE_DEMAND/FR_DA_RAW.xlsx:Zone.Identifier | data/lseg/raw/90_INTERMEDIATE/LSEG_PRICE_DEMAND/IT_DA_RAW(1).xlsx:Zone.Identifier | data/lseg/raw/90_INTERMEDIATE/LSEG_PRICE_DEMAND/IT_DA_RAW(2).xlsx:Zone.Identifier | data/lseg/raw/90_INTERMEDIATE/LSEG_PRICE_DEMAND/IT_DA_RAW(3).xlsx:Zone.Identifier | data/lseg/raw/90_INTERMEDIATE/LSEG_PRICE_DEMAND/IT_DA_RAW.xlsx:Zone.Identifier | data/lseg/raw/90_INTERMEDIATE/LSEG_PRICE_DEMAND/IT_DEMAND_15M_ALL_ZONES_TEMPLATE.xlsx:Zone.Identifier | data/lseg/raw/90_INTERMEDIATE/LSEG_PRICE_DEMAND/IT_DEMAND_15M_NORTH.xlsx:Zone.Identifier | data/lseg/raw/90_INTERMEDIATE/LSEG_PRICE_DEMAND/Mappe1(1).xlsx:Zone.Identifier | data/lseg/raw/90_INTERMEDIATE/LSEG_PRICE_DEMAND/Mappe1(2).xlsx:Zone.Identifier | data/lseg/raw/90_INTERMEDIATE/LSEG_PRICE_DEMAND/Mappe1(3).xlsx:Zone.Identifier | data/lseg/raw/90_INTERMEDIATE/LSEG_PRICE_DEMAND/Mappe1(4).xlsx:Zone.Identifier | data/lseg/raw/90_INTERMEDIATE/LSEG_PRICE_DEMAND/Mappe1(5).xlsx:Zone.Identifier | data/lseg/raw/90_INTERMEDIATE/SCREENSHOTS/0a528483-087b-4a33-a2f3-ecdd62770a3a.png:Zone.Identifier | data/lseg/raw/90_INTERMEDIATE/SCREENSHOTS/1609bf25-22b3-4c50-817b-fa945dba6bfe.png:Zone.Identifier | data/lseg/raw/90_INTERMEDIATE/SCREENSHOTS/1d02b907-f21b-48aa-bff6-9bb501bffd31.png:Zone.Identifier | data/lseg/raw/90_INTERMEDIATE/SCREENSHOTS/2bf92681-8086-451b-ad79-2cf2aaa286bf.png:Zone.Identifier | data/lseg/raw/90_INTERMEDIATE/SCREENSHOTS/5048f972-71a5-4bbb-9ebf-495783170275.png:Zone.Identifier | data/lseg/raw/90_INTERMEDIATE/SCREENSHOTS/57688dd7-cfad-46f7-9d61-7173a480ab24.png:Zone.Identifier | data/lseg/raw/90_INTERMEDIATE/SCREENSHOTS/6a48aa3a-47d9-431b-a8d4-4b421a82f395.png:Zone.Identifier | data/lseg/raw/90_INTERMEDIATE/SCREENSHOTS/6b0bf7a6-4724-4c1c-98c7-10c623883a8b.png:Zone.Identifier | data/lseg/raw/90_INTERMEDIATE/SCREENSHOTS/7cdf8489-62e1-4566-9c92-ddde781dfc41.png:Zone.Identifier | data/lseg/raw/90_INTERMEDIATE/SCREENSHOTS/839b9904-b506-4600-a582-19546fc0d0dc.png:Zone.Identifier | data/lseg/raw/90_INTERMEDIATE/SCREENSHOTS/87b02fce-0b58-4ead-b793-267dd464b8ec.png:Zone.Identifier | data/lseg/raw/90_INTERMEDIATE/SCREENSHOTS/917dfe63-9fd2-4e78-89c4-b98dcf9f033f.png:Zone.Identifier | data/lseg/raw/90_INTERMEDIATE/SCREENSHOTS/990167dc-a3d5-4b22-acec-131b4e0f87c9.png:Zone.Identifier | data/lseg/raw/90_INTERMEDIATE/SCREENSHOTS/af6db8b3-1471-4a8e-9879-1e782574016e.png:Zone.Identifier | data/lseg/raw/90_INTERMEDIATE/SCREENSHOTS/b94c25b1-cacf-496f-802b-f74a6ec3c376.png:Zone.Identifier | data/lseg/raw/90_INTERMEDIATE/SCREENSHOTS/bc276a5b-6ae8-473b-abe3-2d17e33bcdd3.png:Zone.Identifier | data/lseg/raw/90_INTERMEDIATE/SCREENSHOTS/chart_100049390.embedded.png:Zone.Identifier | data/lseg/raw/90_INTERMEDIATE/SCREENSHOTS/chart_100127248.embedded.png:Zone.Identifier | data/lseg/raw/90_INTERMEDIATE/SCREENSHOTS/crop_che.png:Zone.Identifier | data/lseg/raw/90_INTERMEDIATE/SCREENSHOTS/de1ee218-60dc-4b11-b243-1f352c398785.png:Zone.Identifier | data/lseg/raw/99_UNCLASSIFIED_RETAINED/LSEG_DISCOVERY_RAW_NOTES.txt:Zone.Identifier | data/lseg/raw/99_UNCLASSIFIED_RETAINED/table_100016453.xls:Zone.Identifier | data/lseg/raw/CH_DA_RAW.xlsx:Zone.Identifier | data/lseg/raw/DE_DA_RAW.xlsx:Zone.Identifier | data/lseg/raw/EDF_NUCLEAR_OUTAGE_REVISIONS_PIT.csv:Zone.Identifier | data/lseg/raw/EDF_NUCLEAR_PIT_DAILY_2021_2026.csv:Zone.Identifier | data/lseg/raw/FR_15M_RAW.xlsx:Zone.Identifier | data/lseg/raw/FR_DA_RAW_COMBINED.xlsx:Zone.Identifier | data/lseg/raw/Historique des indispo des moyens de production - depuis 2015 - 07092026-full.csv:Zone.Identifier | data/lseg/raw/IT_DA_RAW (1).xlsx:Zone.Identifier | data/lseg/raw/IT_DA_RAW.xlsx:Zone.Identifier | data/lseg/raw/IT_DEMAND_15M_ALL_ZONES_TEMPLATE.xlsx:Zone.Identifier | data/lseg/raw/IT_DEMAND_15M_NORTH.xlsx:Zone.Identifier | data/lseg/raw/IT_DEMAND_HOURLY.xlsx:Zone.Identifier | data/lseg/raw/publications-transparence-et-remit-liste-des-messages-edf-sa.csv:Zone.Identifier,Windows download-origin sidecar; excluded from data analysis.
data/lseg/raw/01_CORE_HISTORICAL/LSEG_PRICES/FR_DAY_AHEAD_HOURLY_AND_15M.xlsx,FR_DAY_AHEAD_HOURLY_AND_15M.xlsx,xlsx,dataset,prices/day-ahead,day-ahead power prices,FR,Timestamp; TRDPRC_1 (RIC-specific repeated field),EUR/MWh likely for price workbooks; MW likely for demand workbooks; units not explicitly declared,Timestamp,"('2021-01-01 00:00:00', '2026-09-08 00:00:00')",15-minute (workbook family),observed/market value series; forecast status not encoded,Not present,Timestamp is delivery/observation time; no issue time,Not present in workbook layout,461216,7137/83853 blank data cells in profiled tabular sheets,PIT_RECONSTRUCTABLE,No corresponding model-ready family in Databricks inventory,,data/lseg/raw/01_CORE_HISTORICAL/LSEG_PRICES/FR_DAY_AHEAD_HOURLY_AND_15M.xlsx | data/lseg/raw/FR_DA_RAW_COMBINED.xlsx,Price units likely EUR/MWh from series context; workbook does not declare units. Exact-content duplicate of another retained path; count once for unique information.
data/lseg/raw/01_CORE_HISTORICAL/LSEG_PRICES/FR_DAY_AHEAD_HOURLY_AND_15M.xlsx:Zone.Identifier,FR_DAY_AHEAD_HOURLY_AND_15M.xlsx:Zone.Identifier,identifier,metadata_sidecar,ancillary file metadata,Zone.Identifier,UNKNOWN,Not applicable/non-tabular or not safely extractable,Not applicable or not declared,Not safely extractable,Not determined from file metadata,Not determined,Not determinable,Not safely extractable,Not safely extractable,Not safely extractable,25,Not applicable/non-tabular,UNKNOWN,None,,data/lseg/raw/00_START_HERE/ANONYMOUS_XLS_MAPPING.md:Zone.Identifier | data/lseg/raw/00_START_HERE/DATA_CATALOG.csv:Zone.Identifier | data/lseg/raw/00_START_HERE/EXTRACTION_STATUS_AND_GAPS.md:Zone.Identifier | data/lseg/raw/00_START_HERE/LICENSE_NOTES.md:Zone.Identifier | data/lseg/raw/00_START_HERE/MANIFEST_SHA256.csv:Zone.Identifier | data/lseg/raw/00_START_HERE/MISSING_CH_DE_RECOVERY.md:Zone.Identifier | data/lseg/raw/00_START_HERE/MISSING_CH_DE_RICS.csv:Zone.Identifier | data/lseg/raw/00_START_HERE/PROJECT_OBJECTIVE.txt:Zone.Identifier | data/lseg/raw/00_START_HERE/README_FIRST.md:Zone.Identifier | data/lseg/raw/00_START_HERE/RIC_FAMILIES.csv:Zone.Identifier | data/lseg/raw/01_CORE_HISTORICAL/FR_NUCLEAR_PIT/EDF_NUCLEAR_OUTAGE_REVISIONS_PIT.csv:Zone.Identifier | data/lseg/raw/01_CORE_HISTORICAL/FR_NUCLEAR_PIT/EDF_NUCLEAR_PIT_DAILY_2021_2026.csv:Zone.Identifier | data/lseg/raw/01_CORE_HISTORICAL/FR_NUCLEAR_PIT/EDF_NUCLEAR_PIT_SUMMARY.txt:Zone.Identifier | data/lseg/raw/01_CORE_HISTORICAL/LSEG_DEMAND/IT_DEMAND_15M_ALL_7_ZONES_2025_2026.xlsx:Zone.Identifier | data/lseg/raw/01_CORE_HISTORICAL/LSEG_DEMAND/IT_DEMAND_HOURLY_2021_2025.xlsx:Zone.Identifier | data/lseg/raw/01_CORE_HISTORICAL/LSEG_PRICES/FR_DAY_AHEAD_HOURLY_AND_15M.xlsx:Zone.Identifier | data/lseg/raw/01_CORE_HISTORICAL/LSEG_PRICES/IT_DAY_AHEAD_HOURLY_AND_15M.xlsx:Zone.Identifier | data/lseg/raw/02_SOURCE_RAW/FR_NUCLEAR/EDF_OUTAGE_HISTORY_RAW.csv:Zone.Identifier | data/lseg/raw/02_SOURCE_RAW/FR_NUCLEAR/EDF_TRANSPARENCY_REMIT_MESSAGES_RAW.csv:Zone.Identifier | data/lseg/raw/03_CURRENT_RECENT_LSEG/COST_CURVES/cost_curves_2026910_21432.xlsx:Zone.Identifier | data/lseg/raw/03_CURRENT_RECENT_LSEG/COST_CURVES/cost_curves_2026910_21543.xlsx:Zone.Identifier | data/lseg/raw/03_CURRENT_RECENT_LSEG/COST_CURVES/cost_curves_2026910_2164.xlsx:Zone.Identifier | data/lseg/raw/03_CURRENT_RECENT_LSEG/RESIDUAL_LOAD/CWE_RESIDUAL_LOAD_REPORT.pdf:Zone.Identifier | data/lseg/raw/03_CURRENT_RECENT_LSEG/RESIDUAL_LOAD/DE_RESIDUAL_LOAD_CURRENT_RECENT.xls:Zone.Identifier | data/lseg/raw/03_CURRENT_RECENT_LSEG/RESIDUAL_LOAD/DE_RESIDUAL_LOAD_REPORT.pdf:Zone.Identifier | data/lseg/raw/03_CURRENT_RECENT_LSEG/RESIDUAL_LOAD/FR_IT_RESIDUAL_LOAD_EXPORT_A.xls:Zone.Identifier | data/lseg/raw/03_CURRENT_RECENT_LSEG/RESIDUAL_LOAD/FR_IT_RESIDUAL_LOAD_EXPORT_B.xls:Zone.Identifier | data/lseg/raw/03_CURRENT_RECENT_LSEG/SUPPLY_WIND_SOLAR/GB_EMBEDDED_SOLAR_REPORT.pdf:Zone.Identifier | data/lseg/raw/03_CURRENT_RECENT_LSEG/SUPPLY_WIND_SOLAR/GB_EMBEDDED_WIND_REPORT.pdf:Zone.Identifier | data/lseg/raw/03_CURRENT_RECENT_LSEG/SUPPLY_WIND_SOLAR/SUPPLY_WIND_REPORT.pdf:Zone.Identifier | data/lseg/raw/03_CURRENT_RECENT_LSEG/WEATHER/CLOUD_COVER_CH.xls:Zone.Identifier | data/lseg/raw/03_CURRENT_RECENT_LSEG/WEATHER/CLOUD_COVER_REPORT.pdf:Zone.Identifier | data/lseg/raw/03_CURRENT_RECENT_LSEG/WEATHER/ECMWF_CLUSTER_REPORT.pdf:Zone.Identifier | data/lseg/raw/03_CURRENT_RECENT_LSEG/WEATHER/NAO_AO_REPORT.pdf:Zone.Identifier | data/lseg/raw/03_CURRENT_RECENT_LSEG/WEATHER/PRECIPITATION_ALP_AREA_REPORT.pdf:Zone.Identifier | data/lseg/raw/03_CURRENT_RECENT_LSEG/WEATHER/PRECIPITATION_CH_EFFECTIVE.xls:Zone.Identifier | data/lseg/raw/03_CURRENT_RECENT_LSEG/WEATHER/TEMPERATURE_DE_FR_AT_CH_TABLE.xls:Zone.Identifier | data/lseg/raw/03_CURRENT_RECENT_LSEG/WEATHER/TEMPERATURE_IT_CHART.xls:Zone.Identifier | data/lseg/raw/03_CURRENT_RECENT_LSEG/WEATHER/TEMPERATURE_REPORT.pdf:Zone.Identifier | data/lseg/raw/04_CROSS_BORDER_REFERENCE/01_PRICE_FLOW_GRAPH_CHE_VISIBLE.png:Zone.Identifier | data/lseg/raw/04_CROSS_BORDER_REFERENCE/02_DEU_SELECTED_CONNECTIONS.png:Zone.Identifier | data/lseg/raw/04_CROSS_BORDER_REFERENCE/03_NET_IMPORT_GRAPH.png:Zone.Identifier | data/lseg/raw/04_CROSS_BORDER_REFERENCE/04_NET_IMPORT_CHE_SELECTED_00.png:Zone.Identifier | data/lseg/raw/04_CROSS_BORDER_REFERENCE/05_NET_IMPORT_CHE_SELECTED_12.png:Zone.Identifier | data/lseg/raw/04_CROSS_BORDER_REFERENCE/06_CAPACITY_DIRECTION_1_CHE_SELECTED.png:Zone.Identifier | data/lseg/raw/04_CROSS_BORDER_REFERENCE/07_CAPACITY_DIRECTION_2_CHE_SELECTED_A.png:Zone.Identifier | data/lseg/raw/04_CROSS_BORDER_REFERENCE/08_CAPACITY_DIRECTION_2_CHE_SELECTED_B.png:Zone.Identifier | data/lseg/raw/04_CROSS_BORDER_REFERENCE/09_CAPACITY_DIRECTION_2_CHE_SELECTED_C.png:Zone.Identifier | data/lseg/raw/04_CROSS_BORDER_REFERENCE/10_SCHEDULED_EXCHANGE_NET_IMPORT_GRAPH.png:Zone.Identifier | data/lseg/raw/04_CROSS_BORDER_REFERENCE/11_SCHEDULED_EXCHANGE_CHE_SELECTED.png:Zone.Identifier | data/lseg/raw/04_CROSS_BORDER_REFERENCE/FLOWS_GRAPH_REPORT.pdf:Zone.Identifier | data/lseg/raw/05_LSEG_REFERENCE_PDFS/DEMAND_CONSUMPTION_OVERVIEW.pdf:Zone.Identifier | data/lseg/raw/90_INTERMEDIATE/LSEG_PRICE_DEMAND/FR_15M_RAW.xls.xlsx:Zone.Identifier | data/lseg/raw/90_INTERMEDIATE/LSEG_PRICE_DEMAND/FR_DA_RAW.xlsx:Zone.Identifier | data/lseg/raw/90_INTERMEDIATE/LSEG_PRICE_DEMAND/IT_DA_RAW(1).xlsx:Zone.Identifier | data/lseg/raw/90_INTERMEDIATE/LSEG_PRICE_DEMAND/IT_DA_RAW(2).xlsx:Zone.Identifier | data/lseg/raw/90_INTERMEDIATE/LSEG_PRICE_DEMAND/IT_DA_RAW(3).xlsx:Zone.Identifier | data/lseg/raw/90_INTERMEDIATE/LSEG_PRICE_DEMAND/IT_DA_RAW.xlsx:Zone.Identifier | data/lseg/raw/90_INTERMEDIATE/LSEG_PRICE_DEMAND/IT_DEMAND_15M_ALL_ZONES_TEMPLATE.xlsx:Zone.Identifier | data/lseg/raw/90_INTERMEDIATE/LSEG_PRICE_DEMAND/IT_DEMAND_15M_NORTH.xlsx:Zone.Identifier | data/lseg/raw/90_INTERMEDIATE/LSEG_PRICE_DEMAND/Mappe1(1).xlsx:Zone.Identifier | data/lseg/raw/90_INTERMEDIATE/LSEG_PRICE_DEMAND/Mappe1(2).xlsx:Zone.Identifier | data/lseg/raw/90_INTERMEDIATE/LSEG_PRICE_DEMAND/Mappe1(3).xlsx:Zone.Identifier | data/lseg/raw/90_INTERMEDIATE/LSEG_PRICE_DEMAND/Mappe1(4).xlsx:Zone.Identifier | data/lseg/raw/90_INTERMEDIATE/LSEG_PRICE_DEMAND/Mappe1(5).xlsx:Zone.Identifier | data/lseg/raw/90_INTERMEDIATE/SCREENSHOTS/0a528483-087b-4a33-a2f3-ecdd62770a3a.png:Zone.Identifier | data/lseg/raw/90_INTERMEDIATE/SCREENSHOTS/1609bf25-22b3-4c50-817b-fa945dba6bfe.png:Zone.Identifier | data/lseg/raw/90_INTERMEDIATE/SCREENSHOTS/1d02b907-f21b-48aa-bff6-9bb501bffd31.png:Zone.Identifier | data/lseg/raw/90_INTERMEDIATE/SCREENSHOTS/2bf92681-8086-451b-ad79-2cf2aaa286bf.png:Zone.Identifier | data/lseg/raw/90_INTERMEDIATE/SCREENSHOTS/5048f972-71a5-4bbb-9ebf-495783170275.png:Zone.Identifier | data/lseg/raw/90_INTERMEDIATE/SCREENSHOTS/57688dd7-cfad-46f7-9d61-7173a480ab24.png:Zone.Identifier | data/lseg/raw/90_INTERMEDIATE/SCREENSHOTS/6a48aa3a-47d9-431b-a8d4-4b421a82f395.png:Zone.Identifier | data/lseg/raw/90_INTERMEDIATE/SCREENSHOTS/6b0bf7a6-4724-4c1c-98c7-10c623883a8b.png:Zone.Identifier | data/lseg/raw/90_INTERMEDIATE/SCREENSHOTS/7cdf8489-62e1-4566-9c92-ddde781dfc41.png:Zone.Identifier | data/lseg/raw/90_INTERMEDIATE/SCREENSHOTS/839b9904-b506-4600-a582-19546fc0d0dc.png:Zone.Identifier | data/lseg/raw/90_INTERMEDIATE/SCREENSHOTS/87b02fce-0b58-4ead-b793-267dd464b8ec.png:Zone.Identifier | data/lseg/raw/90_INTERMEDIATE/SCREENSHOTS/917dfe63-9fd2-4e78-89c4-b98dcf9f033f.png:Zone.Identifier | data/lseg/raw/90_INTERMEDIATE/SCREENSHOTS/990167dc-a3d5-4b22-acec-131b4e0f87c9.png:Zone.Identifier | data/lseg/raw/90_INTERMEDIATE/SCREENSHOTS/af6db8b3-1471-4a8e-9879-1e782574016e.png:Zone.Identifier | data/lseg/raw/90_INTERMEDIATE/SCREENSHOTS/b94c25b1-cacf-496f-802b-f74a6ec3c376.png:Zone.Identifier | data/lseg/raw/90_INTERMEDIATE/SCREENSHOTS/bc276a5b-6ae8-473b-abe3-2d17e33bcdd3.png:Zone.Identifier | data/lseg/raw/90_INTERMEDIATE/SCREENSHOTS/chart_100049390.embedded.png:Zone.Identifier | data/lseg/raw/90_INTERMEDIATE/SCREENSHOTS/chart_100127248.embedded.png:Zone.Identifier | data/lseg/raw/90_INTERMEDIATE/SCREENSHOTS/crop_che.png:Zone.Identifier | data/lseg/raw/90_INTERMEDIATE/SCREENSHOTS/de1ee218-60dc-4b11-b243-1f352c398785.png:Zone.Identifier | data/lseg/raw/99_UNCLASSIFIED_RETAINED/LSEG_DISCOVERY_RAW_NOTES.txt:Zone.Identifier | data/lseg/raw/99_UNCLASSIFIED_RETAINED/table_100016453.xls:Zone.Identifier | data/lseg/raw/CH_DA_RAW.xlsx:Zone.Identifier | data/lseg/raw/DE_DA_RAW.xlsx:Zone.Identifier | data/lseg/raw/EDF_NUCLEAR_OUTAGE_REVISIONS_PIT.csv:Zone.Identifier | data/lseg/raw/EDF_NUCLEAR_PIT_DAILY_2021_2026.csv:Zone.Identifier | data/lseg/raw/FR_15M_RAW.xlsx:Zone.Identifier | data/lseg/raw/FR_DA_RAW_COMBINED.xlsx:Zone.Identifier | data/lseg/raw/Historique des indispo des moyens de production - depuis 2015 - 07092026-full.csv:Zone.Identifier | data/lseg/raw/IT_DA_RAW (1).xlsx:Zone.Identifier | data/lseg/raw/IT_DA_RAW.xlsx:Zone.Identifier | data/lseg/raw/IT_DEMAND_15M_ALL_ZONES_TEMPLATE.xlsx:Zone.Identifier | data/lseg/raw/IT_DEMAND_15M_NORTH.xlsx:Zone.Identifier | data/lseg/raw/IT_DEMAND_HOURLY.xlsx:Zone.Identifier | data/lseg/raw/publications-transparence-et-remit-liste-des-messages-edf-sa.csv:Zone.Identifier,Windows download-origin sidecar; excluded from data analysis.
data/lseg/raw/01_CORE_HISTORICAL/LSEG_PRICES/IT_DAY_AHEAD_HOURLY_AND_15M.xlsx,IT_DAY_AHEAD_HOURLY_AND_15M.xlsx,xlsx,dataset,prices/day-ahead,day-ahead power prices,IT,Timestamp; TRDPRC_1 (RIC-specific repeated field),EUR/MWh likely for price workbooks; MW likely for demand workbooks; units not explicitly declared,Timestamp,"('2021-01-01 00:00:00', '2026-09-08 00:00:00')",15-minute (workbook family),observed/market value series; forecast status not encoded,Not present,Timestamp is delivery/observation time; no issue time,Not present in workbook layout,932670,6887/158587 blank data cells in profiled tabular sheets,PIT_RECONSTRUCTABLE,No corresponding model-ready family in Databricks inventory,,,Price units likely EUR/MWh from series context; workbook does not declare units.
data/lseg/raw/01_CORE_HISTORICAL/LSEG_PRICES/IT_DAY_AHEAD_HOURLY_AND_15M.xlsx:Zone.Identifier,IT_DAY_AHEAD_HOURLY_AND_15M.xlsx:Zone.Identifier,identifier,metadata_sidecar,ancillary file metadata,Zone.Identifier,UNKNOWN,Not applicable/non-tabular or not safely extractable,Not applicable or not declared,Not safely extractable,Not determined from file metadata,Not determined,Not determinable,Not safely extractable,Not safely extractable,Not safely extractable,25,Not applicable/non-tabular,UNKNOWN,None,,data/lseg/raw/00_START_HERE/ANONYMOUS_XLS_MAPPING.md:Zone.Identifier | data/lseg/raw/00_START_HERE/DATA_CATALOG.csv:Zone.Identifier | data/lseg/raw/00_START_HERE/EXTRACTION_STATUS_AND_GAPS.md:Zone.Identifier | data/lseg/raw/00_START_HERE/LICENSE_NOTES.md:Zone.Identifier | data/lseg/raw/00_START_HERE/MANIFEST_SHA256.csv:Zone.Identifier | data/lseg/raw/00_START_HERE/MISSING_CH_DE_RECOVERY.md:Zone.Identifier | data/lseg/raw/00_START_HERE/MISSING_CH_DE_RICS.csv:Zone.Identifier | data/lseg/raw/00_START_HERE/PROJECT_OBJECTIVE.txt:Zone.Identifier | data/lseg/raw/00_START_HERE/README_FIRST.md:Zone.Identifier | data/lseg/raw/00_START_HERE/RIC_FAMILIES.csv:Zone.Identifier | data/lseg/raw/01_CORE_HISTORICAL/FR_NUCLEAR_PIT/EDF_NUCLEAR_OUTAGE_REVISIONS_PIT.csv:Zone.Identifier | data/lseg/raw/01_CORE_HISTORICAL/FR_NUCLEAR_PIT/EDF_NUCLEAR_PIT_DAILY_2021_2026.csv:Zone.Identifier | data/lseg/raw/01_CORE_HISTORICAL/FR_NUCLEAR_PIT/EDF_NUCLEAR_PIT_SUMMARY.txt:Zone.Identifier | data/lseg/raw/01_CORE_HISTORICAL/LSEG_DEMAND/IT_DEMAND_15M_ALL_7_ZONES_2025_2026.xlsx:Zone.Identifier | data/lseg/raw/01_CORE_HISTORICAL/LSEG_DEMAND/IT_DEMAND_HOURLY_2021_2025.xlsx:Zone.Identifier | data/lseg/raw/01_CORE_HISTORICAL/LSEG_PRICES/FR_DAY_AHEAD_HOURLY_AND_15M.xlsx:Zone.Identifier | data/lseg/raw/01_CORE_HISTORICAL/LSEG_PRICES/IT_DAY_AHEAD_HOURLY_AND_15M.xlsx:Zone.Identifier | data/lseg/raw/02_SOURCE_RAW/FR_NUCLEAR/EDF_OUTAGE_HISTORY_RAW.csv:Zone.Identifier | data/lseg/raw/02_SOURCE_RAW/FR_NUCLEAR/EDF_TRANSPARENCY_REMIT_MESSAGES_RAW.csv:Zone.Identifier | data/lseg/raw/03_CURRENT_RECENT_LSEG/COST_CURVES/cost_curves_2026910_21432.xlsx:Zone.Identifier | data/lseg/raw/03_CURRENT_RECENT_LSEG/COST_CURVES/cost_curves_2026910_21543.xlsx:Zone.Identifier | data/lseg/raw/03_CURRENT_RECENT_LSEG/COST_CURVES/cost_curves_2026910_2164.xlsx:Zone.Identifier | data/lseg/raw/03_CURRENT_RECENT_LSEG/RESIDUAL_LOAD/CWE_RESIDUAL_LOAD_REPORT.pdf:Zone.Identifier | data/lseg/raw/03_CURRENT_RECENT_LSEG/RESIDUAL_LOAD/DE_RESIDUAL_LOAD_CURRENT_RECENT.xls:Zone.Identifier | data/lseg/raw/03_CURRENT_RECENT_LSEG/RESIDUAL_LOAD/DE_RESIDUAL_LOAD_REPORT.pdf:Zone.Identifier | data/lseg/raw/03_CURRENT_RECENT_LSEG/RESIDUAL_LOAD/FR_IT_RESIDUAL_LOAD_EXPORT_A.xls:Zone.Identifier | data/lseg/raw/03_CURRENT_RECENT_LSEG/RESIDUAL_LOAD/FR_IT_RESIDUAL_LOAD_EXPORT_B.xls:Zone.Identifier | data/lseg/raw/03_CURRENT_RECENT_LSEG/SUPPLY_WIND_SOLAR/GB_EMBEDDED_SOLAR_REPORT.pdf:Zone.Identifier | data/lseg/raw/03_CURRENT_RECENT_LSEG/SUPPLY_WIND_SOLAR/GB_EMBEDDED_WIND_REPORT.pdf:Zone.Identifier | data/lseg/raw/03_CURRENT_RECENT_LSEG/SUPPLY_WIND_SOLAR/SUPPLY_WIND_REPORT.pdf:Zone.Identifier | data/lseg/raw/03_CURRENT_RECENT_LSEG/WEATHER/CLOUD_COVER_CH.xls:Zone.Identifier | data/lseg/raw/03_CURRENT_RECENT_LSEG/WEATHER/CLOUD_COVER_REPORT.pdf:Zone.Identifier | data/lseg/raw/03_CURRENT_RECENT_LSEG/WEATHER/ECMWF_CLUSTER_REPORT.pdf:Zone.Identifier | data/lseg/raw/03_CURRENT_RECENT_LSEG/WEATHER/NAO_AO_REPORT.pdf:Zone.Identifier | data/lseg/raw/03_CURRENT_RECENT_LSEG/WEATHER/PRECIPITATION_ALP_AREA_REPORT.pdf:Zone.Identifier | data/lseg/raw/03_CURRENT_RECENT_LSEG/WEATHER/PRECIPITATION_CH_EFFECTIVE.xls:Zone.Identifier | data/lseg/raw/03_CURRENT_RECENT_LSEG/WEATHER/TEMPERATURE_DE_FR_AT_CH_TABLE.xls:Zone.Identifier | data/lseg/raw/03_CURRENT_RECENT_LSEG/WEATHER/TEMPERATURE_IT_CHART.xls:Zone.Identifier | data/lseg/raw/03_CURRENT_RECENT_LSEG/WEATHER/TEMPERATURE_REPORT.pdf:Zone.Identifier | data/lseg/raw/04_CROSS_BORDER_REFERENCE/01_PRICE_FLOW_GRAPH_CHE_VISIBLE.png:Zone.Identifier | data/lseg/raw/04_CROSS_BORDER_REFERENCE/02_DEU_SELECTED_CONNECTIONS.png:Zone.Identifier | data/lseg/raw/04_CROSS_BORDER_REFERENCE/03_NET_IMPORT_GRAPH.png:Zone.Identifier | data/lseg/raw/04_CROSS_BORDER_REFERENCE/04_NET_IMPORT_CHE_SELECTED_00.png:Zone.Identifier | data/lseg/raw/04_CROSS_BORDER_REFERENCE/05_NET_IMPORT_CHE_SELECTED_12.png:Zone.Identifier | data/lseg/raw/04_CROSS_BORDER_REFERENCE/06_CAPACITY_DIRECTION_1_CHE_SELECTED.png:Zone.Identifier | data/lseg/raw/04_CROSS_BORDER_REFERENCE/07_CAPACITY_DIRECTION_2_CHE_SELECTED_A.png:Zone.Identifier | data/lseg/raw/04_CROSS_BORDER_REFERENCE/08_CAPACITY_DIRECTION_2_CHE_SELECTED_B.png:Zone.Identifier | data/lseg/raw/04_CROSS_BORDER_REFERENCE/09_CAPACITY_DIRECTION_2_CHE_SELECTED_C.png:Zone.Identifier | data/lseg/raw/04_CROSS_BORDER_REFERENCE/10_SCHEDULED_EXCHANGE_NET_IMPORT_GRAPH.png:Zone.Identifier | data/lseg/raw/04_CROSS_BORDER_REFERENCE/11_SCHEDULED_EXCHANGE_CHE_SELECTED.png:Zone.Identifier | data/lseg/raw/04_CROSS_BORDER_REFERENCE/FLOWS_GRAPH_REPORT.pdf:Zone.Identifier | data/lseg/raw/05_LSEG_REFERENCE_PDFS/DEMAND_CONSUMPTION_OVERVIEW.pdf:Zone.Identifier | data/lseg/raw/90_INTERMEDIATE/LSEG_PRICE_DEMAND/FR_15M_RAW.xls.xlsx:Zone.Identifier | data/lseg/raw/90_INTERMEDIATE/LSEG_PRICE_DEMAND/FR_DA_RAW.xlsx:Zone.Identifier | data/lseg/raw/90_INTERMEDIATE/LSEG_PRICE_DEMAND/IT_DA_RAW(1).xlsx:Zone.Identifier | data/lseg/raw/90_INTERMEDIATE/LSEG_PRICE_DEMAND/IT_DA_RAW(2).xlsx:Zone.Identifier | data/lseg/raw/90_INTERMEDIATE/LSEG_PRICE_DEMAND/IT_DA_RAW(3).xlsx:Zone.Identifier | data/lseg/raw/90_INTERMEDIATE/LSEG_PRICE_DEMAND/IT_DA_RAW.xlsx:Zone.Identifier | data/lseg/raw/90_INTERMEDIATE/LSEG_PRICE_DEMAND/IT_DEMAND_15M_ALL_ZONES_TEMPLATE.xlsx:Zone.Identifier | data/lseg/raw/90_INTERMEDIATE/LSEG_PRICE_DEMAND/IT_DEMAND_15M_NORTH.xlsx:Zone.Identifier | data/lseg/raw/90_INTERMEDIATE/LSEG_PRICE_DEMAND/Mappe1(1).xlsx:Zone.Identifier | data/lseg/raw/90_INTERMEDIATE/LSEG_PRICE_DEMAND/Mappe1(2).xlsx:Zone.Identifier | data/lseg/raw/90_INTERMEDIATE/LSEG_PRICE_DEMAND/Mappe1(3).xlsx:Zone.Identifier | data/lseg/raw/90_INTERMEDIATE/LSEG_PRICE_DEMAND/Mappe1(4).xlsx:Zone.Identifier | data/lseg/raw/90_INTERMEDIATE/LSEG_PRICE_DEMAND/Mappe1(5).xlsx:Zone.Identifier | data/lseg/raw/90_INTERMEDIATE/SCREENSHOTS/0a528483-087b-4a33-a2f3-ecdd62770a3a.png:Zone.Identifier | data/lseg/raw/90_INTERMEDIATE/SCREENSHOTS/1609bf25-22b3-4c50-817b-fa945dba6bfe.png:Zone.Identifier | data/lseg/raw/90_INTERMEDIATE/SCREENSHOTS/1d02b907-f21b-48aa-bff6-9bb501bffd31.png:Zone.Identifier | data/lseg/raw/90_INTERMEDIATE/SCREENSHOTS/2bf92681-8086-451b-ad79-2cf2aaa286bf.png:Zone.Identifier | data/lseg/raw/90_INTERMEDIATE/SCREENSHOTS/5048f972-71a5-4bbb-9ebf-495783170275.png:Zone.Identifier | data/lseg/raw/90_INTERMEDIATE/SCREENSHOTS/57688dd7-cfad-46f7-9d61-7173a480ab24.png:Zone.Identifier | data/lseg/raw/90_INTERMEDIATE/SCREENSHOTS/6a48aa3a-47d9-431b-a8d4-4b421a82f395.png:Zone.Identifier | data/lseg/raw/90_INTERMEDIATE/SCREENSHOTS/6b0bf7a6-4724-4c1c-98c7-10c623883a8b.png:Zone.Identifier | data/lseg/raw/90_INTERMEDIATE/SCREENSHOTS/7cdf8489-62e1-4566-9c92-ddde781dfc41.png:Zone.Identifier | data/lseg/raw/90_INTERMEDIATE/SCREENSHOTS/839b9904-b506-4600-a582-19546fc0d0dc.png:Zone.Identifier | data/lseg/raw/90_INTERMEDIATE/SCREENSHOTS/87b02fce-0b58-4ead-b793-267dd464b8ec.png:Zone.Identifier | data/lseg/raw/90_INTERMEDIATE/SCREENSHOTS/917dfe63-9fd2-4e78-89c4-b98dcf9f033f.png:Zone.Identifier | data/lseg/raw/90_INTERMEDIATE/SCREENSHOTS/990167dc-a3d5-4b22-acec-131b4e0f87c9.png:Zone.Identifier | data/lseg/raw/90_INTERMEDIATE/SCREENSHOTS/af6db8b3-1471-4a8e-9879-1e782574016e.png:Zone.Identifier | data/lseg/raw/90_INTERMEDIATE/SCREENSHOTS/b94c25b1-cacf-496f-802b-f74a6ec3c376.png:Zone.Identifier | data/lseg/raw/90_INTERMEDIATE/SCREENSHOTS/bc276a5b-6ae8-473b-abe3-2d17e33bcdd3.png:Zone.Identifier | data/lseg/raw/90_INTERMEDIATE/SCREENSHOTS/chart_100049390.embedded.png:Zone.Identifier | data/lseg/raw/90_INTERMEDIATE/SCREENSHOTS/chart_100127248.embedded.png:Zone.Identifier | data/lseg/raw/90_INTERMEDIATE/SCREENSHOTS/crop_che.png:Zone.Identifier | data/lseg/raw/90_INTERMEDIATE/SCREENSHOTS/de1ee218-60dc-4b11-b243-1f352c398785.png:Zone.Identifier | data/lseg/raw/99_UNCLASSIFIED_RETAINED/LSEG_DISCOVERY_RAW_NOTES.txt:Zone.Identifier | data/lseg/raw/99_UNCLASSIFIED_RETAINED/table_100016453.xls:Zone.Identifier | data/lseg/raw/CH_DA_RAW.xlsx:Zone.Identifier | data/lseg/raw/DE_DA_RAW.xlsx:Zone.Identifier | data/lseg/raw/EDF_NUCLEAR_OUTAGE_REVISIONS_PIT.csv:Zone.Identifier | data/lseg/raw/EDF_NUCLEAR_PIT_DAILY_2021_2026.csv:Zone.Identifier | data/lseg/raw/FR_15M_RAW.xlsx:Zone.Identifier | data/lseg/raw/FR_DA_RAW_COMBINED.xlsx:Zone.Identifier | data/lseg/raw/Historique des indispo des moyens de production - depuis 2015 - 07092026-full.csv:Zone.Identifier | data/lseg/raw/IT_DA_RAW (1).xlsx:Zone.Identifier | data/lseg/raw/IT_DA_RAW.xlsx:Zone.Identifier | data/lseg/raw/IT_DEMAND_15M_ALL_ZONES_TEMPLATE.xlsx:Zone.Identifier | data/lseg/raw/IT_DEMAND_15M_NORTH.xlsx:Zone.Identifier | data/lseg/raw/IT_DEMAND_HOURLY.xlsx:Zone.Identifier | data/lseg/raw/publications-transparence-et-remit-liste-des-messages-edf-sa.csv:Zone.Identifier,Windows download-origin sidecar; excluded from data analysis.
data/lseg/raw/02_SOURCE_RAW/FR_NUCLEAR/EDF_OUTAGE_HISTORY_RAW.csv,EDF_OUTAGE_HISTORY_RAW.csv,csv,dataset,outages/availability,French nuclear outages,FR,perimetre_juridique; perimetre_spatial; Identifiant; Status; Nom; Filière; Numéro de version; Date de début; Date de fin; Type; Cause; Information complémentaire; Puissance maximale (MW); Puissance disponible (MW); Date de publication,,Date de début; Date de fin; Date de publication,"('2014-03-15T00:00:00+01:00', '2099-12-31T02:00:00+01:00')",event/revision,observed event/availability records,publication field where present,start/end where present,version/status/publication fields where present,159653481,Information complémentaire=105186/413289,PIT_RECONSTRUCTABLE,No corresponding model-ready family in Databricks inventory,,data/lseg/raw/02_SOURCE_RAW/FR_NUCLEAR/EDF_OUTAGE_HISTORY_RAW.csv | data/lseg/raw/Historique des indispo des moyens de production - depuis 2015 - 07092026-full.csv,EDF nuclear availability domain. Exact-content duplicate of another retained path; count once for unique information.
data/lseg/raw/02_SOURCE_RAW/FR_NUCLEAR/EDF_OUTAGE_HISTORY_RAW.csv:Zone.Identifier,EDF_OUTAGE_HISTORY_RAW.csv:Zone.Identifier,identifier,metadata_sidecar,ancillary file metadata,Zone.Identifier,UNKNOWN,Not applicable/non-tabular or not safely extractable,Not applicable or not declared,Not safely extractable,Not determined from file metadata,Not determined,Not determinable,Not safely extractable,Not safely extractable,Not safely extractable,25,Not applicable/non-tabular,UNKNOWN,None,,data/lseg/raw/00_START_HERE/ANONYMOUS_XLS_MAPPING.md:Zone.Identifier | data/lseg/raw/00_START_HERE/DATA_CATALOG.csv:Zone.Identifier | data/lseg/raw/00_START_HERE/EXTRACTION_STATUS_AND_GAPS.md:Zone.Identifier | data/lseg/raw/00_START_HERE/LICENSE_NOTES.md:Zone.Identifier | data/lseg/raw/00_START_HERE/MANIFEST_SHA256.csv:Zone.Identifier | data/lseg/raw/00_START_HERE/MISSING_CH_DE_RECOVERY.md:Zone.Identifier | data/lseg/raw/00_START_HERE/MISSING_CH_DE_RICS.csv:Zone.Identifier | data/lseg/raw/00_START_HERE/PROJECT_OBJECTIVE.txt:Zone.Identifier | data/lseg/raw/00_START_HERE/README_FIRST.md:Zone.Identifier | data/lseg/raw/00_START_HERE/RIC_FAMILIES.csv:Zone.Identifier | data/lseg/raw/01_CORE_HISTORICAL/FR_NUCLEAR_PIT/EDF_NUCLEAR_OUTAGE_REVISIONS_PIT.csv:Zone.Identifier | data/lseg/raw/01_CORE_HISTORICAL/FR_NUCLEAR_PIT/EDF_NUCLEAR_PIT_DAILY_2021_2026.csv:Zone.Identifier | data/lseg/raw/01_CORE_HISTORICAL/FR_NUCLEAR_PIT/EDF_NUCLEAR_PIT_SUMMARY.txt:Zone.Identifier | data/lseg/raw/01_CORE_HISTORICAL/LSEG_DEMAND/IT_DEMAND_15M_ALL_7_ZONES_2025_2026.xlsx:Zone.Identifier | data/lseg/raw/01_CORE_HISTORICAL/LSEG_DEMAND/IT_DEMAND_HOURLY_2021_2025.xlsx:Zone.Identifier | data/lseg/raw/01_CORE_HISTORICAL/LSEG_PRICES/FR_DAY_AHEAD_HOURLY_AND_15M.xlsx:Zone.Identifier | data/lseg/raw/01_CORE_HISTORICAL/LSEG_PRICES/IT_DAY_AHEAD_HOURLY_AND_15M.xlsx:Zone.Identifier | data/lseg/raw/02_SOURCE_RAW/FR_NUCLEAR/EDF_OUTAGE_HISTORY_RAW.csv:Zone.Identifier | data/lseg/raw/02_SOURCE_RAW/FR_NUCLEAR/EDF_TRANSPARENCY_REMIT_MESSAGES_RAW.csv:Zone.Identifier | data/lseg/raw/03_CURRENT_RECENT_LSEG/COST_CURVES/cost_curves_2026910_21432.xlsx:Zone.Identifier | data/lseg/raw/03_CURRENT_RECENT_LSEG/COST_CURVES/cost_curves_2026910_21543.xlsx:Zone.Identifier | data/lseg/raw/03_CURRENT_RECENT_LSEG/COST_CURVES/cost_curves_2026910_2164.xlsx:Zone.Identifier | data/lseg/raw/03_CURRENT_RECENT_LSEG/RESIDUAL_LOAD/CWE_RESIDUAL_LOAD_REPORT.pdf:Zone.Identifier | data/lseg/raw/03_CURRENT_RECENT_LSEG/RESIDUAL_LOAD/DE_RESIDUAL_LOAD_CURRENT_RECENT.xls:Zone.Identifier | data/lseg/raw/03_CURRENT_RECENT_LSEG/RESIDUAL_LOAD/DE_RESIDUAL_LOAD_REPORT.pdf:Zone.Identifier | data/lseg/raw/03_CURRENT_RECENT_LSEG/RESIDUAL_LOAD/FR_IT_RESIDUAL_LOAD_EXPORT_A.xls:Zone.Identifier | data/lseg/raw/03_CURRENT_RECENT_LSEG/RESIDUAL_LOAD/FR_IT_RESIDUAL_LOAD_EXPORT_B.xls:Zone.Identifier | data/lseg/raw/03_CURRENT_RECENT_LSEG/SUPPLY_WIND_SOLAR/GB_EMBEDDED_SOLAR_REPORT.pdf:Zone.Identifier | data/lseg/raw/03_CURRENT_RECENT_LSEG/SUPPLY_WIND_SOLAR/GB_EMBEDDED_WIND_REPORT.pdf:Zone.Identifier | data/lseg/raw/03_CURRENT_RECENT_LSEG/SUPPLY_WIND_SOLAR/SUPPLY_WIND_REPORT.pdf:Zone.Identifier | data/lseg/raw/03_CURRENT_RECENT_LSEG/WEATHER/CLOUD_COVER_CH.xls:Zone.Identifier | data/lseg/raw/03_CURRENT_RECENT_LSEG/WEATHER/CLOUD_COVER_REPORT.pdf:Zone.Identifier | data/lseg/raw/03_CURRENT_RECENT_LSEG/WEATHER/ECMWF_CLUSTER_REPORT.pdf:Zone.Identifier | data/lseg/raw/03_CURRENT_RECENT_LSEG/WEATHER/NAO_AO_REPORT.pdf:Zone.Identifier | data/lseg/raw/03_CURRENT_RECENT_LSEG/WEATHER/PRECIPITATION_ALP_AREA_REPORT.pdf:Zone.Identifier | data/lseg/raw/03_CURRENT_RECENT_LSEG/WEATHER/PRECIPITATION_CH_EFFECTIVE.xls:Zone.Identifier | data/lseg/raw/03_CURRENT_RECENT_LSEG/WEATHER/TEMPERATURE_DE_FR_AT_CH_TABLE.xls:Zone.Identifier | data/lseg/raw/03_CURRENT_RECENT_LSEG/WEATHER/TEMPERATURE_IT_CHART.xls:Zone.Identifier | data/lseg/raw/03_CURRENT_RECENT_LSEG/WEATHER/TEMPERATURE_REPORT.pdf:Zone.Identifier | data/lseg/raw/04_CROSS_BORDER_REFERENCE/01_PRICE_FLOW_GRAPH_CHE_VISIBLE.png:Zone.Identifier | data/lseg/raw/04_CROSS_BORDER_REFERENCE/02_DEU_SELECTED_CONNECTIONS.png:Zone.Identifier | data/lseg/raw/04_CROSS_BORDER_REFERENCE/03_NET_IMPORT_GRAPH.png:Zone.Identifier | data/lseg/raw/04_CROSS_BORDER_REFERENCE/04_NET_IMPORT_CHE_SELECTED_00.png:Zone.Identifier | data/lseg/raw/04_CROSS_BORDER_REFERENCE/05_NET_IMPORT_CHE_SELECTED_12.png:Zone.Identifier | data/lseg/raw/04_CROSS_BORDER_REFERENCE/06_CAPACITY_DIRECTION_1_CHE_SELECTED.png:Zone.Identifier | data/lseg/raw/04_CROSS_BORDER_REFERENCE/07_CAPACITY_DIRECTION_2_CHE_SELECTED_A.png:Zone.Identifier | data/lseg/raw/04_CROSS_BORDER_REFERENCE/08_CAPACITY_DIRECTION_2_CHE_SELECTED_B.png:Zone.Identifier | data/lseg/raw/04_CROSS_BORDER_REFERENCE/09_CAPACITY_DIRECTION_2_CHE_SELECTED_C.png:Zone.Identifier | data/lseg/raw/04_CROSS_BORDER_REFERENCE/10_SCHEDULED_EXCHANGE_NET_IMPORT_GRAPH.png:Zone.Identifier | data/lseg/raw/04_CROSS_BORDER_REFERENCE/11_SCHEDULED_EXCHANGE_CHE_SELECTED.png:Zone.Identifier | data/lseg/raw/04_CROSS_BORDER_REFERENCE/FLOWS_GRAPH_REPORT.pdf:Zone.Identifier | data/lseg/raw/05_LSEG_REFERENCE_PDFS/DEMAND_CONSUMPTION_OVERVIEW.pdf:Zone.Identifier | data/lseg/raw/90_INTERMEDIATE/LSEG_PRICE_DEMAND/FR_15M_RAW.xls.xlsx:Zone.Identifier | data/lseg/raw/90_INTERMEDIATE/LSEG_PRICE_DEMAND/FR_DA_RAW.xlsx:Zone.Identifier | data/lseg/raw/90_INTERMEDIATE/LSEG_PRICE_DEMAND/IT_DA_RAW(1).xlsx:Zone.Identifier | data/lseg/raw/90_INTERMEDIATE/LSEG_PRICE_DEMAND/IT_DA_RAW(2).xlsx:Zone.Identifier | data/lseg/raw/90_INTERMEDIATE/LSEG_PRICE_DEMAND/IT_DA_RAW(3).xlsx:Zone.Identifier | data/lseg/raw/90_INTERMEDIATE/LSEG_PRICE_DEMAND/IT_DA_RAW.xlsx:Zone.Identifier | data/lseg/raw/90_INTERMEDIATE/LSEG_PRICE_DEMAND/IT_DEMAND_15M_ALL_ZONES_TEMPLATE.xlsx:Zone.Identifier | data/lseg/raw/90_INTERMEDIATE/LSEG_PRICE_DEMAND/IT_DEMAND_15M_NORTH.xlsx:Zone.Identifier | data/lseg/raw/90_INTERMEDIATE/LSEG_PRICE_DEMAND/Mappe1(1).xlsx:Zone.Identifier | data/lseg/raw/90_INTERMEDIATE/LSEG_PRICE_DEMAND/Mappe1(2).xlsx:Zone.Identifier | data/lseg/raw/90_INTERMEDIATE/LSEG_PRICE_DEMAND/Mappe1(3).xlsx:Zone.Identifier | data/lseg/raw/90_INTERMEDIATE/LSEG_PRICE_DEMAND/Mappe1(4).xlsx:Zone.Identifier | data/lseg/raw/90_INTERMEDIATE/LSEG_PRICE_DEMAND/Mappe1(5).xlsx:Zone.Identifier | data/lseg/raw/90_INTERMEDIATE/SCREENSHOTS/0a528483-087b-4a33-a2f3-ecdd62770a3a.png:Zone.Identifier | data/lseg/raw/90_INTERMEDIATE/SCREENSHOTS/1609bf25-22b3-4c50-817b-fa945dba6bfe.png:Zone.Identifier | data/lseg/raw/90_INTERMEDIATE/SCREENSHOTS/1d02b907-f21b-48aa-bff6-9bb501bffd31.png:Zone.Identifier | data/lseg/raw/90_INTERMEDIATE/SCREENSHOTS/2bf92681-8086-451b-ad79-2cf2aaa286bf.png:Zone.Identifier | data/lseg/raw/90_INTERMEDIATE/SCREENSHOTS/5048f972-71a5-4bbb-9ebf-495783170275.png:Zone.Identifier | data/lseg/raw/90_INTERMEDIATE/SCREENSHOTS/57688dd7-cfad-46f7-9d61-7173a480ab24.png:Zone.Identifier | data/lseg/raw/90_INTERMEDIATE/SCREENSHOTS/6a48aa3a-47d9-431b-a8d4-4b421a82f395.png:Zone.Identifier | data/lseg/raw/90_INTERMEDIATE/SCREENSHOTS/6b0bf7a6-4724-4c1c-98c7-10c623883a8b.png:Zone.Identifier | data/lseg/raw/90_INTERMEDIATE/SCREENSHOTS/7cdf8489-62e1-4566-9c92-ddde781dfc41.png:Zone.Identifier | data/lseg/raw/90_INTERMEDIATE/SCREENSHOTS/839b9904-b506-4600-a582-19546fc0d0dc.png:Zone.Identifier | data/lseg/raw/90_INTERMEDIATE/SCREENSHOTS/87b02fce-0b58-4ead-b793-267dd464b8ec.png:Zone.Identifier | data/lseg/raw/90_INTERMEDIATE/SCREENSHOTS/917dfe63-9fd2-4e78-89c4-b98dcf9f033f.png:Zone.Identifier | data/lseg/raw/90_INTERMEDIATE/SCREENSHOTS/990167dc-a3d5-4b22-acec-131b4e0f87c9.png:Zone.Identifier | data/lseg/raw/90_INTERMEDIATE/SCREENSHOTS/af6db8b3-1471-4a8e-9879-1e782574016e.png:Zone.Identifier | data/lseg/raw/90_INTERMEDIATE/SCREENSHOTS/b94c25b1-cacf-496f-802b-f74a6ec3c376.png:Zone.Identifier | data/lseg/raw/90_INTERMEDIATE/SCREENSHOTS/bc276a5b-6ae8-473b-abe3-2d17e33bcdd3.png:Zone.Identifier | data/lseg/raw/90_INTERMEDIATE/SCREENSHOTS/chart_100049390.embedded.png:Zone.Identifier | data/lseg/raw/90_INTERMEDIATE/SCREENSHOTS/chart_100127248.embedded.png:Zone.Identifier | data/lseg/raw/90_INTERMEDIATE/SCREENSHOTS/crop_che.png:Zone.Identifier | data/lseg/raw/90_INTERMEDIATE/SCREENSHOTS/de1ee218-60dc-4b11-b243-1f352c398785.png:Zone.Identifier | data/lseg/raw/99_UNCLASSIFIED_RETAINED/LSEG_DISCOVERY_RAW_NOTES.txt:Zone.Identifier | data/lseg/raw/99_UNCLASSIFIED_RETAINED/table_100016453.xls:Zone.Identifier | data/lseg/raw/CH_DA_RAW.xlsx:Zone.Identifier | data/lseg/raw/DE_DA_RAW.xlsx:Zone.Identifier | data/lseg/raw/EDF_NUCLEAR_OUTAGE_REVISIONS_PIT.csv:Zone.Identifier | data/lseg/raw/EDF_NUCLEAR_PIT_DAILY_2021_2026.csv:Zone.Identifier | data/lseg/raw/FR_15M_RAW.xlsx:Zone.Identifier | data/lseg/raw/FR_DA_RAW_COMBINED.xlsx:Zone.Identifier | data/lseg/raw/Historique des indispo des moyens de production - depuis 2015 - 07092026-full.csv:Zone.Identifier | data/lseg/raw/IT_DA_RAW (1).xlsx:Zone.Identifier | data/lseg/raw/IT_DA_RAW.xlsx:Zone.Identifier | data/lseg/raw/IT_DEMAND_15M_ALL_ZONES_TEMPLATE.xlsx:Zone.Identifier | data/lseg/raw/IT_DEMAND_15M_NORTH.xlsx:Zone.Identifier | data/lseg/raw/IT_DEMAND_HOURLY.xlsx:Zone.Identifier | data/lseg/raw/publications-transparence-et-remit-liste-des-messages-edf-sa.csv:Zone.Identifier,Windows download-origin sidecar; excluded from data analysis.
data/lseg/raw/02_SOURCE_RAW/FR_NUCLEAR/EDF_TRANSPARENCY_REMIT_MESSAGES_RAW.csv,EDF_TRANSPARENCY_REMIT_MESSAGES_RAW.csv,csv,dataset,news/events/outage disclosures,EDF transparency/REMIT messages,FR,perimetre_juridique; perimetre_spatial; identifiant; published; statut; description; link,,published,"('2024-11-14T07:05:54+01:00', '2026-09-09T16:03:39.000Z')",unknown/irregular,published event messages,published / Date de publication,not reliably structured; may be in description,published / Date de publication; statut/status,2766636,statut=2741/2883,PIT_RECONSTRUCTABLE,No corresponding model-ready family in Databricks inventory,,data/lseg/raw/02_SOURCE_RAW/FR_NUCLEAR/EDF_TRANSPARENCY_REMIT_MESSAGES_RAW.csv | data/lseg/raw/publications-transparence-et-remit-liste-des-messages-edf-sa.csv,Publication field is present; valid event intervals may be embedded in text. Exact-content duplicate of another retained path; count once for unique information.
data/lseg/raw/02_SOURCE_RAW/FR_NUCLEAR/EDF_TRANSPARENCY_REMIT_MESSAGES_RAW.csv:Zone.Identifier,EDF_TRANSPARENCY_REMIT_MESSAGES_RAW.csv:Zone.Identifier,identifier,metadata_sidecar,ancillary file metadata,Zone.Identifier,UNKNOWN,Not applicable/non-tabular or not safely extractable,Not applicable or not declared,Not safely extractable,Not determined from file metadata,Not determined,Not determinable,Not safely extractable,Not safely extractable,Not safely extractable,25,Not applicable/non-tabular,UNKNOWN,None,,data/lseg/raw/00_START_HERE/ANONYMOUS_XLS_MAPPING.md:Zone.Identifier | data/lseg/raw/00_START_HERE/DATA_CATALOG.csv:Zone.Identifier | data/lseg/raw/00_START_HERE/EXTRACTION_STATUS_AND_GAPS.md:Zone.Identifier | data/lseg/raw/00_START_HERE/LICENSE_NOTES.md:Zone.Identifier | data/lseg/raw/00_START_HERE/MANIFEST_SHA256.csv:Zone.Identifier | data/lseg/raw/00_START_HERE/MISSING_CH_DE_RECOVERY.md:Zone.Identifier | data/lseg/raw/00_START_HERE/MISSING_CH_DE_RICS.csv:Zone.Identifier | data/lseg/raw/00_START_HERE/PROJECT_OBJECTIVE.txt:Zone.Identifier | data/lseg/raw/00_START_HERE/README_FIRST.md:Zone.Identifier | data/lseg/raw/00_START_HERE/RIC_FAMILIES.csv:Zone.Identifier | data/lseg/raw/01_CORE_HISTORICAL/FR_NUCLEAR_PIT/EDF_NUCLEAR_OUTAGE_REVISIONS_PIT.csv:Zone.Identifier | data/lseg/raw/01_CORE_HISTORICAL/FR_NUCLEAR_PIT/EDF_NUCLEAR_PIT_DAILY_2021_2026.csv:Zone.Identifier | data/lseg/raw/01_CORE_HISTORICAL/FR_NUCLEAR_PIT/EDF_NUCLEAR_PIT_SUMMARY.txt:Zone.Identifier | data/lseg/raw/01_CORE_HISTORICAL/LSEG_DEMAND/IT_DEMAND_15M_ALL_7_ZONES_2025_2026.xlsx:Zone.Identifier | data/lseg/raw/01_CORE_HISTORICAL/LSEG_DEMAND/IT_DEMAND_HOURLY_2021_2025.xlsx:Zone.Identifier | data/lseg/raw/01_CORE_HISTORICAL/LSEG_PRICES/FR_DAY_AHEAD_HOURLY_AND_15M.xlsx:Zone.Identifier | data/lseg/raw/01_CORE_HISTORICAL/LSEG_PRICES/IT_DAY_AHEAD_HOURLY_AND_15M.xlsx:Zone.Identifier | data/lseg/raw/02_SOURCE_RAW/FR_NUCLEAR/EDF_OUTAGE_HISTORY_RAW.csv:Zone.Identifier | data/lseg/raw/02_SOURCE_RAW/FR_NUCLEAR/EDF_TRANSPARENCY_REMIT_MESSAGES_RAW.csv:Zone.Identifier | data/lseg/raw/03_CURRENT_RECENT_LSEG/COST_CURVES/cost_curves_2026910_21432.xlsx:Zone.Identifier | data/lseg/raw/03_CURRENT_RECENT_LSEG/COST_CURVES/cost_curves_2026910_21543.xlsx:Zone.Identifier | data/lseg/raw/03_CURRENT_RECENT_LSEG/COST_CURVES/cost_curves_2026910_2164.xlsx:Zone.Identifier | data/lseg/raw/03_CURRENT_RECENT_LSEG/RESIDUAL_LOAD/CWE_RESIDUAL_LOAD_REPORT.pdf:Zone.Identifier | data/lseg/raw/03_CURRENT_RECENT_LSEG/RESIDUAL_LOAD/DE_RESIDUAL_LOAD_CURRENT_RECENT.xls:Zone.Identifier | data/lseg/raw/03_CURRENT_RECENT_LSEG/RESIDUAL_LOAD/DE_RESIDUAL_LOAD_REPORT.pdf:Zone.Identifier | data/lseg/raw/03_CURRENT_RECENT_LSEG/RESIDUAL_LOAD/FR_IT_RESIDUAL_LOAD_EXPORT_A.xls:Zone.Identifier | data/lseg/raw/03_CURRENT_RECENT_LSEG/RESIDUAL_LOAD/FR_IT_RESIDUAL_LOAD_EXPORT_B.xls:Zone.Identifier | data/lseg/raw/03_CURRENT_RECENT_LSEG/SUPPLY_WIND_SOLAR/GB_EMBEDDED_SOLAR_REPORT.pdf:Zone.Identifier | data/lseg/raw/03_CURRENT_RECENT_LSEG/SUPPLY_WIND_SOLAR/GB_EMBEDDED_WIND_REPORT.pdf:Zone.Identifier | data/lseg/raw/03_CURRENT_RECENT_LSEG/SUPPLY_WIND_SOLAR/SUPPLY_WIND_REPORT.pdf:Zone.Identifier | data/lseg/raw/03_CURRENT_RECENT_LSEG/WEATHER/CLOUD_COVER_CH.xls:Zone.Identifier | data/lseg/raw/03_CURRENT_RECENT_LSEG/WEATHER/CLOUD_COVER_REPORT.pdf:Zone.Identifier | data/lseg/raw/03_CURRENT_RECENT_LSEG/WEATHER/ECMWF_CLUSTER_REPORT.pdf:Zone.Identifier | data/lseg/raw/03_CURRENT_RECENT_LSEG/WEATHER/NAO_AO_REPORT.pdf:Zone.Identifier | data/lseg/raw/03_CURRENT_RECENT_LSEG/WEATHER/PRECIPITATION_ALP_AREA_REPORT.pdf:Zone.Identifier | data/lseg/raw/03_CURRENT_RECENT_LSEG/WEATHER/PRECIPITATION_CH_EFFECTIVE.xls:Zone.Identifier | data/lseg/raw/03_CURRENT_RECENT_LSEG/WEATHER/TEMPERATURE_DE_FR_AT_CH_TABLE.xls:Zone.Identifier | data/lseg/raw/03_CURRENT_RECENT_LSEG/WEATHER/TEMPERATURE_IT_CHART.xls:Zone.Identifier | data/lseg/raw/03_CURRENT_RECENT_LSEG/WEATHER/TEMPERATURE_REPORT.pdf:Zone.Identifier | data/lseg/raw/04_CROSS_BORDER_REFERENCE/01_PRICE_FLOW_GRAPH_CHE_VISIBLE.png:Zone.Identifier | data/lseg/raw/04_CROSS_BORDER_REFERENCE/02_DEU_SELECTED_CONNECTIONS.png:Zone.Identifier | data/lseg/raw/04_CROSS_BORDER_REFERENCE/03_NET_IMPORT_GRAPH.png:Zone.Identifier | data/lseg/raw/04_CROSS_BORDER_REFERENCE/04_NET_IMPORT_CHE_SELECTED_00.png:Zone.Identifier | data/lseg/raw/04_CROSS_BORDER_REFERENCE/05_NET_IMPORT_CHE_SELECTED_12.png:Zone.Identifier | data/lseg/raw/04_CROSS_BORDER_REFERENCE/06_CAPACITY_DIRECTION_1_CHE_SELECTED.png:Zone.Identifier | data/lseg/raw/04_CROSS_BORDER_REFERENCE/07_CAPACITY_DIRECTION_2_CHE_SELECTED_A.png:Zone.Identifier | data/lseg/raw/04_CROSS_BORDER_REFERENCE/08_CAPACITY_DIRECTION_2_CHE_SELECTED_B.png:Zone.Identifier | data/lseg/raw/04_CROSS_BORDER_REFERENCE/09_CAPACITY_DIRECTION_2_CHE_SELECTED_C.png:Zone.Identifier | data/lseg/raw/04_CROSS_BORDER_REFERENCE/10_SCHEDULED_EXCHANGE_NET_IMPORT_GRAPH.png:Zone.Identifier | data/lseg/raw/04_CROSS_BORDER_REFERENCE/11_SCHEDULED_EXCHANGE_CHE_SELECTED.png:Zone.Identifier | data/lseg/raw/04_CROSS_BORDER_REFERENCE/FLOWS_GRAPH_REPORT.pdf:Zone.Identifier | data/lseg/raw/05_LSEG_REFERENCE_PDFS/DEMAND_CONSUMPTION_OVERVIEW.pdf:Zone.Identifier | data/lseg/raw/90_INTERMEDIATE/LSEG_PRICE_DEMAND/FR_15M_RAW.xls.xlsx:Zone.Identifier | data/lseg/raw/90_INTERMEDIATE/LSEG_PRICE_DEMAND/FR_DA_RAW.xlsx:Zone.Identifier | data/lseg/raw/90_INTERMEDIATE/LSEG_PRICE_DEMAND/IT_DA_RAW(1).xlsx:Zone.Identifier | data/lseg/raw/90_INTERMEDIATE/LSEG_PRICE_DEMAND/IT_DA_RAW(2).xlsx:Zone.Identifier | data/lseg/raw/90_INTERMEDIATE/LSEG_PRICE_DEMAND/IT_DA_RAW(3).xlsx:Zone.Identifier | data/lseg/raw/90_INTERMEDIATE/LSEG_PRICE_DEMAND/IT_DA_RAW.xlsx:Zone.Identifier | data/lseg/raw/90_INTERMEDIATE/LSEG_PRICE_DEMAND/IT_DEMAND_15M_ALL_ZONES_TEMPLATE.xlsx:Zone.Identifier | data/lseg/raw/90_INTERMEDIATE/LSEG_PRICE_DEMAND/IT_DEMAND_15M_NORTH.xlsx:Zone.Identifier | data/lseg/raw/90_INTERMEDIATE/LSEG_PRICE_DEMAND/Mappe1(1).xlsx:Zone.Identifier | data/lseg/raw/90_INTERMEDIATE/LSEG_PRICE_DEMAND/Mappe1(2).xlsx:Zone.Identifier | data/lseg/raw/90_INTERMEDIATE/LSEG_PRICE_DEMAND/Mappe1(3).xlsx:Zone.Identifier | data/lseg/raw/90_INTERMEDIATE/LSEG_PRICE_DEMAND/Mappe1(4).xlsx:Zone.Identifier | data/lseg/raw/90_INTERMEDIATE/LSEG_PRICE_DEMAND/Mappe1(5).xlsx:Zone.Identifier | data/lseg/raw/90_INTERMEDIATE/SCREENSHOTS/0a528483-087b-4a33-a2f3-ecdd62770a3a.png:Zone.Identifier | data/lseg/raw/90_INTERMEDIATE/SCREENSHOTS/1609bf25-22b3-4c50-817b-fa945dba6bfe.png:Zone.Identifier | data/lseg/raw/90_INTERMEDIATE/SCREENSHOTS/1d02b907-f21b-48aa-bff6-9bb501bffd31.png:Zone.Identifier | data/lseg/raw/90_INTERMEDIATE/SCREENSHOTS/2bf92681-8086-451b-ad79-2cf2aaa286bf.png:Zone.Identifier | data/lseg/raw/90_INTERMEDIATE/SCREENSHOTS/5048f972-71a5-4bbb-9ebf-495783170275.png:Zone.Identifier | data/lseg/raw/90_INTERMEDIATE/SCREENSHOTS/57688dd7-cfad-46f7-9d61-7173a480ab24.png:Zone.Identifier | data/lseg/raw/90_INTERMEDIATE/SCREENSHOTS/6a48aa3a-47d9-431b-a8d4-4b421a82f395.png:Zone.Identifier | data/lseg/raw/90_INTERMEDIATE/SCREENSHOTS/6b0bf7a6-4724-4c1c-98c7-10c623883a8b.png:Zone.Identifier | data/lseg/raw/90_INTERMEDIATE/SCREENSHOTS/7cdf8489-62e1-4566-9c92-ddde781dfc41.png:Zone.Identifier | data/lseg/raw/90_INTERMEDIATE/SCREENSHOTS/839b9904-b506-4600-a582-19546fc0d0dc.png:Zone.Identifier | data/lseg/raw/90_INTERMEDIATE/SCREENSHOTS/87b02fce-0b58-4ead-b793-267dd464b8ec.png:Zone.Identifier | data/lseg/raw/90_INTERMEDIATE/SCREENSHOTS/917dfe63-9fd2-4e78-89c4-b98dcf9f033f.png:Zone.Identifier | data/lseg/raw/90_INTERMEDIATE/SCREENSHOTS/990167dc-a3d5-4b22-acec-131b4e0f87c9.png:Zone.Identifier | data/lseg/raw/90_INTERMEDIATE/SCREENSHOTS/af6db8b3-1471-4a8e-9879-1e782574016e.png:Zone.Identifier | data/lseg/raw/90_INTERMEDIATE/SCREENSHOTS/b94c25b1-cacf-496f-802b-f74a6ec3c376.png:Zone.Identifier | data/lseg/raw/90_INTERMEDIATE/SCREENSHOTS/bc276a5b-6ae8-473b-abe3-2d17e33bcdd3.png:Zone.Identifier | data/lseg/raw/90_INTERMEDIATE/SCREENSHOTS/chart_100049390.embedded.png:Zone.Identifier | data/lseg/raw/90_INTERMEDIATE/SCREENSHOTS/chart_100127248.embedded.png:Zone.Identifier | data/lseg/raw/90_INTERMEDIATE/SCREENSHOTS/crop_che.png:Zone.Identifier | data/lseg/raw/90_INTERMEDIATE/SCREENSHOTS/de1ee218-60dc-4b11-b243-1f352c398785.png:Zone.Identifier | data/lseg/raw/99_UNCLASSIFIED_RETAINED/LSEG_DISCOVERY_RAW_NOTES.txt:Zone.Identifier | data/lseg/raw/99_UNCLASSIFIED_RETAINED/table_100016453.xls:Zone.Identifier | data/lseg/raw/CH_DA_RAW.xlsx:Zone.Identifier | data/lseg/raw/DE_DA_RAW.xlsx:Zone.Identifier | data/lseg/raw/EDF_NUCLEAR_OUTAGE_REVISIONS_PIT.csv:Zone.Identifier | data/lseg/raw/EDF_NUCLEAR_PIT_DAILY_2021_2026.csv:Zone.Identifier | data/lseg/raw/FR_15M_RAW.xlsx:Zone.Identifier | data/lseg/raw/FR_DA_RAW_COMBINED.xlsx:Zone.Identifier | data/lseg/raw/Historique des indispo des moyens de production - depuis 2015 - 07092026-full.csv:Zone.Identifier | data/lseg/raw/IT_DA_RAW (1).xlsx:Zone.Identifier | data/lseg/raw/IT_DA_RAW.xlsx:Zone.Identifier | data/lseg/raw/IT_DEMAND_15M_ALL_ZONES_TEMPLATE.xlsx:Zone.Identifier | data/lseg/raw/IT_DEMAND_15M_NORTH.xlsx:Zone.Identifier | data/lseg/raw/IT_DEMAND_HOURLY.xlsx:Zone.Identifier | data/lseg/raw/publications-transparence-et-remit-liste-des-messages-edf-sa.csv:Zone.Identifier,Windows download-origin sidecar; excluded from data analysis.
data/lseg/raw/03_CURRENT_RECENT_LSEG/COST_CURVES/cost_curves_2026910_21432.xlsx,cost_curves_2026910_21432.xlsx,xlsx,reference_image_or_report,prices/forwards/cost curves,cost curve snapshot,Europe/unknown,Timestamp; TRDPRC_1 (RIC-specific repeated field),EUR/MWh likely for price workbooks; MW likely for demand workbooks; units not explicitly declared,Timestamp,Not determined,not established from filename,observed/market value series; forecast status not encoded,Not present,Timestamp is delivery/observation time; no issue time,Not present in workbook layout,62227,695/8650 blank data cells in profiled tabular sheets,CURRENT_ONLY,No corresponding model-ready family in Databricks inventory,,,Snapshot; not a historical forward-vintage panel.
data/lseg/raw/03_CURRENT_RECENT_LSEG/COST_CURVES/cost_curves_2026910_21432.xlsx:Zone.Identifier,cost_curves_2026910_21432.xlsx:Zone.Identifier,identifier,metadata_sidecar,ancillary file metadata,Zone.Identifier,UNKNOWN,Not applicable/non-tabular or not safely extractable,Not applicable or not declared,Not safely extractable,Not determined from file metadata,Not determined,Not determinable,Not safely extractable,Not safely extractable,Not safely extractable,25,Not applicable/non-tabular,UNKNOWN,None,,data/lseg/raw/00_START_HERE/ANONYMOUS_XLS_MAPPING.md:Zone.Identifier | data/lseg/raw/00_START_HERE/DATA_CATALOG.csv:Zone.Identifier | data/lseg/raw/00_START_HERE/EXTRACTION_STATUS_AND_GAPS.md:Zone.Identifier | data/lseg/raw/00_START_HERE/LICENSE_NOTES.md:Zone.Identifier | data/lseg/raw/00_START_HERE/MANIFEST_SHA256.csv:Zone.Identifier | data/lseg/raw/00_START_HERE/MISSING_CH_DE_RECOVERY.md:Zone.Identifier | data/lseg/raw/00_START_HERE/MISSING_CH_DE_RICS.csv:Zone.Identifier | data/lseg/raw/00_START_HERE/PROJECT_OBJECTIVE.txt:Zone.Identifier | data/lseg/raw/00_START_HERE/README_FIRST.md:Zone.Identifier | data/lseg/raw/00_START_HERE/RIC_FAMILIES.csv:Zone.Identifier | data/lseg/raw/01_CORE_HISTORICAL/FR_NUCLEAR_PIT/EDF_NUCLEAR_OUTAGE_REVISIONS_PIT.csv:Zone.Identifier | data/lseg/raw/01_CORE_HISTORICAL/FR_NUCLEAR_PIT/EDF_NUCLEAR_PIT_DAILY_2021_2026.csv:Zone.Identifier | data/lseg/raw/01_CORE_HISTORICAL/FR_NUCLEAR_PIT/EDF_NUCLEAR_PIT_SUMMARY.txt:Zone.Identifier | data/lseg/raw/01_CORE_HISTORICAL/LSEG_DEMAND/IT_DEMAND_15M_ALL_7_ZONES_2025_2026.xlsx:Zone.Identifier | data/lseg/raw/01_CORE_HISTORICAL/LSEG_DEMAND/IT_DEMAND_HOURLY_2021_2025.xlsx:Zone.Identifier | data/lseg/raw/01_CORE_HISTORICAL/LSEG_PRICES/FR_DAY_AHEAD_HOURLY_AND_15M.xlsx:Zone.Identifier | data/lseg/raw/01_CORE_HISTORICAL/LSEG_PRICES/IT_DAY_AHEAD_HOURLY_AND_15M.xlsx:Zone.Identifier | data/lseg/raw/02_SOURCE_RAW/FR_NUCLEAR/EDF_OUTAGE_HISTORY_RAW.csv:Zone.Identifier | data/lseg/raw/02_SOURCE_RAW/FR_NUCLEAR/EDF_TRANSPARENCY_REMIT_MESSAGES_RAW.csv:Zone.Identifier | data/lseg/raw/03_CURRENT_RECENT_LSEG/COST_CURVES/cost_curves_2026910_21432.xlsx:Zone.Identifier | data/lseg/raw/03_CURRENT_RECENT_LSEG/COST_CURVES/cost_curves_2026910_21543.xlsx:Zone.Identifier | data/lseg/raw/03_CURRENT_RECENT_LSEG/COST_CURVES/cost_curves_2026910_2164.xlsx:Zone.Identifier | data/lseg/raw/03_CURRENT_RECENT_LSEG/RESIDUAL_LOAD/CWE_RESIDUAL_LOAD_REPORT.pdf:Zone.Identifier | data/lseg/raw/03_CURRENT_RECENT_LSEG/RESIDUAL_LOAD/DE_RESIDUAL_LOAD_CURRENT_RECENT.xls:Zone.Identifier | data/lseg/raw/03_CURRENT_RECENT_LSEG/RESIDUAL_LOAD/DE_RESIDUAL_LOAD_REPORT.pdf:Zone.Identifier | data/lseg/raw/03_CURRENT_RECENT_LSEG/RESIDUAL_LOAD/FR_IT_RESIDUAL_LOAD_EXPORT_A.xls:Zone.Identifier | data/lseg/raw/03_CURRENT_RECENT_LSEG/RESIDUAL_LOAD/FR_IT_RESIDUAL_LOAD_EXPORT_B.xls:Zone.Identifier | data/lseg/raw/03_CURRENT_RECENT_LSEG/SUPPLY_WIND_SOLAR/GB_EMBEDDED_SOLAR_REPORT.pdf:Zone.Identifier | data/lseg/raw/03_CURRENT_RECENT_LSEG/SUPPLY_WIND_SOLAR/GB_EMBEDDED_WIND_REPORT.pdf:Zone.Identifier | data/lseg/raw/03_CURRENT_RECENT_LSEG/SUPPLY_WIND_SOLAR/SUPPLY_WIND_REPORT.pdf:Zone.Identifier | data/lseg/raw/03_CURRENT_RECENT_LSEG/WEATHER/CLOUD_COVER_CH.xls:Zone.Identifier | data/lseg/raw/03_CURRENT_RECENT_LSEG/WEATHER/CLOUD_COVER_REPORT.pdf:Zone.Identifier | data/lseg/raw/03_CURRENT_RECENT_LSEG/WEATHER/ECMWF_CLUSTER_REPORT.pdf:Zone.Identifier | data/lseg/raw/03_CURRENT_RECENT_LSEG/WEATHER/NAO_AO_REPORT.pdf:Zone.Identifier | data/lseg/raw/03_CURRENT_RECENT_LSEG/WEATHER/PRECIPITATION_ALP_AREA_REPORT.pdf:Zone.Identifier | data/lseg/raw/03_CURRENT_RECENT_LSEG/WEATHER/PRECIPITATION_CH_EFFECTIVE.xls:Zone.Identifier | data/lseg/raw/03_CURRENT_RECENT_LSEG/WEATHER/TEMPERATURE_DE_FR_AT_CH_TABLE.xls:Zone.Identifier | data/lseg/raw/03_CURRENT_RECENT_LSEG/WEATHER/TEMPERATURE_IT_CHART.xls:Zone.Identifier | data/lseg/raw/03_CURRENT_RECENT_LSEG/WEATHER/TEMPERATURE_REPORT.pdf:Zone.Identifier | data/lseg/raw/04_CROSS_BORDER_REFERENCE/01_PRICE_FLOW_GRAPH_CHE_VISIBLE.png:Zone.Identifier | data/lseg/raw/04_CROSS_BORDER_REFERENCE/02_DEU_SELECTED_CONNECTIONS.png:Zone.Identifier | data/lseg/raw/04_CROSS_BORDER_REFERENCE/03_NET_IMPORT_GRAPH.png:Zone.Identifier | data/lseg/raw/04_CROSS_BORDER_REFERENCE/04_NET_IMPORT_CHE_SELECTED_00.png:Zone.Identifier | data/lseg/raw/04_CROSS_BORDER_REFERENCE/05_NET_IMPORT_CHE_SELECTED_12.png:Zone.Identifier | data/lseg/raw/04_CROSS_BORDER_REFERENCE/06_CAPACITY_DIRECTION_1_CHE_SELECTED.png:Zone.Identifier | data/lseg/raw/04_CROSS_BORDER_REFERENCE/07_CAPACITY_DIRECTION_2_CHE_SELECTED_A.png:Zone.Identifier | data/lseg/raw/04_CROSS_BORDER_REFERENCE/08_CAPACITY_DIRECTION_2_CHE_SELECTED_B.png:Zone.Identifier | data/lseg/raw/04_CROSS_BORDER_REFERENCE/09_CAPACITY_DIRECTION_2_CHE_SELECTED_C.png:Zone.Identifier | data/lseg/raw/04_CROSS_BORDER_REFERENCE/10_SCHEDULED_EXCHANGE_NET_IMPORT_GRAPH.png:Zone.Identifier | data/lseg/raw/04_CROSS_BORDER_REFERENCE/11_SCHEDULED_EXCHANGE_CHE_SELECTED.png:Zone.Identifier | data/lseg/raw/04_CROSS_BORDER_REFERENCE/FLOWS_GRAPH_REPORT.pdf:Zone.Identifier | data/lseg/raw/05_LSEG_REFERENCE_PDFS/DEMAND_CONSUMPTION_OVERVIEW.pdf:Zone.Identifier | data/lseg/raw/90_INTERMEDIATE/LSEG_PRICE_DEMAND/FR_15M_RAW.xls.xlsx:Zone.Identifier | data/lseg/raw/90_INTERMEDIATE/LSEG_PRICE_DEMAND/FR_DA_RAW.xlsx:Zone.Identifier | data/lseg/raw/90_INTERMEDIATE/LSEG_PRICE_DEMAND/IT_DA_RAW(1).xlsx:Zone.Identifier | data/lseg/raw/90_INTERMEDIATE/LSEG_PRICE_DEMAND/IT_DA_RAW(2).xlsx:Zone.Identifier | data/lseg/raw/90_INTERMEDIATE/LSEG_PRICE_DEMAND/IT_DA_RAW(3).xlsx:Zone.Identifier | data/lseg/raw/90_INTERMEDIATE/LSEG_PRICE_DEMAND/IT_DA_RAW.xlsx:Zone.Identifier | data/lseg/raw/90_INTERMEDIATE/LSEG_PRICE_DEMAND/IT_DEMAND_15M_ALL_ZONES_TEMPLATE.xlsx:Zone.Identifier | data/lseg/raw/90_INTERMEDIATE/LSEG_PRICE_DEMAND/IT_DEMAND_15M_NORTH.xlsx:Zone.Identifier | data/lseg/raw/90_INTERMEDIATE/LSEG_PRICE_DEMAND/Mappe1(1).xlsx:Zone.Identifier | data/lseg/raw/90_INTERMEDIATE/LSEG_PRICE_DEMAND/Mappe1(2).xlsx:Zone.Identifier | data/lseg/raw/90_INTERMEDIATE/LSEG_PRICE_DEMAND/Mappe1(3).xlsx:Zone.Identifier | data/lseg/raw/90_INTERMEDIATE/LSEG_PRICE_DEMAND/Mappe1(4).xlsx:Zone.Identifier | data/lseg/raw/90_INTERMEDIATE/LSEG_PRICE_DEMAND/Mappe1(5).xlsx:Zone.Identifier | data/lseg/raw/90_INTERMEDIATE/SCREENSHOTS/0a528483-087b-4a33-a2f3-ecdd62770a3a.png:Zone.Identifier | data/lseg/raw/90_INTERMEDIATE/SCREENSHOTS/1609bf25-22b3-4c50-817b-fa945dba6bfe.png:Zone.Identifier | data/lseg/raw/90_INTERMEDIATE/SCREENSHOTS/1d02b907-f21b-48aa-bff6-9bb501bffd31.png:Zone.Identifier | data/lseg/raw/90_INTERMEDIATE/SCREENSHOTS/2bf92681-8086-451b-ad79-2cf2aaa286bf.png:Zone.Identifier | data/lseg/raw/90_INTERMEDIATE/SCREENSHOTS/5048f972-71a5-4bbb-9ebf-495783170275.png:Zone.Identifier | data/lseg/raw/90_INTERMEDIATE/SCREENSHOTS/57688dd7-cfad-46f7-9d61-7173a480ab24.png:Zone.Identifier | data/lseg/raw/90_INTERMEDIATE/SCREENSHOTS/6a48aa3a-47d9-431b-a8d4-4b421a82f395.png:Zone.Identifier | data/lseg/raw/90_INTERMEDIATE/SCREENSHOTS/6b0bf7a6-4724-4c1c-98c7-10c623883a8b.png:Zone.Identifier | data/lseg/raw/90_INTERMEDIATE/SCREENSHOTS/7cdf8489-62e1-4566-9c92-ddde781dfc41.png:Zone.Identifier | data/lseg/raw/90_INTERMEDIATE/SCREENSHOTS/839b9904-b506-4600-a582-19546fc0d0dc.png:Zone.Identifier | data/lseg/raw/90_INTERMEDIATE/SCREENSHOTS/87b02fce-0b58-4ead-b793-267dd464b8ec.png:Zone.Identifier | data/lseg/raw/90_INTERMEDIATE/SCREENSHOTS/917dfe63-9fd2-4e78-89c4-b98dcf9f033f.png:Zone.Identifier | data/lseg/raw/90_INTERMEDIATE/SCREENSHOTS/990167dc-a3d5-4b22-acec-131b4e0f87c9.png:Zone.Identifier | data/lseg/raw/90_INTERMEDIATE/SCREENSHOTS/af6db8b3-1471-4a8e-9879-1e782574016e.png:Zone.Identifier | data/lseg/raw/90_INTERMEDIATE/SCREENSHOTS/b94c25b1-cacf-496f-802b-f74a6ec3c376.png:Zone.Identifier | data/lseg/raw/90_INTERMEDIATE/SCREENSHOTS/bc276a5b-6ae8-473b-abe3-2d17e33bcdd3.png:Zone.Identifier | data/lseg/raw/90_INTERMEDIATE/SCREENSHOTS/chart_100049390.embedded.png:Zone.Identifier | data/lseg/raw/90_INTERMEDIATE/SCREENSHOTS/chart_100127248.embedded.png:Zone.Identifier | data/lseg/raw/90_INTERMEDIATE/SCREENSHOTS/crop_che.png:Zone.Identifier | data/lseg/raw/90_INTERMEDIATE/SCREENSHOTS/de1ee218-60dc-4b11-b243-1f352c398785.png:Zone.Identifier | data/lseg/raw/99_UNCLASSIFIED_RETAINED/LSEG_DISCOVERY_RAW_NOTES.txt:Zone.Identifier | data/lseg/raw/99_UNCLASSIFIED_RETAINED/table_100016453.xls:Zone.Identifier | data/lseg/raw/CH_DA_RAW.xlsx:Zone.Identifier | data/lseg/raw/DE_DA_RAW.xlsx:Zone.Identifier | data/lseg/raw/EDF_NUCLEAR_OUTAGE_REVISIONS_PIT.csv:Zone.Identifier | data/lseg/raw/EDF_NUCLEAR_PIT_DAILY_2021_2026.csv:Zone.Identifier | data/lseg/raw/FR_15M_RAW.xlsx:Zone.Identifier | data/lseg/raw/FR_DA_RAW_COMBINED.xlsx:Zone.Identifier | data/lseg/raw/Historique des indispo des moyens de production - depuis 2015 - 07092026-full.csv:Zone.Identifier | data/lseg/raw/IT_DA_RAW (1).xlsx:Zone.Identifier | data/lseg/raw/IT_DA_RAW.xlsx:Zone.Identifier | data/lseg/raw/IT_DEMAND_15M_ALL_ZONES_TEMPLATE.xlsx:Zone.Identifier | data/lseg/raw/IT_DEMAND_15M_NORTH.xlsx:Zone.Identifier | data/lseg/raw/IT_DEMAND_HOURLY.xlsx:Zone.Identifier | data/lseg/raw/publications-transparence-et-remit-liste-des-messages-edf-sa.csv:Zone.Identifier,Windows download-origin sidecar; excluded from data analysis.
data/lseg/raw/03_CURRENT_RECENT_LSEG/COST_CURVES/cost_curves_2026910_21543.xlsx,cost_curves_2026910_21543.xlsx,xlsx,reference_image_or_report,prices/forwards/cost curves,cost curve snapshot,Europe/unknown,Timestamp; TRDPRC_1 (RIC-specific repeated field),EUR/MWh likely for price workbooks; MW likely for demand workbooks; units not explicitly declared,Timestamp,Not determined,not established from filename,observed/market value series; forecast status not encoded,Not present,Timestamp is delivery/observation time; no issue time,Not present in workbook layout,59176,695/8143 blank data cells in profiled tabular sheets,CURRENT_ONLY,No corresponding model-ready family in Databricks inventory,,,Snapshot; not a historical forward-vintage panel.
data/lseg/raw/03_CURRENT_RECENT_LSEG/COST_CURVES/cost_curves_2026910_21543.xlsx:Zone.Identifier,cost_curves_2026910_21543.xlsx:Zone.Identifier,identifier,metadata_sidecar,ancillary file metadata,Zone.Identifier,UNKNOWN,Not applicable/non-tabular or not safely extractable,Not applicable or not declared,Not safely extractable,Not determined from file metadata,Not determined,Not determinable,Not safely extractable,Not safely extractable,Not safely extractable,25,Not applicable/non-tabular,UNKNOWN,None,,data/lseg/raw/00_START_HERE/ANONYMOUS_XLS_MAPPING.md:Zone.Identifier | data/lseg/raw/00_START_HERE/DATA_CATALOG.csv:Zone.Identifier | data/lseg/raw/00_START_HERE/EXTRACTION_STATUS_AND_GAPS.md:Zone.Identifier | data/lseg/raw/00_START_HERE/LICENSE_NOTES.md:Zone.Identifier | data/lseg/raw/00_START_HERE/MANIFEST_SHA256.csv:Zone.Identifier | data/lseg/raw/00_START_HERE/MISSING_CH_DE_RECOVERY.md:Zone.Identifier | data/lseg/raw/00_START_HERE/MISSING_CH_DE_RICS.csv:Zone.Identifier | data/lseg/raw/00_START_HERE/PROJECT_OBJECTIVE.txt:Zone.Identifier | data/lseg/raw/00_START_HERE/README_FIRST.md:Zone.Identifier | data/lseg/raw/00_START_HERE/RIC_FAMILIES.csv:Zone.Identifier | data/lseg/raw/01_CORE_HISTORICAL/FR_NUCLEAR_PIT/EDF_NUCLEAR_OUTAGE_REVISIONS_PIT.csv:Zone.Identifier | data/lseg/raw/01_CORE_HISTORICAL/FR_NUCLEAR_PIT/EDF_NUCLEAR_PIT_DAILY_2021_2026.csv:Zone.Identifier | data/lseg/raw/01_CORE_HISTORICAL/FR_NUCLEAR_PIT/EDF_NUCLEAR_PIT_SUMMARY.txt:Zone.Identifier | data/lseg/raw/01_CORE_HISTORICAL/LSEG_DEMAND/IT_DEMAND_15M_ALL_7_ZONES_2025_2026.xlsx:Zone.Identifier | data/lseg/raw/01_CORE_HISTORICAL/LSEG_DEMAND/IT_DEMAND_HOURLY_2021_2025.xlsx:Zone.Identifier | data/lseg/raw/01_CORE_HISTORICAL/LSEG_PRICES/FR_DAY_AHEAD_HOURLY_AND_15M.xlsx:Zone.Identifier | data/lseg/raw/01_CORE_HISTORICAL/LSEG_PRICES/IT_DAY_AHEAD_HOURLY_AND_15M.xlsx:Zone.Identifier | data/lseg/raw/02_SOURCE_RAW/FR_NUCLEAR/EDF_OUTAGE_HISTORY_RAW.csv:Zone.Identifier | data/lseg/raw/02_SOURCE_RAW/FR_NUCLEAR/EDF_TRANSPARENCY_REMIT_MESSAGES_RAW.csv:Zone.Identifier | data/lseg/raw/03_CURRENT_RECENT_LSEG/COST_CURVES/cost_curves_2026910_21432.xlsx:Zone.Identifier | data/lseg/raw/03_CURRENT_RECENT_LSEG/COST_CURVES/cost_curves_2026910_21543.xlsx:Zone.Identifier | data/lseg/raw/03_CURRENT_RECENT_LSEG/COST_CURVES/cost_curves_2026910_2164.xlsx:Zone.Identifier | data/lseg/raw/03_CURRENT_RECENT_LSEG/RESIDUAL_LOAD/CWE_RESIDUAL_LOAD_REPORT.pdf:Zone.Identifier | data/lseg/raw/03_CURRENT_RECENT_LSEG/RESIDUAL_LOAD/DE_RESIDUAL_LOAD_CURRENT_RECENT.xls:Zone.Identifier | data/lseg/raw/03_CURRENT_RECENT_LSEG/RESIDUAL_LOAD/DE_RESIDUAL_LOAD_REPORT.pdf:Zone.Identifier | data/lseg/raw/03_CURRENT_RECENT_LSEG/RESIDUAL_LOAD/FR_IT_RESIDUAL_LOAD_EXPORT_A.xls:Zone.Identifier | data/lseg/raw/03_CURRENT_RECENT_LSEG/RESIDUAL_LOAD/FR_IT_RESIDUAL_LOAD_EXPORT_B.xls:Zone.Identifier | data/lseg/raw/03_CURRENT_RECENT_LSEG/SUPPLY_WIND_SOLAR/GB_EMBEDDED_SOLAR_REPORT.pdf:Zone.Identifier | data/lseg/raw/03_CURRENT_RECENT_LSEG/SUPPLY_WIND_SOLAR/GB_EMBEDDED_WIND_REPORT.pdf:Zone.Identifier | data/lseg/raw/03_CURRENT_RECENT_LSEG/SUPPLY_WIND_SOLAR/SUPPLY_WIND_REPORT.pdf:Zone.Identifier | data/lseg/raw/03_CURRENT_RECENT_LSEG/WEATHER/CLOUD_COVER_CH.xls:Zone.Identifier | data/lseg/raw/03_CURRENT_RECENT_LSEG/WEATHER/CLOUD_COVER_REPORT.pdf:Zone.Identifier | data/lseg/raw/03_CURRENT_RECENT_LSEG/WEATHER/ECMWF_CLUSTER_REPORT.pdf:Zone.Identifier | data/lseg/raw/03_CURRENT_RECENT_LSEG/WEATHER/NAO_AO_REPORT.pdf:Zone.Identifier | data/lseg/raw/03_CURRENT_RECENT_LSEG/WEATHER/PRECIPITATION_ALP_AREA_REPORT.pdf:Zone.Identifier | data/lseg/raw/03_CURRENT_RECENT_LSEG/WEATHER/PRECIPITATION_CH_EFFECTIVE.xls:Zone.Identifier | data/lseg/raw/03_CURRENT_RECENT_LSEG/WEATHER/TEMPERATURE_DE_FR_AT_CH_TABLE.xls:Zone.Identifier | data/lseg/raw/03_CURRENT_RECENT_LSEG/WEATHER/TEMPERATURE_IT_CHART.xls:Zone.Identifier | data/lseg/raw/03_CURRENT_RECENT_LSEG/WEATHER/TEMPERATURE_REPORT.pdf:Zone.Identifier | data/lseg/raw/04_CROSS_BORDER_REFERENCE/01_PRICE_FLOW_GRAPH_CHE_VISIBLE.png:Zone.Identifier | data/lseg/raw/04_CROSS_BORDER_REFERENCE/02_DEU_SELECTED_CONNECTIONS.png:Zone.Identifier | data/lseg/raw/04_CROSS_BORDER_REFERENCE/03_NET_IMPORT_GRAPH.png:Zone.Identifier | data/lseg/raw/04_CROSS_BORDER_REFERENCE/04_NET_IMPORT_CHE_SELECTED_00.png:Zone.Identifier | data/lseg/raw/04_CROSS_BORDER_REFERENCE/05_NET_IMPORT_CHE_SELECTED_12.png:Zone.Identifier | data/lseg/raw/04_CROSS_BORDER_REFERENCE/06_CAPACITY_DIRECTION_1_CHE_SELECTED.png:Zone.Identifier | data/lseg/raw/04_CROSS_BORDER_REFERENCE/07_CAPACITY_DIRECTION_2_CHE_SELECTED_A.png:Zone.Identifier | data/lseg/raw/04_CROSS_BORDER_REFERENCE/08_CAPACITY_DIRECTION_2_CHE_SELECTED_B.png:Zone.Identifier | data/lseg/raw/04_CROSS_BORDER_REFERENCE/09_CAPACITY_DIRECTION_2_CHE_SELECTED_C.png:Zone.Identifier | data/lseg/raw/04_CROSS_BORDER_REFERENCE/10_SCHEDULED_EXCHANGE_NET_IMPORT_GRAPH.png:Zone.Identifier | data/lseg/raw/04_CROSS_BORDER_REFERENCE/11_SCHEDULED_EXCHANGE_CHE_SELECTED.png:Zone.Identifier | data/lseg/raw/04_CROSS_BORDER_REFERENCE/FLOWS_GRAPH_REPORT.pdf:Zone.Identifier | data/lseg/raw/05_LSEG_REFERENCE_PDFS/DEMAND_CONSUMPTION_OVERVIEW.pdf:Zone.Identifier | data/lseg/raw/90_INTERMEDIATE/LSEG_PRICE_DEMAND/FR_15M_RAW.xls.xlsx:Zone.Identifier | data/lseg/raw/90_INTERMEDIATE/LSEG_PRICE_DEMAND/FR_DA_RAW.xlsx:Zone.Identifier | data/lseg/raw/90_INTERMEDIATE/LSEG_PRICE_DEMAND/IT_DA_RAW(1).xlsx:Zone.Identifier | data/lseg/raw/90_INTERMEDIATE/LSEG_PRICE_DEMAND/IT_DA_RAW(2).xlsx:Zone.Identifier | data/lseg/raw/90_INTERMEDIATE/LSEG_PRICE_DEMAND/IT_DA_RAW(3).xlsx:Zone.Identifier | data/lseg/raw/90_INTERMEDIATE/LSEG_PRICE_DEMAND/IT_DA_RAW.xlsx:Zone.Identifier | data/lseg/raw/90_INTERMEDIATE/LSEG_PRICE_DEMAND/IT_DEMAND_15M_ALL_ZONES_TEMPLATE.xlsx:Zone.Identifier | data/lseg/raw/90_INTERMEDIATE/LSEG_PRICE_DEMAND/IT_DEMAND_15M_NORTH.xlsx:Zone.Identifier | data/lseg/raw/90_INTERMEDIATE/LSEG_PRICE_DEMAND/Mappe1(1).xlsx:Zone.Identifier | data/lseg/raw/90_INTERMEDIATE/LSEG_PRICE_DEMAND/Mappe1(2).xlsx:Zone.Identifier | data/lseg/raw/90_INTERMEDIATE/LSEG_PRICE_DEMAND/Mappe1(3).xlsx:Zone.Identifier | data/lseg/raw/90_INTERMEDIATE/LSEG_PRICE_DEMAND/Mappe1(4).xlsx:Zone.Identifier | data/lseg/raw/90_INTERMEDIATE/LSEG_PRICE_DEMAND/Mappe1(5).xlsx:Zone.Identifier | data/lseg/raw/90_INTERMEDIATE/SCREENSHOTS/0a528483-087b-4a33-a2f3-ecdd62770a3a.png:Zone.Identifier | data/lseg/raw/90_INTERMEDIATE/SCREENSHOTS/1609bf25-22b3-4c50-817b-fa945dba6bfe.png:Zone.Identifier | data/lseg/raw/90_INTERMEDIATE/SCREENSHOTS/1d02b907-f21b-48aa-bff6-9bb501bffd31.png:Zone.Identifier | data/lseg/raw/90_INTERMEDIATE/SCREENSHOTS/2bf92681-8086-451b-ad79-2cf2aaa286bf.png:Zone.Identifier | data/lseg/raw/90_INTERMEDIATE/SCREENSHOTS/5048f972-71a5-4bbb-9ebf-495783170275.png:Zone.Identifier | data/lseg/raw/90_INTERMEDIATE/SCREENSHOTS/57688dd7-cfad-46f7-9d61-7173a480ab24.png:Zone.Identifier | data/lseg/raw/90_INTERMEDIATE/SCREENSHOTS/6a48aa3a-47d9-431b-a8d4-4b421a82f395.png:Zone.Identifier | data/lseg/raw/90_INTERMEDIATE/SCREENSHOTS/6b0bf7a6-4724-4c1c-98c7-10c623883a8b.png:Zone.Identifier | data/lseg/raw/90_INTERMEDIATE/SCREENSHOTS/7cdf8489-62e1-4566-9c92-ddde781dfc41.png:Zone.Identifier | data/lseg/raw/90_INTERMEDIATE/SCREENSHOTS/839b9904-b506-4600-a582-19546fc0d0dc.png:Zone.Identifier | data/lseg/raw/90_INTERMEDIATE/SCREENSHOTS/87b02fce-0b58-4ead-b793-267dd464b8ec.png:Zone.Identifier | data/lseg/raw/90_INTERMEDIATE/SCREENSHOTS/917dfe63-9fd2-4e78-89c4-b98dcf9f033f.png:Zone.Identifier | data/lseg/raw/90_INTERMEDIATE/SCREENSHOTS/990167dc-a3d5-4b22-acec-131b4e0f87c9.png:Zone.Identifier | data/lseg/raw/90_INTERMEDIATE/SCREENSHOTS/af6db8b3-1471-4a8e-9879-1e782574016e.png:Zone.Identifier | data/lseg/raw/90_INTERMEDIATE/SCREENSHOTS/b94c25b1-cacf-496f-802b-f74a6ec3c376.png:Zone.Identifier | data/lseg/raw/90_INTERMEDIATE/SCREENSHOTS/bc276a5b-6ae8-473b-abe3-2d17e33bcdd3.png:Zone.Identifier | data/lseg/raw/90_INTERMEDIATE/SCREENSHOTS/chart_100049390.embedded.png:Zone.Identifier | data/lseg/raw/90_INTERMEDIATE/SCREENSHOTS/chart_100127248.embedded.png:Zone.Identifier | data/lseg/raw/90_INTERMEDIATE/SCREENSHOTS/crop_che.png:Zone.Identifier | data/lseg/raw/90_INTERMEDIATE/SCREENSHOTS/de1ee218-60dc-4b11-b243-1f352c398785.png:Zone.Identifier | data/lseg/raw/99_UNCLASSIFIED_RETAINED/LSEG_DISCOVERY_RAW_NOTES.txt:Zone.Identifier | data/lseg/raw/99_UNCLASSIFIED_RETAINED/table_100016453.xls:Zone.Identifier | data/lseg/raw/CH_DA_RAW.xlsx:Zone.Identifier | data/lseg/raw/DE_DA_RAW.xlsx:Zone.Identifier | data/lseg/raw/EDF_NUCLEAR_OUTAGE_REVISIONS_PIT.csv:Zone.Identifier | data/lseg/raw/EDF_NUCLEAR_PIT_DAILY_2021_2026.csv:Zone.Identifier | data/lseg/raw/FR_15M_RAW.xlsx:Zone.Identifier | data/lseg/raw/FR_DA_RAW_COMBINED.xlsx:Zone.Identifier | data/lseg/raw/Historique des indispo des moyens de production - depuis 2015 - 07092026-full.csv:Zone.Identifier | data/lseg/raw/IT_DA_RAW (1).xlsx:Zone.Identifier | data/lseg/raw/IT_DA_RAW.xlsx:Zone.Identifier | data/lseg/raw/IT_DEMAND_15M_ALL_ZONES_TEMPLATE.xlsx:Zone.Identifier | data/lseg/raw/IT_DEMAND_15M_NORTH.xlsx:Zone.Identifier | data/lseg/raw/IT_DEMAND_HOURLY.xlsx:Zone.Identifier | data/lseg/raw/publications-transparence-et-remit-liste-des-messages-edf-sa.csv:Zone.Identifier,Windows download-origin sidecar; excluded from data analysis.
data/lseg/raw/03_CURRENT_RECENT_LSEG/COST_CURVES/cost_curves_2026910_2164.xlsx,cost_curves_2026910_2164.xlsx,xlsx,reference_image_or_report,prices/forwards/cost curves,cost curve snapshot,Europe/unknown,Timestamp; TRDPRC_1 (RIC-specific repeated field),EUR/MWh likely for price workbooks; MW likely for demand workbooks; units not explicitly declared,Timestamp,Not determined,not established from filename,observed/market value series; forecast status not encoded,Not present,Timestamp is delivery/observation time; no issue time,Not present in workbook layout,20309,695/1916 blank data cells in profiled tabular sheets,CURRENT_ONLY,No corresponding model-ready family in Databricks inventory,,,Snapshot; not a historical forward-vintage panel.
data/lseg/raw/03_CURRENT_RECENT_LSEG/COST_CURVES/cost_curves_2026910_2164.xlsx:Zone.Identifier,cost_curves_2026910_2164.xlsx:Zone.Identifier,identifier,metadata_sidecar,ancillary file metadata,Zone.Identifier,UNKNOWN,Not applicable/non-tabular or not safely extractable,Not applicable or not declared,Not safely extractable,Not determined from file metadata,Not determined,Not determinable,Not safely extractable,Not safely extractable,Not safely extractable,25,Not applicable/non-tabular,UNKNOWN,None,,data/lseg/raw/00_START_HERE/ANONYMOUS_XLS_MAPPING.md:Zone.Identifier | data/lseg/raw/00_START_HERE/DATA_CATALOG.csv:Zone.Identifier | data/lseg/raw/00_START_HERE/EXTRACTION_STATUS_AND_GAPS.md:Zone.Identifier | data/lseg/raw/00_START_HERE/LICENSE_NOTES.md:Zone.Identifier | data/lseg/raw/00_START_HERE/MANIFEST_SHA256.csv:Zone.Identifier | data/lseg/raw/00_START_HERE/MISSING_CH_DE_RECOVERY.md:Zone.Identifier | data/lseg/raw/00_START_HERE/MISSING_CH_DE_RICS.csv:Zone.Identifier | data/lseg/raw/00_START_HERE/PROJECT_OBJECTIVE.txt:Zone.Identifier | data/lseg/raw/00_START_HERE/README_FIRST.md:Zone.Identifier | data/lseg/raw/00_START_HERE/RIC_FAMILIES.csv:Zone.Identifier | data/lseg/raw/01_CORE_HISTORICAL/FR_NUCLEAR_PIT/EDF_NUCLEAR_OUTAGE_REVISIONS_PIT.csv:Zone.Identifier | data/lseg/raw/01_CORE_HISTORICAL/FR_NUCLEAR_PIT/EDF_NUCLEAR_PIT_DAILY_2021_2026.csv:Zone.Identifier | data/lseg/raw/01_CORE_HISTORICAL/FR_NUCLEAR_PIT/EDF_NUCLEAR_PIT_SUMMARY.txt:Zone.Identifier | data/lseg/raw/01_CORE_HISTORICAL/LSEG_DEMAND/IT_DEMAND_15M_ALL_7_ZONES_2025_2026.xlsx:Zone.Identifier | data/lseg/raw/01_CORE_HISTORICAL/LSEG_DEMAND/IT_DEMAND_HOURLY_2021_2025.xlsx:Zone.Identifier | data/lseg/raw/01_CORE_HISTORICAL/LSEG_PRICES/FR_DAY_AHEAD_HOURLY_AND_15M.xlsx:Zone.Identifier | data/lseg/raw/01_CORE_HISTORICAL/LSEG_PRICES/IT_DAY_AHEAD_HOURLY_AND_15M.xlsx:Zone.Identifier | data/lseg/raw/02_SOURCE_RAW/FR_NUCLEAR/EDF_OUTAGE_HISTORY_RAW.csv:Zone.Identifier | data/lseg/raw/02_SOURCE_RAW/FR_NUCLEAR/EDF_TRANSPARENCY_REMIT_MESSAGES_RAW.csv:Zone.Identifier | data/lseg/raw/03_CURRENT_RECENT_LSEG/COST_CURVES/cost_curves_2026910_21432.xlsx:Zone.Identifier | data/lseg/raw/03_CURRENT_RECENT_LSEG/COST_CURVES/cost_curves_2026910_21543.xlsx:Zone.Identifier | data/lseg/raw/03_CURRENT_RECENT_LSEG/COST_CURVES/cost_curves_2026910_2164.xlsx:Zone.Identifier | data/lseg/raw/03_CURRENT_RECENT_LSEG/RESIDUAL_LOAD/CWE_RESIDUAL_LOAD_REPORT.pdf:Zone.Identifier | data/lseg/raw/03_CURRENT_RECENT_LSEG/RESIDUAL_LOAD/DE_RESIDUAL_LOAD_CURRENT_RECENT.xls:Zone.Identifier | data/lseg/raw/03_CURRENT_RECENT_LSEG/RESIDUAL_LOAD/DE_RESIDUAL_LOAD_REPORT.pdf:Zone.Identifier | data/lseg/raw/03_CURRENT_RECENT_LSEG/RESIDUAL_LOAD/FR_IT_RESIDUAL_LOAD_EXPORT_A.xls:Zone.Identifier | data/lseg/raw/03_CURRENT_RECENT_LSEG/RESIDUAL_LOAD/FR_IT_RESIDUAL_LOAD_EXPORT_B.xls:Zone.Identifier | data/lseg/raw/03_CURRENT_RECENT_LSEG/SUPPLY_WIND_SOLAR/GB_EMBEDDED_SOLAR_REPORT.pdf:Zone.Identifier | data/lseg/raw/03_CURRENT_RECENT_LSEG/SUPPLY_WIND_SOLAR/GB_EMBEDDED_WIND_REPORT.pdf:Zone.Identifier | data/lseg/raw/03_CURRENT_RECENT_LSEG/SUPPLY_WIND_SOLAR/SUPPLY_WIND_REPORT.pdf:Zone.Identifier | data/lseg/raw/03_CURRENT_RECENT_LSEG/WEATHER/CLOUD_COVER_CH.xls:Zone.Identifier | data/lseg/raw/03_CURRENT_RECENT_LSEG/WEATHER/CLOUD_COVER_REPORT.pdf:Zone.Identifier | data/lseg/raw/03_CURRENT_RECENT_LSEG/WEATHER/ECMWF_CLUSTER_REPORT.pdf:Zone.Identifier | data/lseg/raw/03_CURRENT_RECENT_LSEG/WEATHER/NAO_AO_REPORT.pdf:Zone.Identifier | data/lseg/raw/03_CURRENT_RECENT_LSEG/WEATHER/PRECIPITATION_ALP_AREA_REPORT.pdf:Zone.Identifier | data/lseg/raw/03_CURRENT_RECENT_LSEG/WEATHER/PRECIPITATION_CH_EFFECTIVE.xls:Zone.Identifier | data/lseg/raw/03_CURRENT_RECENT_LSEG/WEATHER/TEMPERATURE_DE_FR_AT_CH_TABLE.xls:Zone.Identifier | data/lseg/raw/03_CURRENT_RECENT_LSEG/WEATHER/TEMPERATURE_IT_CHART.xls:Zone.Identifier | data/lseg/raw/03_CURRENT_RECENT_LSEG/WEATHER/TEMPERATURE_REPORT.pdf:Zone.Identifier | data/lseg/raw/04_CROSS_BORDER_REFERENCE/01_PRICE_FLOW_GRAPH_CHE_VISIBLE.png:Zone.Identifier | data/lseg/raw/04_CROSS_BORDER_REFERENCE/02_DEU_SELECTED_CONNECTIONS.png:Zone.Identifier | data/lseg/raw/04_CROSS_BORDER_REFERENCE/03_NET_IMPORT_GRAPH.png:Zone.Identifier | data/lseg/raw/04_CROSS_BORDER_REFERENCE/04_NET_IMPORT_CHE_SELECTED_00.png:Zone.Identifier | data/lseg/raw/04_CROSS_BORDER_REFERENCE/05_NET_IMPORT_CHE_SELECTED_12.png:Zone.Identifier | data/lseg/raw/04_CROSS_BORDER_REFERENCE/06_CAPACITY_DIRECTION_1_CHE_SELECTED.png:Zone.Identifier | data/lseg/raw/04_CROSS_BORDER_REFERENCE/07_CAPACITY_DIRECTION_2_CHE_SELECTED_A.png:Zone.Identifier | data/lseg/raw/04_CROSS_BORDER_REFERENCE/08_CAPACITY_DIRECTION_2_CHE_SELECTED_B.png:Zone.Identifier | data/lseg/raw/04_CROSS_BORDER_REFERENCE/09_CAPACITY_DIRECTION_2_CHE_SELECTED_C.png:Zone.Identifier | data/lseg/raw/04_CROSS_BORDER_REFERENCE/10_SCHEDULED_EXCHANGE_NET_IMPORT_GRAPH.png:Zone.Identifier | data/lseg/raw/04_CROSS_BORDER_REFERENCE/11_SCHEDULED_EXCHANGE_CHE_SELECTED.png:Zone.Identifier | data/lseg/raw/04_CROSS_BORDER_REFERENCE/FLOWS_GRAPH_REPORT.pdf:Zone.Identifier | data/lseg/raw/05_LSEG_REFERENCE_PDFS/DEMAND_CONSUMPTION_OVERVIEW.pdf:Zone.Identifier | data/lseg/raw/90_INTERMEDIATE/LSEG_PRICE_DEMAND/FR_15M_RAW.xls.xlsx:Zone.Identifier | data/lseg/raw/90_INTERMEDIATE/LSEG_PRICE_DEMAND/FR_DA_RAW.xlsx:Zone.Identifier | data/lseg/raw/90_INTERMEDIATE/LSEG_PRICE_DEMAND/IT_DA_RAW(1).xlsx:Zone.Identifier | data/lseg/raw/90_INTERMEDIATE/LSEG_PRICE_DEMAND/IT_DA_RAW(2).xlsx:Zone.Identifier | data/lseg/raw/90_INTERMEDIATE/LSEG_PRICE_DEMAND/IT_DA_RAW(3).xlsx:Zone.Identifier | data/lseg/raw/90_INTERMEDIATE/LSEG_PRICE_DEMAND/IT_DA_RAW.xlsx:Zone.Identifier | data/lseg/raw/90_INTERMEDIATE/LSEG_PRICE_DEMAND/IT_DEMAND_15M_ALL_ZONES_TEMPLATE.xlsx:Zone.Identifier | data/lseg/raw/90_INTERMEDIATE/LSEG_PRICE_DEMAND/IT_DEMAND_15M_NORTH.xlsx:Zone.Identifier | data/lseg/raw/90_INTERMEDIATE/LSEG_PRICE_DEMAND/Mappe1(1).xlsx:Zone.Identifier | data/lseg/raw/90_INTERMEDIATE/LSEG_PRICE_DEMAND/Mappe1(2).xlsx:Zone.Identifier | data/lseg/raw/90_INTERMEDIATE/LSEG_PRICE_DEMAND/Mappe1(3).xlsx:Zone.Identifier | data/lseg/raw/90_INTERMEDIATE/LSEG_PRICE_DEMAND/Mappe1(4).xlsx:Zone.Identifier | data/lseg/raw/90_INTERMEDIATE/LSEG_PRICE_DEMAND/Mappe1(5).xlsx:Zone.Identifier | data/lseg/raw/90_INTERMEDIATE/SCREENSHOTS/0a528483-087b-4a33-a2f3-ecdd62770a3a.png:Zone.Identifier | data/lseg/raw/90_INTERMEDIATE/SCREENSHOTS/1609bf25-22b3-4c50-817b-fa945dba6bfe.png:Zone.Identifier | data/lseg/raw/90_INTERMEDIATE/SCREENSHOTS/1d02b907-f21b-48aa-bff6-9bb501bffd31.png:Zone.Identifier | data/lseg/raw/90_INTERMEDIATE/SCREENSHOTS/2bf92681-8086-451b-ad79-2cf2aaa286bf.png:Zone.Identifier | data/lseg/raw/90_INTERMEDIATE/SCREENSHOTS/5048f972-71a5-4bbb-9ebf-495783170275.png:Zone.Identifier | data/lseg/raw/90_INTERMEDIATE/SCREENSHOTS/57688dd7-cfad-46f7-9d61-7173a480ab24.png:Zone.Identifier | data/lseg/raw/90_INTERMEDIATE/SCREENSHOTS/6a48aa3a-47d9-431b-a8d4-4b421a82f395.png:Zone.Identifier | data/lseg/raw/90_INTERMEDIATE/SCREENSHOTS/6b0bf7a6-4724-4c1c-98c7-10c623883a8b.png:Zone.Identifier | data/lseg/raw/90_INTERMEDIATE/SCREENSHOTS/7cdf8489-62e1-4566-9c92-ddde781dfc41.png:Zone.Identifier | data/lseg/raw/90_INTERMEDIATE/SCREENSHOTS/839b9904-b506-4600-a582-19546fc0d0dc.png:Zone.Identifier | data/lseg/raw/90_INTERMEDIATE/SCREENSHOTS/87b02fce-0b58-4ead-b793-267dd464b8ec.png:Zone.Identifier | data/lseg/raw/90_INTERMEDIATE/SCREENSHOTS/917dfe63-9fd2-4e78-89c4-b98dcf9f033f.png:Zone.Identifier | data/lseg/raw/90_INTERMEDIATE/SCREENSHOTS/990167dc-a3d5-4b22-acec-131b4e0f87c9.png:Zone.Identifier | data/lseg/raw/90_INTERMEDIATE/SCREENSHOTS/af6db8b3-1471-4a8e-9879-1e782574016e.png:Zone.Identifier | data/lseg/raw/90_INTERMEDIATE/SCREENSHOTS/b94c25b1-cacf-496f-802b-f74a6ec3c376.png:Zone.Identifier | data/lseg/raw/90_INTERMEDIATE/SCREENSHOTS/bc276a5b-6ae8-473b-abe3-2d17e33bcdd3.png:Zone.Identifier | data/lseg/raw/90_INTERMEDIATE/SCREENSHOTS/chart_100049390.embedded.png:Zone.Identifier | data/lseg/raw/90_INTERMEDIATE/SCREENSHOTS/chart_100127248.embedded.png:Zone.Identifier | data/lseg/raw/90_INTERMEDIATE/SCREENSHOTS/crop_che.png:Zone.Identifier | data/lseg/raw/90_INTERMEDIATE/SCREENSHOTS/de1ee218-60dc-4b11-b243-1f352c398785.png:Zone.Identifier | data/lseg/raw/99_UNCLASSIFIED_RETAINED/LSEG_DISCOVERY_RAW_NOTES.txt:Zone.Identifier | data/lseg/raw/99_UNCLASSIFIED_RETAINED/table_100016453.xls:Zone.Identifier | data/lseg/raw/CH_DA_RAW.xlsx:Zone.Identifier | data/lseg/raw/DE_DA_RAW.xlsx:Zone.Identifier | data/lseg/raw/EDF_NUCLEAR_OUTAGE_REVISIONS_PIT.csv:Zone.Identifier | data/lseg/raw/EDF_NUCLEAR_PIT_DAILY_2021_2026.csv:Zone.Identifier | data/lseg/raw/FR_15M_RAW.xlsx:Zone.Identifier | data/lseg/raw/FR_DA_RAW_COMBINED.xlsx:Zone.Identifier | data/lseg/raw/Historique des indispo des moyens de production - depuis 2015 - 07092026-full.csv:Zone.Identifier | data/lseg/raw/IT_DA_RAW (1).xlsx:Zone.Identifier | data/lseg/raw/IT_DA_RAW.xlsx:Zone.Identifier | data/lseg/raw/IT_DEMAND_15M_ALL_ZONES_TEMPLATE.xlsx:Zone.Identifier | data/lseg/raw/IT_DEMAND_15M_NORTH.xlsx:Zone.Identifier | data/lseg/raw/IT_DEMAND_HOURLY.xlsx:Zone.Identifier | data/lseg/raw/publications-transparence-et-remit-liste-des-messages-edf-sa.csv:Zone.Identifier,Windows download-origin sidecar; excluded from data analysis.
data/lseg/raw/03_CURRENT_RECENT_LSEG/RESIDUAL_LOAD/CWE_RESIDUAL_LOAD_REPORT.pdf,CWE_RESIDUAL_LOAD_REPORT.pdf,pdf,reference_image_or_report,residual load forecast reference,residual load forecast reference,Europe/unknown,Not applicable/non-tabular or not safely extractable,Not applicable or not declared,Not safely extractable,Not determined from file metadata,Not determined,Forecast/reference context,Not safely extractable,Not safely extractable,Not safely extractable,607220,Not applicable/non-tabular,CURRENT_ONLY,REFERENCE_ONLY,,,Non-tabular artifact; no reliable row-level schema inferred.
data/lseg/raw/03_CURRENT_RECENT_LSEG/RESIDUAL_LOAD/CWE_RESIDUAL_LOAD_REPORT.pdf:Zone.Identifier,CWE_RESIDUAL_LOAD_REPORT.pdf:Zone.Identifier,identifier,metadata_sidecar,ancillary file metadata,Zone.Identifier,UNKNOWN,Not applicable/non-tabular or not safely extractable,Not applicable or not declared,Not safely extractable,Not determined from file metadata,Not determined,Not determinable,Not safely extractable,Not safely extractable,Not safely extractable,25,Not applicable/non-tabular,UNKNOWN,None,,data/lseg/raw/00_START_HERE/ANONYMOUS_XLS_MAPPING.md:Zone.Identifier | data/lseg/raw/00_START_HERE/DATA_CATALOG.csv:Zone.Identifier | data/lseg/raw/00_START_HERE/EXTRACTION_STATUS_AND_GAPS.md:Zone.Identifier | data/lseg/raw/00_START_HERE/LICENSE_NOTES.md:Zone.Identifier | data/lseg/raw/00_START_HERE/MANIFEST_SHA256.csv:Zone.Identifier | data/lseg/raw/00_START_HERE/MISSING_CH_DE_RECOVERY.md:Zone.Identifier | data/lseg/raw/00_START_HERE/MISSING_CH_DE_RICS.csv:Zone.Identifier | data/lseg/raw/00_START_HERE/PROJECT_OBJECTIVE.txt:Zone.Identifier | data/lseg/raw/00_START_HERE/README_FIRST.md:Zone.Identifier | data/lseg/raw/00_START_HERE/RIC_FAMILIES.csv:Zone.Identifier | data/lseg/raw/01_CORE_HISTORICAL/FR_NUCLEAR_PIT/EDF_NUCLEAR_OUTAGE_REVISIONS_PIT.csv:Zone.Identifier | data/lseg/raw/01_CORE_HISTORICAL/FR_NUCLEAR_PIT/EDF_NUCLEAR_PIT_DAILY_2021_2026.csv:Zone.Identifier | data/lseg/raw/01_CORE_HISTORICAL/FR_NUCLEAR_PIT/EDF_NUCLEAR_PIT_SUMMARY.txt:Zone.Identifier | data/lseg/raw/01_CORE_HISTORICAL/LSEG_DEMAND/IT_DEMAND_15M_ALL_7_ZONES_2025_2026.xlsx:Zone.Identifier | data/lseg/raw/01_CORE_HISTORICAL/LSEG_DEMAND/IT_DEMAND_HOURLY_2021_2025.xlsx:Zone.Identifier | data/lseg/raw/01_CORE_HISTORICAL/LSEG_PRICES/FR_DAY_AHEAD_HOURLY_AND_15M.xlsx:Zone.Identifier | data/lseg/raw/01_CORE_HISTORICAL/LSEG_PRICES/IT_DAY_AHEAD_HOURLY_AND_15M.xlsx:Zone.Identifier | data/lseg/raw/02_SOURCE_RAW/FR_NUCLEAR/EDF_OUTAGE_HISTORY_RAW.csv:Zone.Identifier | data/lseg/raw/02_SOURCE_RAW/FR_NUCLEAR/EDF_TRANSPARENCY_REMIT_MESSAGES_RAW.csv:Zone.Identifier | data/lseg/raw/03_CURRENT_RECENT_LSEG/COST_CURVES/cost_curves_2026910_21432.xlsx:Zone.Identifier | data/lseg/raw/03_CURRENT_RECENT_LSEG/COST_CURVES/cost_curves_2026910_21543.xlsx:Zone.Identifier | data/lseg/raw/03_CURRENT_RECENT_LSEG/COST_CURVES/cost_curves_2026910_2164.xlsx:Zone.Identifier | data/lseg/raw/03_CURRENT_RECENT_LSEG/RESIDUAL_LOAD/CWE_RESIDUAL_LOAD_REPORT.pdf:Zone.Identifier | data/lseg/raw/03_CURRENT_RECENT_LSEG/RESIDUAL_LOAD/DE_RESIDUAL_LOAD_CURRENT_RECENT.xls:Zone.Identifier | data/lseg/raw/03_CURRENT_RECENT_LSEG/RESIDUAL_LOAD/DE_RESIDUAL_LOAD_REPORT.pdf:Zone.Identifier | data/lseg/raw/03_CURRENT_RECENT_LSEG/RESIDUAL_LOAD/FR_IT_RESIDUAL_LOAD_EXPORT_A.xls:Zone.Identifier | data/lseg/raw/03_CURRENT_RECENT_LSEG/RESIDUAL_LOAD/FR_IT_RESIDUAL_LOAD_EXPORT_B.xls:Zone.Identifier | data/lseg/raw/03_CURRENT_RECENT_LSEG/SUPPLY_WIND_SOLAR/GB_EMBEDDED_SOLAR_REPORT.pdf:Zone.Identifier | data/lseg/raw/03_CURRENT_RECENT_LSEG/SUPPLY_WIND_SOLAR/GB_EMBEDDED_WIND_REPORT.pdf:Zone.Identifier | data/lseg/raw/03_CURRENT_RECENT_LSEG/SUPPLY_WIND_SOLAR/SUPPLY_WIND_REPORT.pdf:Zone.Identifier | data/lseg/raw/03_CURRENT_RECENT_LSEG/WEATHER/CLOUD_COVER_CH.xls:Zone.Identifier | data/lseg/raw/03_CURRENT_RECENT_LSEG/WEATHER/CLOUD_COVER_REPORT.pdf:Zone.Identifier | data/lseg/raw/03_CURRENT_RECENT_LSEG/WEATHER/ECMWF_CLUSTER_REPORT.pdf:Zone.Identifier | data/lseg/raw/03_CURRENT_RECENT_LSEG/WEATHER/NAO_AO_REPORT.pdf:Zone.Identifier | data/lseg/raw/03_CURRENT_RECENT_LSEG/WEATHER/PRECIPITATION_ALP_AREA_REPORT.pdf:Zone.Identifier | data/lseg/raw/03_CURRENT_RECENT_LSEG/WEATHER/PRECIPITATION_CH_EFFECTIVE.xls:Zone.Identifier | data/lseg/raw/03_CURRENT_RECENT_LSEG/WEATHER/TEMPERATURE_DE_FR_AT_CH_TABLE.xls:Zone.Identifier | data/lseg/raw/03_CURRENT_RECENT_LSEG/WEATHER/TEMPERATURE_IT_CHART.xls:Zone.Identifier | data/lseg/raw/03_CURRENT_RECENT_LSEG/WEATHER/TEMPERATURE_REPORT.pdf:Zone.Identifier | data/lseg/raw/04_CROSS_BORDER_REFERENCE/01_PRICE_FLOW_GRAPH_CHE_VISIBLE.png:Zone.Identifier | data/lseg/raw/04_CROSS_BORDER_REFERENCE/02_DEU_SELECTED_CONNECTIONS.png:Zone.Identifier | data/lseg/raw/04_CROSS_BORDER_REFERENCE/03_NET_IMPORT_GRAPH.png:Zone.Identifier | data/lseg/raw/04_CROSS_BORDER_REFERENCE/04_NET_IMPORT_CHE_SELECTED_00.png:Zone.Identifier | data/lseg/raw/04_CROSS_BORDER_REFERENCE/05_NET_IMPORT_CHE_SELECTED_12.png:Zone.Identifier | data/lseg/raw/04_CROSS_BORDER_REFERENCE/06_CAPACITY_DIRECTION_1_CHE_SELECTED.png:Zone.Identifier | data/lseg/raw/04_CROSS_BORDER_REFERENCE/07_CAPACITY_DIRECTION_2_CHE_SELECTED_A.png:Zone.Identifier | data/lseg/raw/04_CROSS_BORDER_REFERENCE/08_CAPACITY_DIRECTION_2_CHE_SELECTED_B.png:Zone.Identifier | data/lseg/raw/04_CROSS_BORDER_REFERENCE/09_CAPACITY_DIRECTION_2_CHE_SELECTED_C.png:Zone.Identifier | data/lseg/raw/04_CROSS_BORDER_REFERENCE/10_SCHEDULED_EXCHANGE_NET_IMPORT_GRAPH.png:Zone.Identifier | data/lseg/raw/04_CROSS_BORDER_REFERENCE/11_SCHEDULED_EXCHANGE_CHE_SELECTED.png:Zone.Identifier | data/lseg/raw/04_CROSS_BORDER_REFERENCE/FLOWS_GRAPH_REPORT.pdf:Zone.Identifier | data/lseg/raw/05_LSEG_REFERENCE_PDFS/DEMAND_CONSUMPTION_OVERVIEW.pdf:Zone.Identifier | data/lseg/raw/90_INTERMEDIATE/LSEG_PRICE_DEMAND/FR_15M_RAW.xls.xlsx:Zone.Identifier | data/lseg/raw/90_INTERMEDIATE/LSEG_PRICE_DEMAND/FR_DA_RAW.xlsx:Zone.Identifier | data/lseg/raw/90_INTERMEDIATE/LSEG_PRICE_DEMAND/IT_DA_RAW(1).xlsx:Zone.Identifier | data/lseg/raw/90_INTERMEDIATE/LSEG_PRICE_DEMAND/IT_DA_RAW(2).xlsx:Zone.Identifier | data/lseg/raw/90_INTERMEDIATE/LSEG_PRICE_DEMAND/IT_DA_RAW(3).xlsx:Zone.Identifier | data/lseg/raw/90_INTERMEDIATE/LSEG_PRICE_DEMAND/IT_DA_RAW.xlsx:Zone.Identifier | data/lseg/raw/90_INTERMEDIATE/LSEG_PRICE_DEMAND/IT_DEMAND_15M_ALL_ZONES_TEMPLATE.xlsx:Zone.Identifier | data/lseg/raw/90_INTERMEDIATE/LSEG_PRICE_DEMAND/IT_DEMAND_15M_NORTH.xlsx:Zone.Identifier | data/lseg/raw/90_INTERMEDIATE/LSEG_PRICE_DEMAND/Mappe1(1).xlsx:Zone.Identifier | data/lseg/raw/90_INTERMEDIATE/LSEG_PRICE_DEMAND/Mappe1(2).xlsx:Zone.Identifier | data/lseg/raw/90_INTERMEDIATE/LSEG_PRICE_DEMAND/Mappe1(3).xlsx:Zone.Identifier | data/lseg/raw/90_INTERMEDIATE/LSEG_PRICE_DEMAND/Mappe1(4).xlsx:Zone.Identifier | data/lseg/raw/90_INTERMEDIATE/LSEG_PRICE_DEMAND/Mappe1(5).xlsx:Zone.Identifier | data/lseg/raw/90_INTERMEDIATE/SCREENSHOTS/0a528483-087b-4a33-a2f3-ecdd62770a3a.png:Zone.Identifier | data/lseg/raw/90_INTERMEDIATE/SCREENSHOTS/1609bf25-22b3-4c50-817b-fa945dba6bfe.png:Zone.Identifier | data/lseg/raw/90_INTERMEDIATE/SCREENSHOTS/1d02b907-f21b-48aa-bff6-9bb501bffd31.png:Zone.Identifier | data/lseg/raw/90_INTERMEDIATE/SCREENSHOTS/2bf92681-8086-451b-ad79-2cf2aaa286bf.png:Zone.Identifier | data/lseg/raw/90_INTERMEDIATE/SCREENSHOTS/5048f972-71a5-4bbb-9ebf-495783170275.png:Zone.Identifier | data/lseg/raw/90_INTERMEDIATE/SCREENSHOTS/57688dd7-cfad-46f7-9d61-7173a480ab24.png:Zone.Identifier | data/lseg/raw/90_INTERMEDIATE/SCREENSHOTS/6a48aa3a-47d9-431b-a8d4-4b421a82f395.png:Zone.Identifier | data/lseg/raw/90_INTERMEDIATE/SCREENSHOTS/6b0bf7a6-4724-4c1c-98c7-10c623883a8b.png:Zone.Identifier | data/lseg/raw/90_INTERMEDIATE/SCREENSHOTS/7cdf8489-62e1-4566-9c92-ddde781dfc41.png:Zone.Identifier | data/lseg/raw/90_INTERMEDIATE/SCREENSHOTS/839b9904-b506-4600-a582-19546fc0d0dc.png:Zone.Identifier | data/lseg/raw/90_INTERMEDIATE/SCREENSHOTS/87b02fce-0b58-4ead-b793-267dd464b8ec.png:Zone.Identifier | data/lseg/raw/90_INTERMEDIATE/SCREENSHOTS/917dfe63-9fd2-4e78-89c4-b98dcf9f033f.png:Zone.Identifier | data/lseg/raw/90_INTERMEDIATE/SCREENSHOTS/990167dc-a3d5-4b22-acec-131b4e0f87c9.png:Zone.Identifier | data/lseg/raw/90_INTERMEDIATE/SCREENSHOTS/af6db8b3-1471-4a8e-9879-1e782574016e.png:Zone.Identifier | data/lseg/raw/90_INTERMEDIATE/SCREENSHOTS/b94c25b1-cacf-496f-802b-f74a6ec3c376.png:Zone.Identifier | data/lseg/raw/90_INTERMEDIATE/SCREENSHOTS/bc276a5b-6ae8-473b-abe3-2d17e33bcdd3.png:Zone.Identifier | data/lseg/raw/90_INTERMEDIATE/SCREENSHOTS/chart_100049390.embedded.png:Zone.Identifier | data/lseg/raw/90_INTERMEDIATE/SCREENSHOTS/chart_100127248.embedded.png:Zone.Identifier | data/lseg/raw/90_INTERMEDIATE/SCREENSHOTS/crop_che.png:Zone.Identifier | data/lseg/raw/90_INTERMEDIATE/SCREENSHOTS/de1ee218-60dc-4b11-b243-1f352c398785.png:Zone.Identifier | data/lseg/raw/99_UNCLASSIFIED_RETAINED/LSEG_DISCOVERY_RAW_NOTES.txt:Zone.Identifier | data/lseg/raw/99_UNCLASSIFIED_RETAINED/table_100016453.xls:Zone.Identifier | data/lseg/raw/CH_DA_RAW.xlsx:Zone.Identifier | data/lseg/raw/DE_DA_RAW.xlsx:Zone.Identifier | data/lseg/raw/EDF_NUCLEAR_OUTAGE_REVISIONS_PIT.csv:Zone.Identifier | data/lseg/raw/EDF_NUCLEAR_PIT_DAILY_2021_2026.csv:Zone.Identifier | data/lseg/raw/FR_15M_RAW.xlsx:Zone.Identifier | data/lseg/raw/FR_DA_RAW_COMBINED.xlsx:Zone.Identifier | data/lseg/raw/Historique des indispo des moyens de production - depuis 2015 - 07092026-full.csv:Zone.Identifier | data/lseg/raw/IT_DA_RAW (1).xlsx:Zone.Identifier | data/lseg/raw/IT_DA_RAW.xlsx:Zone.Identifier | data/lseg/raw/IT_DEMAND_15M_ALL_ZONES_TEMPLATE.xlsx:Zone.Identifier | data/lseg/raw/IT_DEMAND_15M_NORTH.xlsx:Zone.Identifier | data/lseg/raw/IT_DEMAND_HOURLY.xlsx:Zone.Identifier | data/lseg/raw/publications-transparence-et-remit-liste-des-messages-edf-sa.csv:Zone.Identifier,Windows download-origin sidecar; excluded from data analysis.
data/lseg/raw/03_CURRENT_RECENT_LSEG/RESIDUAL_LOAD/DE_RESIDUAL_LOAD_CURRENT_RECENT.xls,DE_RESIDUAL_LOAD_CURRENT_RECENT.xls,xls,reference_image_or_report,residual load,residual load forecast,DE/FR/IT/CWE,Not applicable/non-tabular or not safely extractable,Not applicable or not declared,Not safely extractable,Not determined from file metadata,Not determined,Forecast/reference context,Not safely extractable,Not safely extractable,Not safely extractable,14848,Not applicable/non-tabular,CURRENT_ONLY,No corresponding model-ready family in Databricks inventory,,,Workspace export/reference; limited historical depth.
data/lseg/raw/03_CURRENT_RECENT_LSEG/RESIDUAL_LOAD/DE_RESIDUAL_LOAD_CURRENT_RECENT.xls:Zone.Identifier,DE_RESIDUAL_LOAD_CURRENT_RECENT.xls:Zone.Identifier,identifier,metadata_sidecar,ancillary file metadata,Zone.Identifier,UNKNOWN,Not applicable/non-tabular or not safely extractable,Not applicable or not declared,Not safely extractable,Not determined from file metadata,Not determined,Not determinable,Not safely extractable,Not safely extractable,Not safely extractable,25,Not applicable/non-tabular,UNKNOWN,None,,data/lseg/raw/00_START_HERE/ANONYMOUS_XLS_MAPPING.md:Zone.Identifier | data/lseg/raw/00_START_HERE/DATA_CATALOG.csv:Zone.Identifier | data/lseg/raw/00_START_HERE/EXTRACTION_STATUS_AND_GAPS.md:Zone.Identifier | data/lseg/raw/00_START_HERE/LICENSE_NOTES.md:Zone.Identifier | data/lseg/raw/00_START_HERE/MANIFEST_SHA256.csv:Zone.Identifier | data/lseg/raw/00_START_HERE/MISSING_CH_DE_RECOVERY.md:Zone.Identifier | data/lseg/raw/00_START_HERE/MISSING_CH_DE_RICS.csv:Zone.Identifier | data/lseg/raw/00_START_HERE/PROJECT_OBJECTIVE.txt:Zone.Identifier | data/lseg/raw/00_START_HERE/README_FIRST.md:Zone.Identifier | data/lseg/raw/00_START_HERE/RIC_FAMILIES.csv:Zone.Identifier | data/lseg/raw/01_CORE_HISTORICAL/FR_NUCLEAR_PIT/EDF_NUCLEAR_OUTAGE_REVISIONS_PIT.csv:Zone.Identifier | data/lseg/raw/01_CORE_HISTORICAL/FR_NUCLEAR_PIT/EDF_NUCLEAR_PIT_DAILY_2021_2026.csv:Zone.Identifier | data/lseg/raw/01_CORE_HISTORICAL/FR_NUCLEAR_PIT/EDF_NUCLEAR_PIT_SUMMARY.txt:Zone.Identifier | data/lseg/raw/01_CORE_HISTORICAL/LSEG_DEMAND/IT_DEMAND_15M_ALL_7_ZONES_2025_2026.xlsx:Zone.Identifier | data/lseg/raw/01_CORE_HISTORICAL/LSEG_DEMAND/IT_DEMAND_HOURLY_2021_2025.xlsx:Zone.Identifier | data/lseg/raw/01_CORE_HISTORICAL/LSEG_PRICES/FR_DAY_AHEAD_HOURLY_AND_15M.xlsx:Zone.Identifier | data/lseg/raw/01_CORE_HISTORICAL/LSEG_PRICES/IT_DAY_AHEAD_HOURLY_AND_15M.xlsx:Zone.Identifier | data/lseg/raw/02_SOURCE_RAW/FR_NUCLEAR/EDF_OUTAGE_HISTORY_RAW.csv:Zone.Identifier | data/lseg/raw/02_SOURCE_RAW/FR_NUCLEAR/EDF_TRANSPARENCY_REMIT_MESSAGES_RAW.csv:Zone.Identifier | data/lseg/raw/03_CURRENT_RECENT_LSEG/COST_CURVES/cost_curves_2026910_21432.xlsx:Zone.Identifier | data/lseg/raw/03_CURRENT_RECENT_LSEG/COST_CURVES/cost_curves_2026910_21543.xlsx:Zone.Identifier | data/lseg/raw/03_CURRENT_RECENT_LSEG/COST_CURVES/cost_curves_2026910_2164.xlsx:Zone.Identifier | data/lseg/raw/03_CURRENT_RECENT_LSEG/RESIDUAL_LOAD/CWE_RESIDUAL_LOAD_REPORT.pdf:Zone.Identifier | data/lseg/raw/03_CURRENT_RECENT_LSEG/RESIDUAL_LOAD/DE_RESIDUAL_LOAD_CURRENT_RECENT.xls:Zone.Identifier | data/lseg/raw/03_CURRENT_RECENT_LSEG/RESIDUAL_LOAD/DE_RESIDUAL_LOAD_REPORT.pdf:Zone.Identifier | data/lseg/raw/03_CURRENT_RECENT_LSEG/RESIDUAL_LOAD/FR_IT_RESIDUAL_LOAD_EXPORT_A.xls:Zone.Identifier | data/lseg/raw/03_CURRENT_RECENT_LSEG/RESIDUAL_LOAD/FR_IT_RESIDUAL_LOAD_EXPORT_B.xls:Zone.Identifier | data/lseg/raw/03_CURRENT_RECENT_LSEG/SUPPLY_WIND_SOLAR/GB_EMBEDDED_SOLAR_REPORT.pdf:Zone.Identifier | data/lseg/raw/03_CURRENT_RECENT_LSEG/SUPPLY_WIND_SOLAR/GB_EMBEDDED_WIND_REPORT.pdf:Zone.Identifier | data/lseg/raw/03_CURRENT_RECENT_LSEG/SUPPLY_WIND_SOLAR/SUPPLY_WIND_REPORT.pdf:Zone.Identifier | data/lseg/raw/03_CURRENT_RECENT_LSEG/WEATHER/CLOUD_COVER_CH.xls:Zone.Identifier | data/lseg/raw/03_CURRENT_RECENT_LSEG/WEATHER/CLOUD_COVER_REPORT.pdf:Zone.Identifier | data/lseg/raw/03_CURRENT_RECENT_LSEG/WEATHER/ECMWF_CLUSTER_REPORT.pdf:Zone.Identifier | data/lseg/raw/03_CURRENT_RECENT_LSEG/WEATHER/NAO_AO_REPORT.pdf:Zone.Identifier | data/lseg/raw/03_CURRENT_RECENT_LSEG/WEATHER/PRECIPITATION_ALP_AREA_REPORT.pdf:Zone.Identifier | data/lseg/raw/03_CURRENT_RECENT_LSEG/WEATHER/PRECIPITATION_CH_EFFECTIVE.xls:Zone.Identifier | data/lseg/raw/03_CURRENT_RECENT_LSEG/WEATHER/TEMPERATURE_DE_FR_AT_CH_TABLE.xls:Zone.Identifier | data/lseg/raw/03_CURRENT_RECENT_LSEG/WEATHER/TEMPERATURE_IT_CHART.xls:Zone.Identifier | data/lseg/raw/03_CURRENT_RECENT_LSEG/WEATHER/TEMPERATURE_REPORT.pdf:Zone.Identifier | data/lseg/raw/04_CROSS_BORDER_REFERENCE/01_PRICE_FLOW_GRAPH_CHE_VISIBLE.png:Zone.Identifier | data/lseg/raw/04_CROSS_BORDER_REFERENCE/02_DEU_SELECTED_CONNECTIONS.png:Zone.Identifier | data/lseg/raw/04_CROSS_BORDER_REFERENCE/03_NET_IMPORT_GRAPH.png:Zone.Identifier | data/lseg/raw/04_CROSS_BORDER_REFERENCE/04_NET_IMPORT_CHE_SELECTED_00.png:Zone.Identifier | data/lseg/raw/04_CROSS_BORDER_REFERENCE/05_NET_IMPORT_CHE_SELECTED_12.png:Zone.Identifier | data/lseg/raw/04_CROSS_BORDER_REFERENCE/06_CAPACITY_DIRECTION_1_CHE_SELECTED.png:Zone.Identifier | data/lseg/raw/04_CROSS_BORDER_REFERENCE/07_CAPACITY_DIRECTION_2_CHE_SELECTED_A.png:Zone.Identifier | data/lseg/raw/04_CROSS_BORDER_REFERENCE/08_CAPACITY_DIRECTION_2_CHE_SELECTED_B.png:Zone.Identifier | data/lseg/raw/04_CROSS_BORDER_REFERENCE/09_CAPACITY_DIRECTION_2_CHE_SELECTED_C.png:Zone.Identifier | data/lseg/raw/04_CROSS_BORDER_REFERENCE/10_SCHEDULED_EXCHANGE_NET_IMPORT_GRAPH.png:Zone.Identifier | data/lseg/raw/04_CROSS_BORDER_REFERENCE/11_SCHEDULED_EXCHANGE_CHE_SELECTED.png:Zone.Identifier | data/lseg/raw/04_CROSS_BORDER_REFERENCE/FLOWS_GRAPH_REPORT.pdf:Zone.Identifier | data/lseg/raw/05_LSEG_REFERENCE_PDFS/DEMAND_CONSUMPTION_OVERVIEW.pdf:Zone.Identifier | data/lseg/raw/90_INTERMEDIATE/LSEG_PRICE_DEMAND/FR_15M_RAW.xls.xlsx:Zone.Identifier | data/lseg/raw/90_INTERMEDIATE/LSEG_PRICE_DEMAND/FR_DA_RAW.xlsx:Zone.Identifier | data/lseg/raw/90_INTERMEDIATE/LSEG_PRICE_DEMAND/IT_DA_RAW(1).xlsx:Zone.Identifier | data/lseg/raw/90_INTERMEDIATE/LSEG_PRICE_DEMAND/IT_DA_RAW(2).xlsx:Zone.Identifier | data/lseg/raw/90_INTERMEDIATE/LSEG_PRICE_DEMAND/IT_DA_RAW(3).xlsx:Zone.Identifier | data/lseg/raw/90_INTERMEDIATE/LSEG_PRICE_DEMAND/IT_DA_RAW.xlsx:Zone.Identifier | data/lseg/raw/90_INTERMEDIATE/LSEG_PRICE_DEMAND/IT_DEMAND_15M_ALL_ZONES_TEMPLATE.xlsx:Zone.Identifier | data/lseg/raw/90_INTERMEDIATE/LSEG_PRICE_DEMAND/IT_DEMAND_15M_NORTH.xlsx:Zone.Identifier | data/lseg/raw/90_INTERMEDIATE/LSEG_PRICE_DEMAND/Mappe1(1).xlsx:Zone.Identifier | data/lseg/raw/90_INTERMEDIATE/LSEG_PRICE_DEMAND/Mappe1(2).xlsx:Zone.Identifier | data/lseg/raw/90_INTERMEDIATE/LSEG_PRICE_DEMAND/Mappe1(3).xlsx:Zone.Identifier | data/lseg/raw/90_INTERMEDIATE/LSEG_PRICE_DEMAND/Mappe1(4).xlsx:Zone.Identifier | data/lseg/raw/90_INTERMEDIATE/LSEG_PRICE_DEMAND/Mappe1(5).xlsx:Zone.Identifier | data/lseg/raw/90_INTERMEDIATE/SCREENSHOTS/0a528483-087b-4a33-a2f3-ecdd62770a3a.png:Zone.Identifier | data/lseg/raw/90_INTERMEDIATE/SCREENSHOTS/1609bf25-22b3-4c50-817b-fa945dba6bfe.png:Zone.Identifier | data/lseg/raw/90_INTERMEDIATE/SCREENSHOTS/1d02b907-f21b-48aa-bff6-9bb501bffd31.png:Zone.Identifier | data/lseg/raw/90_INTERMEDIATE/SCREENSHOTS/2bf92681-8086-451b-ad79-2cf2aaa286bf.png:Zone.Identifier | data/lseg/raw/90_INTERMEDIATE/SCREENSHOTS/5048f972-71a5-4bbb-9ebf-495783170275.png:Zone.Identifier | data/lseg/raw/90_INTERMEDIATE/SCREENSHOTS/57688dd7-cfad-46f7-9d61-7173a480ab24.png:Zone.Identifier | data/lseg/raw/90_INTERMEDIATE/SCREENSHOTS/6a48aa3a-47d9-431b-a8d4-4b421a82f395.png:Zone.Identifier | data/lseg/raw/90_INTERMEDIATE/SCREENSHOTS/6b0bf7a6-4724-4c1c-98c7-10c623883a8b.png:Zone.Identifier | data/lseg/raw/90_INTERMEDIATE/SCREENSHOTS/7cdf8489-62e1-4566-9c92-ddde781dfc41.png:Zone.Identifier | data/lseg/raw/90_INTERMEDIATE/SCREENSHOTS/839b9904-b506-4600-a582-19546fc0d0dc.png:Zone.Identifier | data/lseg/raw/90_INTERMEDIATE/SCREENSHOTS/87b02fce-0b58-4ead-b793-267dd464b8ec.png:Zone.Identifier | data/lseg/raw/90_INTERMEDIATE/SCREENSHOTS/917dfe63-9fd2-4e78-89c4-b98dcf9f033f.png:Zone.Identifier | data/lseg/raw/90_INTERMEDIATE/SCREENSHOTS/990167dc-a3d5-4b22-acec-131b4e0f87c9.png:Zone.Identifier | data/lseg/raw/90_INTERMEDIATE/SCREENSHOTS/af6db8b3-1471-4a8e-9879-1e782574016e.png:Zone.Identifier | data/lseg/raw/90_INTERMEDIATE/SCREENSHOTS/b94c25b1-cacf-496f-802b-f74a6ec3c376.png:Zone.Identifier | data/lseg/raw/90_INTERMEDIATE/SCREENSHOTS/bc276a5b-6ae8-473b-abe3-2d17e33bcdd3.png:Zone.Identifier | data/lseg/raw/90_INTERMEDIATE/SCREENSHOTS/chart_100049390.embedded.png:Zone.Identifier | data/lseg/raw/90_INTERMEDIATE/SCREENSHOTS/chart_100127248.embedded.png:Zone.Identifier | data/lseg/raw/90_INTERMEDIATE/SCREENSHOTS/crop_che.png:Zone.Identifier | data/lseg/raw/90_INTERMEDIATE/SCREENSHOTS/de1ee218-60dc-4b11-b243-1f352c398785.png:Zone.Identifier | data/lseg/raw/99_UNCLASSIFIED_RETAINED/LSEG_DISCOVERY_RAW_NOTES.txt:Zone.Identifier | data/lseg/raw/99_UNCLASSIFIED_RETAINED/table_100016453.xls:Zone.Identifier | data/lseg/raw/CH_DA_RAW.xlsx:Zone.Identifier | data/lseg/raw/DE_DA_RAW.xlsx:Zone.Identifier | data/lseg/raw/EDF_NUCLEAR_OUTAGE_REVISIONS_PIT.csv:Zone.Identifier | data/lseg/raw/EDF_NUCLEAR_PIT_DAILY_2021_2026.csv:Zone.Identifier | data/lseg/raw/FR_15M_RAW.xlsx:Zone.Identifier | data/lseg/raw/FR_DA_RAW_COMBINED.xlsx:Zone.Identifier | data/lseg/raw/Historique des indispo des moyens de production - depuis 2015 - 07092026-full.csv:Zone.Identifier | data/lseg/raw/IT_DA_RAW (1).xlsx:Zone.Identifier | data/lseg/raw/IT_DA_RAW.xlsx:Zone.Identifier | data/lseg/raw/IT_DEMAND_15M_ALL_ZONES_TEMPLATE.xlsx:Zone.Identifier | data/lseg/raw/IT_DEMAND_15M_NORTH.xlsx:Zone.Identifier | data/lseg/raw/IT_DEMAND_HOURLY.xlsx:Zone.Identifier | data/lseg/raw/publications-transparence-et-remit-liste-des-messages-edf-sa.csv:Zone.Identifier,Windows download-origin sidecar; excluded from data analysis.
data/lseg/raw/03_CURRENT_RECENT_LSEG/RESIDUAL_LOAD/DE_RESIDUAL_LOAD_REPORT.pdf,DE_RESIDUAL_LOAD_REPORT.pdf,pdf,reference_image_or_report,residual load forecast reference,residual load forecast reference,Europe/unknown,Not applicable/non-tabular or not safely extractable,Not applicable or not declared,Not safely extractable,Not determined from file metadata,Not determined,Forecast/reference context,Not safely extractable,Not safely extractable,Not safely extractable,468321,Not applicable/non-tabular,CURRENT_ONLY,REFERENCE_ONLY,,,Non-tabular artifact; no reliable row-level schema inferred.
data/lseg/raw/03_CURRENT_RECENT_LSEG/RESIDUAL_LOAD/DE_RESIDUAL_LOAD_REPORT.pdf:Zone.Identifier,DE_RESIDUAL_LOAD_REPORT.pdf:Zone.Identifier,identifier,metadata_sidecar,ancillary file metadata,Zone.Identifier,UNKNOWN,Not applicable/non-tabular or not safely extractable,Not applicable or not declared,Not safely extractable,Not determined from file metadata,Not determined,Not determinable,Not safely extractable,Not safely extractable,Not safely extractable,25,Not applicable/non-tabular,UNKNOWN,None,,data/lseg/raw/00_START_HERE/ANONYMOUS_XLS_MAPPING.md:Zone.Identifier | data/lseg/raw/00_START_HERE/DATA_CATALOG.csv:Zone.Identifier | data/lseg/raw/00_START_HERE/EXTRACTION_STATUS_AND_GAPS.md:Zone.Identifier | data/lseg/raw/00_START_HERE/LICENSE_NOTES.md:Zone.Identifier | data/lseg/raw/00_START_HERE/MANIFEST_SHA256.csv:Zone.Identifier | data/lseg/raw/00_START_HERE/MISSING_CH_DE_RECOVERY.md:Zone.Identifier | data/lseg/raw/00_START_HERE/MISSING_CH_DE_RICS.csv:Zone.Identifier | data/lseg/raw/00_START_HERE/PROJECT_OBJECTIVE.txt:Zone.Identifier | data/lseg/raw/00_START_HERE/README_FIRST.md:Zone.Identifier | data/lseg/raw/00_START_HERE/RIC_FAMILIES.csv:Zone.Identifier | data/lseg/raw/01_CORE_HISTORICAL/FR_NUCLEAR_PIT/EDF_NUCLEAR_OUTAGE_REVISIONS_PIT.csv:Zone.Identifier | data/lseg/raw/01_CORE_HISTORICAL/FR_NUCLEAR_PIT/EDF_NUCLEAR_PIT_DAILY_2021_2026.csv:Zone.Identifier | data/lseg/raw/01_CORE_HISTORICAL/FR_NUCLEAR_PIT/EDF_NUCLEAR_PIT_SUMMARY.txt:Zone.Identifier | data/lseg/raw/01_CORE_HISTORICAL/LSEG_DEMAND/IT_DEMAND_15M_ALL_7_ZONES_2025_2026.xlsx:Zone.Identifier | data/lseg/raw/01_CORE_HISTORICAL/LSEG_DEMAND/IT_DEMAND_HOURLY_2021_2025.xlsx:Zone.Identifier | data/lseg/raw/01_CORE_HISTORICAL/LSEG_PRICES/FR_DAY_AHEAD_HOURLY_AND_15M.xlsx:Zone.Identifier | data/lseg/raw/01_CORE_HISTORICAL/LSEG_PRICES/IT_DAY_AHEAD_HOURLY_AND_15M.xlsx:Zone.Identifier | data/lseg/raw/02_SOURCE_RAW/FR_NUCLEAR/EDF_OUTAGE_HISTORY_RAW.csv:Zone.Identifier | data/lseg/raw/02_SOURCE_RAW/FR_NUCLEAR/EDF_TRANSPARENCY_REMIT_MESSAGES_RAW.csv:Zone.Identifier | data/lseg/raw/03_CURRENT_RECENT_LSEG/COST_CURVES/cost_curves_2026910_21432.xlsx:Zone.Identifier | data/lseg/raw/03_CURRENT_RECENT_LSEG/COST_CURVES/cost_curves_2026910_21543.xlsx:Zone.Identifier | data/lseg/raw/03_CURRENT_RECENT_LSEG/COST_CURVES/cost_curves_2026910_2164.xlsx:Zone.Identifier | data/lseg/raw/03_CURRENT_RECENT_LSEG/RESIDUAL_LOAD/CWE_RESIDUAL_LOAD_REPORT.pdf:Zone.Identifier | data/lseg/raw/03_CURRENT_RECENT_LSEG/RESIDUAL_LOAD/DE_RESIDUAL_LOAD_CURRENT_RECENT.xls:Zone.Identifier | data/lseg/raw/03_CURRENT_RECENT_LSEG/RESIDUAL_LOAD/DE_RESIDUAL_LOAD_REPORT.pdf:Zone.Identifier | data/lseg/raw/03_CURRENT_RECENT_LSEG/RESIDUAL_LOAD/FR_IT_RESIDUAL_LOAD_EXPORT_A.xls:Zone.Identifier | data/lseg/raw/03_CURRENT_RECENT_LSEG/RESIDUAL_LOAD/FR_IT_RESIDUAL_LOAD_EXPORT_B.xls:Zone.Identifier | data/lseg/raw/03_CURRENT_RECENT_LSEG/SUPPLY_WIND_SOLAR/GB_EMBEDDED_SOLAR_REPORT.pdf:Zone.Identifier | data/lseg/raw/03_CURRENT_RECENT_LSEG/SUPPLY_WIND_SOLAR/GB_EMBEDDED_WIND_REPORT.pdf:Zone.Identifier | data/lseg/raw/03_CURRENT_RECENT_LSEG/SUPPLY_WIND_SOLAR/SUPPLY_WIND_REPORT.pdf:Zone.Identifier | data/lseg/raw/03_CURRENT_RECENT_LSEG/WEATHER/CLOUD_COVER_CH.xls:Zone.Identifier | data/lseg/raw/03_CURRENT_RECENT_LSEG/WEATHER/CLOUD_COVER_REPORT.pdf:Zone.Identifier | data/lseg/raw/03_CURRENT_RECENT_LSEG/WEATHER/ECMWF_CLUSTER_REPORT.pdf:Zone.Identifier | data/lseg/raw/03_CURRENT_RECENT_LSEG/WEATHER/NAO_AO_REPORT.pdf:Zone.Identifier | data/lseg/raw/03_CURRENT_RECENT_LSEG/WEATHER/PRECIPITATION_ALP_AREA_REPORT.pdf:Zone.Identifier | data/lseg/raw/03_CURRENT_RECENT_LSEG/WEATHER/PRECIPITATION_CH_EFFECTIVE.xls:Zone.Identifier | data/lseg/raw/03_CURRENT_RECENT_LSEG/WEATHER/TEMPERATURE_DE_FR_AT_CH_TABLE.xls:Zone.Identifier | data/lseg/raw/03_CURRENT_RECENT_LSEG/WEATHER/TEMPERATURE_IT_CHART.xls:Zone.Identifier | data/lseg/raw/03_CURRENT_RECENT_LSEG/WEATHER/TEMPERATURE_REPORT.pdf:Zone.Identifier | data/lseg/raw/04_CROSS_BORDER_REFERENCE/01_PRICE_FLOW_GRAPH_CHE_VISIBLE.png:Zone.Identifier | data/lseg/raw/04_CROSS_BORDER_REFERENCE/02_DEU_SELECTED_CONNECTIONS.png:Zone.Identifier | data/lseg/raw/04_CROSS_BORDER_REFERENCE/03_NET_IMPORT_GRAPH.png:Zone.Identifier | data/lseg/raw/04_CROSS_BORDER_REFERENCE/04_NET_IMPORT_CHE_SELECTED_00.png:Zone.Identifier | data/lseg/raw/04_CROSS_BORDER_REFERENCE/05_NET_IMPORT_CHE_SELECTED_12.png:Zone.Identifier | data/lseg/raw/04_CROSS_BORDER_REFERENCE/06_CAPACITY_DIRECTION_1_CHE_SELECTED.png:Zone.Identifier | data/lseg/raw/04_CROSS_BORDER_REFERENCE/07_CAPACITY_DIRECTION_2_CHE_SELECTED_A.png:Zone.Identifier | data/lseg/raw/04_CROSS_BORDER_REFERENCE/08_CAPACITY_DIRECTION_2_CHE_SELECTED_B.png:Zone.Identifier | data/lseg/raw/04_CROSS_BORDER_REFERENCE/09_CAPACITY_DIRECTION_2_CHE_SELECTED_C.png:Zone.Identifier | data/lseg/raw/04_CROSS_BORDER_REFERENCE/10_SCHEDULED_EXCHANGE_NET_IMPORT_GRAPH.png:Zone.Identifier | data/lseg/raw/04_CROSS_BORDER_REFERENCE/11_SCHEDULED_EXCHANGE_CHE_SELECTED.png:Zone.Identifier | data/lseg/raw/04_CROSS_BORDER_REFERENCE/FLOWS_GRAPH_REPORT.pdf:Zone.Identifier | data/lseg/raw/05_LSEG_REFERENCE_PDFS/DEMAND_CONSUMPTION_OVERVIEW.pdf:Zone.Identifier | data/lseg/raw/90_INTERMEDIATE/LSEG_PRICE_DEMAND/FR_15M_RAW.xls.xlsx:Zone.Identifier | data/lseg/raw/90_INTERMEDIATE/LSEG_PRICE_DEMAND/FR_DA_RAW.xlsx:Zone.Identifier | data/lseg/raw/90_INTERMEDIATE/LSEG_PRICE_DEMAND/IT_DA_RAW(1).xlsx:Zone.Identifier | data/lseg/raw/90_INTERMEDIATE/LSEG_PRICE_DEMAND/IT_DA_RAW(2).xlsx:Zone.Identifier | data/lseg/raw/90_INTERMEDIATE/LSEG_PRICE_DEMAND/IT_DA_RAW(3).xlsx:Zone.Identifier | data/lseg/raw/90_INTERMEDIATE/LSEG_PRICE_DEMAND/IT_DA_RAW.xlsx:Zone.Identifier | data/lseg/raw/90_INTERMEDIATE/LSEG_PRICE_DEMAND/IT_DEMAND_15M_ALL_ZONES_TEMPLATE.xlsx:Zone.Identifier | data/lseg/raw/90_INTERMEDIATE/LSEG_PRICE_DEMAND/IT_DEMAND_15M_NORTH.xlsx:Zone.Identifier | data/lseg/raw/90_INTERMEDIATE/LSEG_PRICE_DEMAND/Mappe1(1).xlsx:Zone.Identifier | data/lseg/raw/90_INTERMEDIATE/LSEG_PRICE_DEMAND/Mappe1(2).xlsx:Zone.Identifier | data/lseg/raw/90_INTERMEDIATE/LSEG_PRICE_DEMAND/Mappe1(3).xlsx:Zone.Identifier | data/lseg/raw/90_INTERMEDIATE/LSEG_PRICE_DEMAND/Mappe1(4).xlsx:Zone.Identifier | data/lseg/raw/90_INTERMEDIATE/LSEG_PRICE_DEMAND/Mappe1(5).xlsx:Zone.Identifier | data/lseg/raw/90_INTERMEDIATE/SCREENSHOTS/0a528483-087b-4a33-a2f3-ecdd62770a3a.png:Zone.Identifier | data/lseg/raw/90_INTERMEDIATE/SCREENSHOTS/1609bf25-22b3-4c50-817b-fa945dba6bfe.png:Zone.Identifier | data/lseg/raw/90_INTERMEDIATE/SCREENSHOTS/1d02b907-f21b-48aa-bff6-9bb501bffd31.png:Zone.Identifier | data/lseg/raw/90_INTERMEDIATE/SCREENSHOTS/2bf92681-8086-451b-ad79-2cf2aaa286bf.png:Zone.Identifier | data/lseg/raw/90_INTERMEDIATE/SCREENSHOTS/5048f972-71a5-4bbb-9ebf-495783170275.png:Zone.Identifier | data/lseg/raw/90_INTERMEDIATE/SCREENSHOTS/57688dd7-cfad-46f7-9d61-7173a480ab24.png:Zone.Identifier | data/lseg/raw/90_INTERMEDIATE/SCREENSHOTS/6a48aa3a-47d9-431b-a8d4-4b421a82f395.png:Zone.Identifier | data/lseg/raw/90_INTERMEDIATE/SCREENSHOTS/6b0bf7a6-4724-4c1c-98c7-10c623883a8b.png:Zone.Identifier | data/lseg/raw/90_INTERMEDIATE/SCREENSHOTS/7cdf8489-62e1-4566-9c92-ddde781dfc41.png:Zone.Identifier | data/lseg/raw/90_INTERMEDIATE/SCREENSHOTS/839b9904-b506-4600-a582-19546fc0d0dc.png:Zone.Identifier | data/lseg/raw/90_INTERMEDIATE/SCREENSHOTS/87b02fce-0b58-4ead-b793-267dd464b8ec.png:Zone.Identifier | data/lseg/raw/90_INTERMEDIATE/SCREENSHOTS/917dfe63-9fd2-4e78-89c4-b98dcf9f033f.png:Zone.Identifier | data/lseg/raw/90_INTERMEDIATE/SCREENSHOTS/990167dc-a3d5-4b22-acec-131b4e0f87c9.png:Zone.Identifier | data/lseg/raw/90_INTERMEDIATE/SCREENSHOTS/af6db8b3-1471-4a8e-9879-1e782574016e.png:Zone.Identifier | data/lseg/raw/90_INTERMEDIATE/SCREENSHOTS/b94c25b1-cacf-496f-802b-f74a6ec3c376.png:Zone.Identifier | data/lseg/raw/90_INTERMEDIATE/SCREENSHOTS/bc276a5b-6ae8-473b-abe3-2d17e33bcdd3.png:Zone.Identifier | data/lseg/raw/90_INTERMEDIATE/SCREENSHOTS/chart_100049390.embedded.png:Zone.Identifier | data/lseg/raw/90_INTERMEDIATE/SCREENSHOTS/chart_100127248.embedded.png:Zone.Identifier | data/lseg/raw/90_INTERMEDIATE/SCREENSHOTS/crop_che.png:Zone.Identifier | data/lseg/raw/90_INTERMEDIATE/SCREENSHOTS/de1ee218-60dc-4b11-b243-1f352c398785.png:Zone.Identifier | data/lseg/raw/99_UNCLASSIFIED_RETAINED/LSEG_DISCOVERY_RAW_NOTES.txt:Zone.Identifier | data/lseg/raw/99_UNCLASSIFIED_RETAINED/table_100016453.xls:Zone.Identifier | data/lseg/raw/CH_DA_RAW.xlsx:Zone.Identifier | data/lseg/raw/DE_DA_RAW.xlsx:Zone.Identifier | data/lseg/raw/EDF_NUCLEAR_OUTAGE_REVISIONS_PIT.csv:Zone.Identifier | data/lseg/raw/EDF_NUCLEAR_PIT_DAILY_2021_2026.csv:Zone.Identifier | data/lseg/raw/FR_15M_RAW.xlsx:Zone.Identifier | data/lseg/raw/FR_DA_RAW_COMBINED.xlsx:Zone.Identifier | data/lseg/raw/Historique des indispo des moyens de production - depuis 2015 - 07092026-full.csv:Zone.Identifier | data/lseg/raw/IT_DA_RAW (1).xlsx:Zone.Identifier | data/lseg/raw/IT_DA_RAW.xlsx:Zone.Identifier | data/lseg/raw/IT_DEMAND_15M_ALL_ZONES_TEMPLATE.xlsx:Zone.Identifier | data/lseg/raw/IT_DEMAND_15M_NORTH.xlsx:Zone.Identifier | data/lseg/raw/IT_DEMAND_HOURLY.xlsx:Zone.Identifier | data/lseg/raw/publications-transparence-et-remit-liste-des-messages-edf-sa.csv:Zone.Identifier,Windows download-origin sidecar; excluded from data analysis.
data/lseg/raw/03_CURRENT_RECENT_LSEG/RESIDUAL_LOAD/FR_IT_RESIDUAL_LOAD_EXPORT_A.xls,FR_IT_RESIDUAL_LOAD_EXPORT_A.xls,xls,reference_image_or_report,residual load,residual load forecast,DE/FR/IT/CWE,Not applicable/non-tabular or not safely extractable,Not applicable or not declared,Not safely extractable,Not determined from file metadata,Not determined,Forecast/reference context,Not safely extractable,Not safely extractable,Not safely extractable,13312,Not applicable/non-tabular,CURRENT_ONLY,No corresponding model-ready family in Databricks inventory,,,Workspace export/reference; limited historical depth.
data/lseg/raw/03_CURRENT_RECENT_LSEG/RESIDUAL_LOAD/FR_IT_RESIDUAL_LOAD_EXPORT_A.xls:Zone.Identifier,FR_IT_RESIDUAL_LOAD_EXPORT_A.xls:Zone.Identifier,identifier,metadata_sidecar,ancillary file metadata,Zone.Identifier,UNKNOWN,Not applicable/non-tabular or not safely extractable,Not applicable or not declared,Not safely extractable,Not determined from file metadata,Not determined,Not determinable,Not safely extractable,Not safely extractable,Not safely extractable,25,Not applicable/non-tabular,UNKNOWN,None,,data/lseg/raw/00_START_HERE/ANONYMOUS_XLS_MAPPING.md:Zone.Identifier | data/lseg/raw/00_START_HERE/DATA_CATALOG.csv:Zone.Identifier | data/lseg/raw/00_START_HERE/EXTRACTION_STATUS_AND_GAPS.md:Zone.Identifier | data/lseg/raw/00_START_HERE/LICENSE_NOTES.md:Zone.Identifier | data/lseg/raw/00_START_HERE/MANIFEST_SHA256.csv:Zone.Identifier | data/lseg/raw/00_START_HERE/MISSING_CH_DE_RECOVERY.md:Zone.Identifier | data/lseg/raw/00_START_HERE/MISSING_CH_DE_RICS.csv:Zone.Identifier | data/lseg/raw/00_START_HERE/PROJECT_OBJECTIVE.txt:Zone.Identifier | data/lseg/raw/00_START_HERE/README_FIRST.md:Zone.Identifier | data/lseg/raw/00_START_HERE/RIC_FAMILIES.csv:Zone.Identifier | data/lseg/raw/01_CORE_HISTORICAL/FR_NUCLEAR_PIT/EDF_NUCLEAR_OUTAGE_REVISIONS_PIT.csv:Zone.Identifier | data/lseg/raw/01_CORE_HISTORICAL/FR_NUCLEAR_PIT/EDF_NUCLEAR_PIT_DAILY_2021_2026.csv:Zone.Identifier | data/lseg/raw/01_CORE_HISTORICAL/FR_NUCLEAR_PIT/EDF_NUCLEAR_PIT_SUMMARY.txt:Zone.Identifier | data/lseg/raw/01_CORE_HISTORICAL/LSEG_DEMAND/IT_DEMAND_15M_ALL_7_ZONES_2025_2026.xlsx:Zone.Identifier | data/lseg/raw/01_CORE_HISTORICAL/LSEG_DEMAND/IT_DEMAND_HOURLY_2021_2025.xlsx:Zone.Identifier | data/lseg/raw/01_CORE_HISTORICAL/LSEG_PRICES/FR_DAY_AHEAD_HOURLY_AND_15M.xlsx:Zone.Identifier | data/lseg/raw/01_CORE_HISTORICAL/LSEG_PRICES/IT_DAY_AHEAD_HOURLY_AND_15M.xlsx:Zone.Identifier | data/lseg/raw/02_SOURCE_RAW/FR_NUCLEAR/EDF_OUTAGE_HISTORY_RAW.csv:Zone.Identifier | data/lseg/raw/02_SOURCE_RAW/FR_NUCLEAR/EDF_TRANSPARENCY_REMIT_MESSAGES_RAW.csv:Zone.Identifier | data/lseg/raw/03_CURRENT_RECENT_LSEG/COST_CURVES/cost_curves_2026910_21432.xlsx:Zone.Identifier | data/lseg/raw/03_CURRENT_RECENT_LSEG/COST_CURVES/cost_curves_2026910_21543.xlsx:Zone.Identifier | data/lseg/raw/03_CURRENT_RECENT_LSEG/COST_CURVES/cost_curves_2026910_2164.xlsx:Zone.Identifier | data/lseg/raw/03_CURRENT_RECENT_LSEG/RESIDUAL_LOAD/CWE_RESIDUAL_LOAD_REPORT.pdf:Zone.Identifier | data/lseg/raw/03_CURRENT_RECENT_LSEG/RESIDUAL_LOAD/DE_RESIDUAL_LOAD_CURRENT_RECENT.xls:Zone.Identifier | data/lseg/raw/03_CURRENT_RECENT_LSEG/RESIDUAL_LOAD/DE_RESIDUAL_LOAD_REPORT.pdf:Zone.Identifier | data/lseg/raw/03_CURRENT_RECENT_LSEG/RESIDUAL_LOAD/FR_IT_RESIDUAL_LOAD_EXPORT_A.xls:Zone.Identifier | data/lseg/raw/03_CURRENT_RECENT_LSEG/RESIDUAL_LOAD/FR_IT_RESIDUAL_LOAD_EXPORT_B.xls:Zone.Identifier | data/lseg/raw/03_CURRENT_RECENT_LSEG/SUPPLY_WIND_SOLAR/GB_EMBEDDED_SOLAR_REPORT.pdf:Zone.Identifier | data/lseg/raw/03_CURRENT_RECENT_LSEG/SUPPLY_WIND_SOLAR/GB_EMBEDDED_WIND_REPORT.pdf:Zone.Identifier | data/lseg/raw/03_CURRENT_RECENT_LSEG/SUPPLY_WIND_SOLAR/SUPPLY_WIND_REPORT.pdf:Zone.Identifier | data/lseg/raw/03_CURRENT_RECENT_LSEG/WEATHER/CLOUD_COVER_CH.xls:Zone.Identifier | data/lseg/raw/03_CURRENT_RECENT_LSEG/WEATHER/CLOUD_COVER_REPORT.pdf:Zone.Identifier | data/lseg/raw/03_CURRENT_RECENT_LSEG/WEATHER/ECMWF_CLUSTER_REPORT.pdf:Zone.Identifier | data/lseg/raw/03_CURRENT_RECENT_LSEG/WEATHER/NAO_AO_REPORT.pdf:Zone.Identifier | data/lseg/raw/03_CURRENT_RECENT_LSEG/WEATHER/PRECIPITATION_ALP_AREA_REPORT.pdf:Zone.Identifier | data/lseg/raw/03_CURRENT_RECENT_LSEG/WEATHER/PRECIPITATION_CH_EFFECTIVE.xls:Zone.Identifier | data/lseg/raw/03_CURRENT_RECENT_LSEG/WEATHER/TEMPERATURE_DE_FR_AT_CH_TABLE.xls:Zone.Identifier | data/lseg/raw/03_CURRENT_RECENT_LSEG/WEATHER/TEMPERATURE_IT_CHART.xls:Zone.Identifier | data/lseg/raw/03_CURRENT_RECENT_LSEG/WEATHER/TEMPERATURE_REPORT.pdf:Zone.Identifier | data/lseg/raw/04_CROSS_BORDER_REFERENCE/01_PRICE_FLOW_GRAPH_CHE_VISIBLE.png:Zone.Identifier | data/lseg/raw/04_CROSS_BORDER_REFERENCE/02_DEU_SELECTED_CONNECTIONS.png:Zone.Identifier | data/lseg/raw/04_CROSS_BORDER_REFERENCE/03_NET_IMPORT_GRAPH.png:Zone.Identifier | data/lseg/raw/04_CROSS_BORDER_REFERENCE/04_NET_IMPORT_CHE_SELECTED_00.png:Zone.Identifier | data/lseg/raw/04_CROSS_BORDER_REFERENCE/05_NET_IMPORT_CHE_SELECTED_12.png:Zone.Identifier | data/lseg/raw/04_CROSS_BORDER_REFERENCE/06_CAPACITY_DIRECTION_1_CHE_SELECTED.png:Zone.Identifier | data/lseg/raw/04_CROSS_BORDER_REFERENCE/07_CAPACITY_DIRECTION_2_CHE_SELECTED_A.png:Zone.Identifier | data/lseg/raw/04_CROSS_BORDER_REFERENCE/08_CAPACITY_DIRECTION_2_CHE_SELECTED_B.png:Zone.Identifier | data/lseg/raw/04_CROSS_BORDER_REFERENCE/09_CAPACITY_DIRECTION_2_CHE_SELECTED_C.png:Zone.Identifier | data/lseg/raw/04_CROSS_BORDER_REFERENCE/10_SCHEDULED_EXCHANGE_NET_IMPORT_GRAPH.png:Zone.Identifier | data/lseg/raw/04_CROSS_BORDER_REFERENCE/11_SCHEDULED_EXCHANGE_CHE_SELECTED.png:Zone.Identifier | data/lseg/raw/04_CROSS_BORDER_REFERENCE/FLOWS_GRAPH_REPORT.pdf:Zone.Identifier | data/lseg/raw/05_LSEG_REFERENCE_PDFS/DEMAND_CONSUMPTION_OVERVIEW.pdf:Zone.Identifier | data/lseg/raw/90_INTERMEDIATE/LSEG_PRICE_DEMAND/FR_15M_RAW.xls.xlsx:Zone.Identifier | data/lseg/raw/90_INTERMEDIATE/LSEG_PRICE_DEMAND/FR_DA_RAW.xlsx:Zone.Identifier | data/lseg/raw/90_INTERMEDIATE/LSEG_PRICE_DEMAND/IT_DA_RAW(1).xlsx:Zone.Identifier | data/lseg/raw/90_INTERMEDIATE/LSEG_PRICE_DEMAND/IT_DA_RAW(2).xlsx:Zone.Identifier | data/lseg/raw/90_INTERMEDIATE/LSEG_PRICE_DEMAND/IT_DA_RAW(3).xlsx:Zone.Identifier | data/lseg/raw/90_INTERMEDIATE/LSEG_PRICE_DEMAND/IT_DA_RAW.xlsx:Zone.Identifier | data/lseg/raw/90_INTERMEDIATE/LSEG_PRICE_DEMAND/IT_DEMAND_15M_ALL_ZONES_TEMPLATE.xlsx:Zone.Identifier | data/lseg/raw/90_INTERMEDIATE/LSEG_PRICE_DEMAND/IT_DEMAND_15M_NORTH.xlsx:Zone.Identifier | data/lseg/raw/90_INTERMEDIATE/LSEG_PRICE_DEMAND/Mappe1(1).xlsx:Zone.Identifier | data/lseg/raw/90_INTERMEDIATE/LSEG_PRICE_DEMAND/Mappe1(2).xlsx:Zone.Identifier | data/lseg/raw/90_INTERMEDIATE/LSEG_PRICE_DEMAND/Mappe1(3).xlsx:Zone.Identifier | data/lseg/raw/90_INTERMEDIATE/LSEG_PRICE_DEMAND/Mappe1(4).xlsx:Zone.Identifier | data/lseg/raw/90_INTERMEDIATE/LSEG_PRICE_DEMAND/Mappe1(5).xlsx:Zone.Identifier | data/lseg/raw/90_INTERMEDIATE/SCREENSHOTS/0a528483-087b-4a33-a2f3-ecdd62770a3a.png:Zone.Identifier | data/lseg/raw/90_INTERMEDIATE/SCREENSHOTS/1609bf25-22b3-4c50-817b-fa945dba6bfe.png:Zone.Identifier | data/lseg/raw/90_INTERMEDIATE/SCREENSHOTS/1d02b907-f21b-48aa-bff6-9bb501bffd31.png:Zone.Identifier | data/lseg/raw/90_INTERMEDIATE/SCREENSHOTS/2bf92681-8086-451b-ad79-2cf2aaa286bf.png:Zone.Identifier | data/lseg/raw/90_INTERMEDIATE/SCREENSHOTS/5048f972-71a5-4bbb-9ebf-495783170275.png:Zone.Identifier | data/lseg/raw/90_INTERMEDIATE/SCREENSHOTS/57688dd7-cfad-46f7-9d61-7173a480ab24.png:Zone.Identifier | data/lseg/raw/90_INTERMEDIATE/SCREENSHOTS/6a48aa3a-47d9-431b-a8d4-4b421a82f395.png:Zone.Identifier | data/lseg/raw/90_INTERMEDIATE/SCREENSHOTS/6b0bf7a6-4724-4c1c-98c7-10c623883a8b.png:Zone.Identifier | data/lseg/raw/90_INTERMEDIATE/SCREENSHOTS/7cdf8489-62e1-4566-9c92-ddde781dfc41.png:Zone.Identifier | data/lseg/raw/90_INTERMEDIATE/SCREENSHOTS/839b9904-b506-4600-a582-19546fc0d0dc.png:Zone.Identifier | data/lseg/raw/90_INTERMEDIATE/SCREENSHOTS/87b02fce-0b58-4ead-b793-267dd464b8ec.png:Zone.Identifier | data/lseg/raw/90_INTERMEDIATE/SCREENSHOTS/917dfe63-9fd2-4e78-89c4-b98dcf9f033f.png:Zone.Identifier | data/lseg/raw/90_INTERMEDIATE/SCREENSHOTS/990167dc-a3d5-4b22-acec-131b4e0f87c9.png:Zone.Identifier | data/lseg/raw/90_INTERMEDIATE/SCREENSHOTS/af6db8b3-1471-4a8e-9879-1e782574016e.png:Zone.Identifier | data/lseg/raw/90_INTERMEDIATE/SCREENSHOTS/b94c25b1-cacf-496f-802b-f74a6ec3c376.png:Zone.Identifier | data/lseg/raw/90_INTERMEDIATE/SCREENSHOTS/bc276a5b-6ae8-473b-abe3-2d17e33bcdd3.png:Zone.Identifier | data/lseg/raw/90_INTERMEDIATE/SCREENSHOTS/chart_100049390.embedded.png:Zone.Identifier | data/lseg/raw/90_INTERMEDIATE/SCREENSHOTS/chart_100127248.embedded.png:Zone.Identifier | data/lseg/raw/90_INTERMEDIATE/SCREENSHOTS/crop_che.png:Zone.Identifier | data/lseg/raw/90_INTERMEDIATE/SCREENSHOTS/de1ee218-60dc-4b11-b243-1f352c398785.png:Zone.Identifier | data/lseg/raw/99_UNCLASSIFIED_RETAINED/LSEG_DISCOVERY_RAW_NOTES.txt:Zone.Identifier | data/lseg/raw/99_UNCLASSIFIED_RETAINED/table_100016453.xls:Zone.Identifier | data/lseg/raw/CH_DA_RAW.xlsx:Zone.Identifier | data/lseg/raw/DE_DA_RAW.xlsx:Zone.Identifier | data/lseg/raw/EDF_NUCLEAR_OUTAGE_REVISIONS_PIT.csv:Zone.Identifier | data/lseg/raw/EDF_NUCLEAR_PIT_DAILY_2021_2026.csv:Zone.Identifier | data/lseg/raw/FR_15M_RAW.xlsx:Zone.Identifier | data/lseg/raw/FR_DA_RAW_COMBINED.xlsx:Zone.Identifier | data/lseg/raw/Historique des indispo des moyens de production - depuis 2015 - 07092026-full.csv:Zone.Identifier | data/lseg/raw/IT_DA_RAW (1).xlsx:Zone.Identifier | data/lseg/raw/IT_DA_RAW.xlsx:Zone.Identifier | data/lseg/raw/IT_DEMAND_15M_ALL_ZONES_TEMPLATE.xlsx:Zone.Identifier | data/lseg/raw/IT_DEMAND_15M_NORTH.xlsx:Zone.Identifier | data/lseg/raw/IT_DEMAND_HOURLY.xlsx:Zone.Identifier | data/lseg/raw/publications-transparence-et-remit-liste-des-messages-edf-sa.csv:Zone.Identifier,Windows download-origin sidecar; excluded from data analysis.
data/lseg/raw/03_CURRENT_RECENT_LSEG/RESIDUAL_LOAD/FR_IT_RESIDUAL_LOAD_EXPORT_B.xls,FR_IT_RESIDUAL_LOAD_EXPORT_B.xls,xls,reference_image_or_report,residual load,residual load forecast,DE/FR/IT/CWE,Not applicable/non-tabular or not safely extractable,Not applicable or not declared,Not safely extractable,Not determined from file metadata,Not determined,Forecast/reference context,Not safely extractable,Not safely extractable,Not safely extractable,11776,Not applicable/non-tabular,CURRENT_ONLY,No corresponding model-ready family in Databricks inventory,,,Workspace export/reference; limited historical depth.
data/lseg/raw/03_CURRENT_RECENT_LSEG/RESIDUAL_LOAD/FR_IT_RESIDUAL_LOAD_EXPORT_B.xls:Zone.Identifier,FR_IT_RESIDUAL_LOAD_EXPORT_B.xls:Zone.Identifier,identifier,metadata_sidecar,ancillary file metadata,Zone.Identifier,UNKNOWN,Not applicable/non-tabular or not safely extractable,Not applicable or not declared,Not safely extractable,Not determined from file metadata,Not determined,Not determinable,Not safely extractable,Not safely extractable,Not safely extractable,25,Not applicable/non-tabular,UNKNOWN,None,,data/lseg/raw/00_START_HERE/ANONYMOUS_XLS_MAPPING.md:Zone.Identifier | data/lseg/raw/00_START_HERE/DATA_CATALOG.csv:Zone.Identifier | data/lseg/raw/00_START_HERE/EXTRACTION_STATUS_AND_GAPS.md:Zone.Identifier | data/lseg/raw/00_START_HERE/LICENSE_NOTES.md:Zone.Identifier | data/lseg/raw/00_START_HERE/MANIFEST_SHA256.csv:Zone.Identifier | data/lseg/raw/00_START_HERE/MISSING_CH_DE_RECOVERY.md:Zone.Identifier | data/lseg/raw/00_START_HERE/MISSING_CH_DE_RICS.csv:Zone.Identifier | data/lseg/raw/00_START_HERE/PROJECT_OBJECTIVE.txt:Zone.Identifier | data/lseg/raw/00_START_HERE/README_FIRST.md:Zone.Identifier | data/lseg/raw/00_START_HERE/RIC_FAMILIES.csv:Zone.Identifier | data/lseg/raw/01_CORE_HISTORICAL/FR_NUCLEAR_PIT/EDF_NUCLEAR_OUTAGE_REVISIONS_PIT.csv:Zone.Identifier | data/lseg/raw/01_CORE_HISTORICAL/FR_NUCLEAR_PIT/EDF_NUCLEAR_PIT_DAILY_2021_2026.csv:Zone.Identifier | data/lseg/raw/01_CORE_HISTORICAL/FR_NUCLEAR_PIT/EDF_NUCLEAR_PIT_SUMMARY.txt:Zone.Identifier | data/lseg/raw/01_CORE_HISTORICAL/LSEG_DEMAND/IT_DEMAND_15M_ALL_7_ZONES_2025_2026.xlsx:Zone.Identifier | data/lseg/raw/01_CORE_HISTORICAL/LSEG_DEMAND/IT_DEMAND_HOURLY_2021_2025.xlsx:Zone.Identifier | data/lseg/raw/01_CORE_HISTORICAL/LSEG_PRICES/FR_DAY_AHEAD_HOURLY_AND_15M.xlsx:Zone.Identifier | data/lseg/raw/01_CORE_HISTORICAL/LSEG_PRICES/IT_DAY_AHEAD_HOURLY_AND_15M.xlsx:Zone.Identifier | data/lseg/raw/02_SOURCE_RAW/FR_NUCLEAR/EDF_OUTAGE_HISTORY_RAW.csv:Zone.Identifier | data/lseg/raw/02_SOURCE_RAW/FR_NUCLEAR/EDF_TRANSPARENCY_REMIT_MESSAGES_RAW.csv:Zone.Identifier | data/lseg/raw/03_CURRENT_RECENT_LSEG/COST_CURVES/cost_curves_2026910_21432.xlsx:Zone.Identifier | data/lseg/raw/03_CURRENT_RECENT_LSEG/COST_CURVES/cost_curves_2026910_21543.xlsx:Zone.Identifier | data/lseg/raw/03_CURRENT_RECENT_LSEG/COST_CURVES/cost_curves_2026910_2164.xlsx:Zone.Identifier | data/lseg/raw/03_CURRENT_RECENT_LSEG/RESIDUAL_LOAD/CWE_RESIDUAL_LOAD_REPORT.pdf:Zone.Identifier | data/lseg/raw/03_CURRENT_RECENT_LSEG/RESIDUAL_LOAD/DE_RESIDUAL_LOAD_CURRENT_RECENT.xls:Zone.Identifier | data/lseg/raw/03_CURRENT_RECENT_LSEG/RESIDUAL_LOAD/DE_RESIDUAL_LOAD_REPORT.pdf:Zone.Identifier | data/lseg/raw/03_CURRENT_RECENT_LSEG/RESIDUAL_LOAD/FR_IT_RESIDUAL_LOAD_EXPORT_A.xls:Zone.Identifier | data/lseg/raw/03_CURRENT_RECENT_LSEG/RESIDUAL_LOAD/FR_IT_RESIDUAL_LOAD_EXPORT_B.xls:Zone.Identifier | data/lseg/raw/03_CURRENT_RECENT_LSEG/SUPPLY_WIND_SOLAR/GB_EMBEDDED_SOLAR_REPORT.pdf:Zone.Identifier | data/lseg/raw/03_CURRENT_RECENT_LSEG/SUPPLY_WIND_SOLAR/GB_EMBEDDED_WIND_REPORT.pdf:Zone.Identifier | data/lseg/raw/03_CURRENT_RECENT_LSEG/SUPPLY_WIND_SOLAR/SUPPLY_WIND_REPORT.pdf:Zone.Identifier | data/lseg/raw/03_CURRENT_RECENT_LSEG/WEATHER/CLOUD_COVER_CH.xls:Zone.Identifier | data/lseg/raw/03_CURRENT_RECENT_LSEG/WEATHER/CLOUD_COVER_REPORT.pdf:Zone.Identifier | data/lseg/raw/03_CURRENT_RECENT_LSEG/WEATHER/ECMWF_CLUSTER_REPORT.pdf:Zone.Identifier | data/lseg/raw/03_CURRENT_RECENT_LSEG/WEATHER/NAO_AO_REPORT.pdf:Zone.Identifier | data/lseg/raw/03_CURRENT_RECENT_LSEG/WEATHER/PRECIPITATION_ALP_AREA_REPORT.pdf:Zone.Identifier | data/lseg/raw/03_CURRENT_RECENT_LSEG/WEATHER/PRECIPITATION_CH_EFFECTIVE.xls:Zone.Identifier | data/lseg/raw/03_CURRENT_RECENT_LSEG/WEATHER/TEMPERATURE_DE_FR_AT_CH_TABLE.xls:Zone.Identifier | data/lseg/raw/03_CURRENT_RECENT_LSEG/WEATHER/TEMPERATURE_IT_CHART.xls:Zone.Identifier | data/lseg/raw/03_CURRENT_RECENT_LSEG/WEATHER/TEMPERATURE_REPORT.pdf:Zone.Identifier | data/lseg/raw/04_CROSS_BORDER_REFERENCE/01_PRICE_FLOW_GRAPH_CHE_VISIBLE.png:Zone.Identifier | data/lseg/raw/04_CROSS_BORDER_REFERENCE/02_DEU_SELECTED_CONNECTIONS.png:Zone.Identifier | data/lseg/raw/04_CROSS_BORDER_REFERENCE/03_NET_IMPORT_GRAPH.png:Zone.Identifier | data/lseg/raw/04_CROSS_BORDER_REFERENCE/04_NET_IMPORT_CHE_SELECTED_00.png:Zone.Identifier | data/lseg/raw/04_CROSS_BORDER_REFERENCE/05_NET_IMPORT_CHE_SELECTED_12.png:Zone.Identifier | data/lseg/raw/04_CROSS_BORDER_REFERENCE/06_CAPACITY_DIRECTION_1_CHE_SELECTED.png:Zone.Identifier | data/lseg/raw/04_CROSS_BORDER_REFERENCE/07_CAPACITY_DIRECTION_2_CHE_SELECTED_A.png:Zone.Identifier | data/lseg/raw/04_CROSS_BORDER_REFERENCE/08_CAPACITY_DIRECTION_2_CHE_SELECTED_B.png:Zone.Identifier | data/lseg/raw/04_CROSS_BORDER_REFERENCE/09_CAPACITY_DIRECTION_2_CHE_SELECTED_C.png:Zone.Identifier | data/lseg/raw/04_CROSS_BORDER_REFERENCE/10_SCHEDULED_EXCHANGE_NET_IMPORT_GRAPH.png:Zone.Identifier | data/lseg/raw/04_CROSS_BORDER_REFERENCE/11_SCHEDULED_EXCHANGE_CHE_SELECTED.png:Zone.Identifier | data/lseg/raw/04_CROSS_BORDER_REFERENCE/FLOWS_GRAPH_REPORT.pdf:Zone.Identifier | data/lseg/raw/05_LSEG_REFERENCE_PDFS/DEMAND_CONSUMPTION_OVERVIEW.pdf:Zone.Identifier | data/lseg/raw/90_INTERMEDIATE/LSEG_PRICE_DEMAND/FR_15M_RAW.xls.xlsx:Zone.Identifier | data/lseg/raw/90_INTERMEDIATE/LSEG_PRICE_DEMAND/FR_DA_RAW.xlsx:Zone.Identifier | data/lseg/raw/90_INTERMEDIATE/LSEG_PRICE_DEMAND/IT_DA_RAW(1).xlsx:Zone.Identifier | data/lseg/raw/90_INTERMEDIATE/LSEG_PRICE_DEMAND/IT_DA_RAW(2).xlsx:Zone.Identifier | data/lseg/raw/90_INTERMEDIATE/LSEG_PRICE_DEMAND/IT_DA_RAW(3).xlsx:Zone.Identifier | data/lseg/raw/90_INTERMEDIATE/LSEG_PRICE_DEMAND/IT_DA_RAW.xlsx:Zone.Identifier | data/lseg/raw/90_INTERMEDIATE/LSEG_PRICE_DEMAND/IT_DEMAND_15M_ALL_ZONES_TEMPLATE.xlsx:Zone.Identifier | data/lseg/raw/90_INTERMEDIATE/LSEG_PRICE_DEMAND/IT_DEMAND_15M_NORTH.xlsx:Zone.Identifier | data/lseg/raw/90_INTERMEDIATE/LSEG_PRICE_DEMAND/Mappe1(1).xlsx:Zone.Identifier | data/lseg/raw/90_INTERMEDIATE/LSEG_PRICE_DEMAND/Mappe1(2).xlsx:Zone.Identifier | data/lseg/raw/90_INTERMEDIATE/LSEG_PRICE_DEMAND/Mappe1(3).xlsx:Zone.Identifier | data/lseg/raw/90_INTERMEDIATE/LSEG_PRICE_DEMAND/Mappe1(4).xlsx:Zone.Identifier | data/lseg/raw/90_INTERMEDIATE/LSEG_PRICE_DEMAND/Mappe1(5).xlsx:Zone.Identifier | data/lseg/raw/90_INTERMEDIATE/SCREENSHOTS/0a528483-087b-4a33-a2f3-ecdd62770a3a.png:Zone.Identifier | data/lseg/raw/90_INTERMEDIATE/SCREENSHOTS/1609bf25-22b3-4c50-817b-fa945dba6bfe.png:Zone.Identifier | data/lseg/raw/90_INTERMEDIATE/SCREENSHOTS/1d02b907-f21b-48aa-bff6-9bb501bffd31.png:Zone.Identifier | data/lseg/raw/90_INTERMEDIATE/SCREENSHOTS/2bf92681-8086-451b-ad79-2cf2aaa286bf.png:Zone.Identifier | data/lseg/raw/90_INTERMEDIATE/SCREENSHOTS/5048f972-71a5-4bbb-9ebf-495783170275.png:Zone.Identifier | data/lseg/raw/90_INTERMEDIATE/SCREENSHOTS/57688dd7-cfad-46f7-9d61-7173a480ab24.png:Zone.Identifier | data/lseg/raw/90_INTERMEDIATE/SCREENSHOTS/6a48aa3a-47d9-431b-a8d4-4b421a82f395.png:Zone.Identifier | data/lseg/raw/90_INTERMEDIATE/SCREENSHOTS/6b0bf7a6-4724-4c1c-98c7-10c623883a8b.png:Zone.Identifier | data/lseg/raw/90_INTERMEDIATE/SCREENSHOTS/7cdf8489-62e1-4566-9c92-ddde781dfc41.png:Zone.Identifier | data/lseg/raw/90_INTERMEDIATE/SCREENSHOTS/839b9904-b506-4600-a582-19546fc0d0dc.png:Zone.Identifier | data/lseg/raw/90_INTERMEDIATE/SCREENSHOTS/87b02fce-0b58-4ead-b793-267dd464b8ec.png:Zone.Identifier | data/lseg/raw/90_INTERMEDIATE/SCREENSHOTS/917dfe63-9fd2-4e78-89c4-b98dcf9f033f.png:Zone.Identifier | data/lseg/raw/90_INTERMEDIATE/SCREENSHOTS/990167dc-a3d5-4b22-acec-131b4e0f87c9.png:Zone.Identifier | data/lseg/raw/90_INTERMEDIATE/SCREENSHOTS/af6db8b3-1471-4a8e-9879-1e782574016e.png:Zone.Identifier | data/lseg/raw/90_INTERMEDIATE/SCREENSHOTS/b94c25b1-cacf-496f-802b-f74a6ec3c376.png:Zone.Identifier | data/lseg/raw/90_INTERMEDIATE/SCREENSHOTS/bc276a5b-6ae8-473b-abe3-2d17e33bcdd3.png:Zone.Identifier | data/lseg/raw/90_INTERMEDIATE/SCREENSHOTS/chart_100049390.embedded.png:Zone.Identifier | data/lseg/raw/90_INTERMEDIATE/SCREENSHOTS/chart_100127248.embedded.png:Zone.Identifier | data/lseg/raw/90_INTERMEDIATE/SCREENSHOTS/crop_che.png:Zone.Identifier | data/lseg/raw/90_INTERMEDIATE/SCREENSHOTS/de1ee218-60dc-4b11-b243-1f352c398785.png:Zone.Identifier | data/lseg/raw/99_UNCLASSIFIED_RETAINED/LSEG_DISCOVERY_RAW_NOTES.txt:Zone.Identifier | data/lseg/raw/99_UNCLASSIFIED_RETAINED/table_100016453.xls:Zone.Identifier | data/lseg/raw/CH_DA_RAW.xlsx:Zone.Identifier | data/lseg/raw/DE_DA_RAW.xlsx:Zone.Identifier | data/lseg/raw/EDF_NUCLEAR_OUTAGE_REVISIONS_PIT.csv:Zone.Identifier | data/lseg/raw/EDF_NUCLEAR_PIT_DAILY_2021_2026.csv:Zone.Identifier | data/lseg/raw/FR_15M_RAW.xlsx:Zone.Identifier | data/lseg/raw/FR_DA_RAW_COMBINED.xlsx:Zone.Identifier | data/lseg/raw/Historique des indispo des moyens de production - depuis 2015 - 07092026-full.csv:Zone.Identifier | data/lseg/raw/IT_DA_RAW (1).xlsx:Zone.Identifier | data/lseg/raw/IT_DA_RAW.xlsx:Zone.Identifier | data/lseg/raw/IT_DEMAND_15M_ALL_ZONES_TEMPLATE.xlsx:Zone.Identifier | data/lseg/raw/IT_DEMAND_15M_NORTH.xlsx:Zone.Identifier | data/lseg/raw/IT_DEMAND_HOURLY.xlsx:Zone.Identifier | data/lseg/raw/publications-transparence-et-remit-liste-des-messages-edf-sa.csv:Zone.Identifier,Windows download-origin sidecar; excluded from data analysis.
data/lseg/raw/03_CURRENT_RECENT_LSEG/SUPPLY_WIND_SOLAR/GB_EMBEDDED_SOLAR_REPORT.pdf,GB_EMBEDDED_SOLAR_REPORT.pdf,pdf,reference_image_or_report,wind/solar supply reference,wind/solar supply reference,Europe/unknown,Not applicable/non-tabular or not safely extractable,Not applicable or not declared,Not safely extractable,Not determined from file metadata,Not determined,Forecast/reference context,Not safely extractable,Not safely extractable,Not safely extractable,284737,Not applicable/non-tabular,CURRENT_ONLY,Databricks generation wind/solar tables; LSEG is current/reference only,,,Non-tabular artifact; no reliable row-level schema inferred.
data/lseg/raw/03_CURRENT_RECENT_LSEG/SUPPLY_WIND_SOLAR/GB_EMBEDDED_SOLAR_REPORT.pdf:Zone.Identifier,GB_EMBEDDED_SOLAR_REPORT.pdf:Zone.Identifier,identifier,metadata_sidecar,ancillary file metadata,Zone.Identifier,UNKNOWN,Not applicable/non-tabular or not safely extractable,Not applicable or not declared,Not safely extractable,Not determined from file metadata,Not determined,Not determinable,Not safely extractable,Not safely extractable,Not safely extractable,25,Not applicable/non-tabular,UNKNOWN,None,,data/lseg/raw/00_START_HERE/ANONYMOUS_XLS_MAPPING.md:Zone.Identifier | data/lseg/raw/00_START_HERE/DATA_CATALOG.csv:Zone.Identifier | data/lseg/raw/00_START_HERE/EXTRACTION_STATUS_AND_GAPS.md:Zone.Identifier | data/lseg/raw/00_START_HERE/LICENSE_NOTES.md:Zone.Identifier | data/lseg/raw/00_START_HERE/MANIFEST_SHA256.csv:Zone.Identifier | data/lseg/raw/00_START_HERE/MISSING_CH_DE_RECOVERY.md:Zone.Identifier | data/lseg/raw/00_START_HERE/MISSING_CH_DE_RICS.csv:Zone.Identifier | data/lseg/raw/00_START_HERE/PROJECT_OBJECTIVE.txt:Zone.Identifier | data/lseg/raw/00_START_HERE/README_FIRST.md:Zone.Identifier | data/lseg/raw/00_START_HERE/RIC_FAMILIES.csv:Zone.Identifier | data/lseg/raw/01_CORE_HISTORICAL/FR_NUCLEAR_PIT/EDF_NUCLEAR_OUTAGE_REVISIONS_PIT.csv:Zone.Identifier | data/lseg/raw/01_CORE_HISTORICAL/FR_NUCLEAR_PIT/EDF_NUCLEAR_PIT_DAILY_2021_2026.csv:Zone.Identifier | data/lseg/raw/01_CORE_HISTORICAL/FR_NUCLEAR_PIT/EDF_NUCLEAR_PIT_SUMMARY.txt:Zone.Identifier | data/lseg/raw/01_CORE_HISTORICAL/LSEG_DEMAND/IT_DEMAND_15M_ALL_7_ZONES_2025_2026.xlsx:Zone.Identifier | data/lseg/raw/01_CORE_HISTORICAL/LSEG_DEMAND/IT_DEMAND_HOURLY_2021_2025.xlsx:Zone.Identifier | data/lseg/raw/01_CORE_HISTORICAL/LSEG_PRICES/FR_DAY_AHEAD_HOURLY_AND_15M.xlsx:Zone.Identifier | data/lseg/raw/01_CORE_HISTORICAL/LSEG_PRICES/IT_DAY_AHEAD_HOURLY_AND_15M.xlsx:Zone.Identifier | data/lseg/raw/02_SOURCE_RAW/FR_NUCLEAR/EDF_OUTAGE_HISTORY_RAW.csv:Zone.Identifier | data/lseg/raw/02_SOURCE_RAW/FR_NUCLEAR/EDF_TRANSPARENCY_REMIT_MESSAGES_RAW.csv:Zone.Identifier | data/lseg/raw/03_CURRENT_RECENT_LSEG/COST_CURVES/cost_curves_2026910_21432.xlsx:Zone.Identifier | data/lseg/raw/03_CURRENT_RECENT_LSEG/COST_CURVES/cost_curves_2026910_21543.xlsx:Zone.Identifier | data/lseg/raw/03_CURRENT_RECENT_LSEG/COST_CURVES/cost_curves_2026910_2164.xlsx:Zone.Identifier | data/lseg/raw/03_CURRENT_RECENT_LSEG/RESIDUAL_LOAD/CWE_RESIDUAL_LOAD_REPORT.pdf:Zone.Identifier | data/lseg/raw/03_CURRENT_RECENT_LSEG/RESIDUAL_LOAD/DE_RESIDUAL_LOAD_CURRENT_RECENT.xls:Zone.Identifier | data/lseg/raw/03_CURRENT_RECENT_LSEG/RESIDUAL_LOAD/DE_RESIDUAL_LOAD_REPORT.pdf:Zone.Identifier | data/lseg/raw/03_CURRENT_RECENT_LSEG/RESIDUAL_LOAD/FR_IT_RESIDUAL_LOAD_EXPORT_A.xls:Zone.Identifier | data/lseg/raw/03_CURRENT_RECENT_LSEG/RESIDUAL_LOAD/FR_IT_RESIDUAL_LOAD_EXPORT_B.xls:Zone.Identifier | data/lseg/raw/03_CURRENT_RECENT_LSEG/SUPPLY_WIND_SOLAR/GB_EMBEDDED_SOLAR_REPORT.pdf:Zone.Identifier | data/lseg/raw/03_CURRENT_RECENT_LSEG/SUPPLY_WIND_SOLAR/GB_EMBEDDED_WIND_REPORT.pdf:Zone.Identifier | data/lseg/raw/03_CURRENT_RECENT_LSEG/SUPPLY_WIND_SOLAR/SUPPLY_WIND_REPORT.pdf:Zone.Identifier | data/lseg/raw/03_CURRENT_RECENT_LSEG/WEATHER/CLOUD_COVER_CH.xls:Zone.Identifier | data/lseg/raw/03_CURRENT_RECENT_LSEG/WEATHER/CLOUD_COVER_REPORT.pdf:Zone.Identifier | data/lseg/raw/03_CURRENT_RECENT_LSEG/WEATHER/ECMWF_CLUSTER_REPORT.pdf:Zone.Identifier | data/lseg/raw/03_CURRENT_RECENT_LSEG/WEATHER/NAO_AO_REPORT.pdf:Zone.Identifier | data/lseg/raw/03_CURRENT_RECENT_LSEG/WEATHER/PRECIPITATION_ALP_AREA_REPORT.pdf:Zone.Identifier | data/lseg/raw/03_CURRENT_RECENT_LSEG/WEATHER/PRECIPITATION_CH_EFFECTIVE.xls:Zone.Identifier | data/lseg/raw/03_CURRENT_RECENT_LSEG/WEATHER/TEMPERATURE_DE_FR_AT_CH_TABLE.xls:Zone.Identifier | data/lseg/raw/03_CURRENT_RECENT_LSEG/WEATHER/TEMPERATURE_IT_CHART.xls:Zone.Identifier | data/lseg/raw/03_CURRENT_RECENT_LSEG/WEATHER/TEMPERATURE_REPORT.pdf:Zone.Identifier | data/lseg/raw/04_CROSS_BORDER_REFERENCE/01_PRICE_FLOW_GRAPH_CHE_VISIBLE.png:Zone.Identifier | data/lseg/raw/04_CROSS_BORDER_REFERENCE/02_DEU_SELECTED_CONNECTIONS.png:Zone.Identifier | data/lseg/raw/04_CROSS_BORDER_REFERENCE/03_NET_IMPORT_GRAPH.png:Zone.Identifier | data/lseg/raw/04_CROSS_BORDER_REFERENCE/04_NET_IMPORT_CHE_SELECTED_00.png:Zone.Identifier | data/lseg/raw/04_CROSS_BORDER_REFERENCE/05_NET_IMPORT_CHE_SELECTED_12.png:Zone.Identifier | data/lseg/raw/04_CROSS_BORDER_REFERENCE/06_CAPACITY_DIRECTION_1_CHE_SELECTED.png:Zone.Identifier | data/lseg/raw/04_CROSS_BORDER_REFERENCE/07_CAPACITY_DIRECTION_2_CHE_SELECTED_A.png:Zone.Identifier | data/lseg/raw/04_CROSS_BORDER_REFERENCE/08_CAPACITY_DIRECTION_2_CHE_SELECTED_B.png:Zone.Identifier | data/lseg/raw/04_CROSS_BORDER_REFERENCE/09_CAPACITY_DIRECTION_2_CHE_SELECTED_C.png:Zone.Identifier | data/lseg/raw/04_CROSS_BORDER_REFERENCE/10_SCHEDULED_EXCHANGE_NET_IMPORT_GRAPH.png:Zone.Identifier | data/lseg/raw/04_CROSS_BORDER_REFERENCE/11_SCHEDULED_EXCHANGE_CHE_SELECTED.png:Zone.Identifier | data/lseg/raw/04_CROSS_BORDER_REFERENCE/FLOWS_GRAPH_REPORT.pdf:Zone.Identifier | data/lseg/raw/05_LSEG_REFERENCE_PDFS/DEMAND_CONSUMPTION_OVERVIEW.pdf:Zone.Identifier | data/lseg/raw/90_INTERMEDIATE/LSEG_PRICE_DEMAND/FR_15M_RAW.xls.xlsx:Zone.Identifier | data/lseg/raw/90_INTERMEDIATE/LSEG_PRICE_DEMAND/FR_DA_RAW.xlsx:Zone.Identifier | data/lseg/raw/90_INTERMEDIATE/LSEG_PRICE_DEMAND/IT_DA_RAW(1).xlsx:Zone.Identifier | data/lseg/raw/90_INTERMEDIATE/LSEG_PRICE_DEMAND/IT_DA_RAW(2).xlsx:Zone.Identifier | data/lseg/raw/90_INTERMEDIATE/LSEG_PRICE_DEMAND/IT_DA_RAW(3).xlsx:Zone.Identifier | data/lseg/raw/90_INTERMEDIATE/LSEG_PRICE_DEMAND/IT_DA_RAW.xlsx:Zone.Identifier | data/lseg/raw/90_INTERMEDIATE/LSEG_PRICE_DEMAND/IT_DEMAND_15M_ALL_ZONES_TEMPLATE.xlsx:Zone.Identifier | data/lseg/raw/90_INTERMEDIATE/LSEG_PRICE_DEMAND/IT_DEMAND_15M_NORTH.xlsx:Zone.Identifier | data/lseg/raw/90_INTERMEDIATE/LSEG_PRICE_DEMAND/Mappe1(1).xlsx:Zone.Identifier | data/lseg/raw/90_INTERMEDIATE/LSEG_PRICE_DEMAND/Mappe1(2).xlsx:Zone.Identifier | data/lseg/raw/90_INTERMEDIATE/LSEG_PRICE_DEMAND/Mappe1(3).xlsx:Zone.Identifier | data/lseg/raw/90_INTERMEDIATE/LSEG_PRICE_DEMAND/Mappe1(4).xlsx:Zone.Identifier | data/lseg/raw/90_INTERMEDIATE/LSEG_PRICE_DEMAND/Mappe1(5).xlsx:Zone.Identifier | data/lseg/raw/90_INTERMEDIATE/SCREENSHOTS/0a528483-087b-4a33-a2f3-ecdd62770a3a.png:Zone.Identifier | data/lseg/raw/90_INTERMEDIATE/SCREENSHOTS/1609bf25-22b3-4c50-817b-fa945dba6bfe.png:Zone.Identifier | data/lseg/raw/90_INTERMEDIATE/SCREENSHOTS/1d02b907-f21b-48aa-bff6-9bb501bffd31.png:Zone.Identifier | data/lseg/raw/90_INTERMEDIATE/SCREENSHOTS/2bf92681-8086-451b-ad79-2cf2aaa286bf.png:Zone.Identifier | data/lseg/raw/90_INTERMEDIATE/SCREENSHOTS/5048f972-71a5-4bbb-9ebf-495783170275.png:Zone.Identifier | data/lseg/raw/90_INTERMEDIATE/SCREENSHOTS/57688dd7-cfad-46f7-9d61-7173a480ab24.png:Zone.Identifier | data/lseg/raw/90_INTERMEDIATE/SCREENSHOTS/6a48aa3a-47d9-431b-a8d4-4b421a82f395.png:Zone.Identifier | data/lseg/raw/90_INTERMEDIATE/SCREENSHOTS/6b0bf7a6-4724-4c1c-98c7-10c623883a8b.png:Zone.Identifier | data/lseg/raw/90_INTERMEDIATE/SCREENSHOTS/7cdf8489-62e1-4566-9c92-ddde781dfc41.png:Zone.Identifier | data/lseg/raw/90_INTERMEDIATE/SCREENSHOTS/839b9904-b506-4600-a582-19546fc0d0dc.png:Zone.Identifier | data/lseg/raw/90_INTERMEDIATE/SCREENSHOTS/87b02fce-0b58-4ead-b793-267dd464b8ec.png:Zone.Identifier | data/lseg/raw/90_INTERMEDIATE/SCREENSHOTS/917dfe63-9fd2-4e78-89c4-b98dcf9f033f.png:Zone.Identifier | data/lseg/raw/90_INTERMEDIATE/SCREENSHOTS/990167dc-a3d5-4b22-acec-131b4e0f87c9.png:Zone.Identifier | data/lseg/raw/90_INTERMEDIATE/SCREENSHOTS/af6db8b3-1471-4a8e-9879-1e782574016e.png:Zone.Identifier | data/lseg/raw/90_INTERMEDIATE/SCREENSHOTS/b94c25b1-cacf-496f-802b-f74a6ec3c376.png:Zone.Identifier | data/lseg/raw/90_INTERMEDIATE/SCREENSHOTS/bc276a5b-6ae8-473b-abe3-2d17e33bcdd3.png:Zone.Identifier | data/lseg/raw/90_INTERMEDIATE/SCREENSHOTS/chart_100049390.embedded.png:Zone.Identifier | data/lseg/raw/90_INTERMEDIATE/SCREENSHOTS/chart_100127248.embedded.png:Zone.Identifier | data/lseg/raw/90_INTERMEDIATE/SCREENSHOTS/crop_che.png:Zone.Identifier | data/lseg/raw/90_INTERMEDIATE/SCREENSHOTS/de1ee218-60dc-4b11-b243-1f352c398785.png:Zone.Identifier | data/lseg/raw/99_UNCLASSIFIED_RETAINED/LSEG_DISCOVERY_RAW_NOTES.txt:Zone.Identifier | data/lseg/raw/99_UNCLASSIFIED_RETAINED/table_100016453.xls:Zone.Identifier | data/lseg/raw/CH_DA_RAW.xlsx:Zone.Identifier | data/lseg/raw/DE_DA_RAW.xlsx:Zone.Identifier | data/lseg/raw/EDF_NUCLEAR_OUTAGE_REVISIONS_PIT.csv:Zone.Identifier | data/lseg/raw/EDF_NUCLEAR_PIT_DAILY_2021_2026.csv:Zone.Identifier | data/lseg/raw/FR_15M_RAW.xlsx:Zone.Identifier | data/lseg/raw/FR_DA_RAW_COMBINED.xlsx:Zone.Identifier | data/lseg/raw/Historique des indispo des moyens de production - depuis 2015 - 07092026-full.csv:Zone.Identifier | data/lseg/raw/IT_DA_RAW (1).xlsx:Zone.Identifier | data/lseg/raw/IT_DA_RAW.xlsx:Zone.Identifier | data/lseg/raw/IT_DEMAND_15M_ALL_ZONES_TEMPLATE.xlsx:Zone.Identifier | data/lseg/raw/IT_DEMAND_15M_NORTH.xlsx:Zone.Identifier | data/lseg/raw/IT_DEMAND_HOURLY.xlsx:Zone.Identifier | data/lseg/raw/publications-transparence-et-remit-liste-des-messages-edf-sa.csv:Zone.Identifier,Windows download-origin sidecar; excluded from data analysis.
data/lseg/raw/03_CURRENT_RECENT_LSEG/SUPPLY_WIND_SOLAR/GB_EMBEDDED_WIND_REPORT.pdf,GB_EMBEDDED_WIND_REPORT.pdf,pdf,reference_image_or_report,wind/solar supply reference,wind/solar supply reference,Europe/unknown,Not applicable/non-tabular or not safely extractable,Not applicable or not declared,Not safely extractable,Not determined from file metadata,Not determined,Forecast/reference context,Not safely extractable,Not safely extractable,Not safely extractable,334281,Not applicable/non-tabular,CURRENT_ONLY,Databricks generation wind/solar tables; LSEG is current/reference only,,,Non-tabular artifact; no reliable row-level schema inferred.
data/lseg/raw/03_CURRENT_RECENT_LSEG/SUPPLY_WIND_SOLAR/GB_EMBEDDED_WIND_REPORT.pdf:Zone.Identifier,GB_EMBEDDED_WIND_REPORT.pdf:Zone.Identifier,identifier,metadata_sidecar,ancillary file metadata,Zone.Identifier,UNKNOWN,Not applicable/non-tabular or not safely extractable,Not applicable or not declared,Not safely extractable,Not determined from file metadata,Not determined,Not determinable,Not safely extractable,Not safely extractable,Not safely extractable,25,Not applicable/non-tabular,UNKNOWN,None,,data/lseg/raw/00_START_HERE/ANONYMOUS_XLS_MAPPING.md:Zone.Identifier | data/lseg/raw/00_START_HERE/DATA_CATALOG.csv:Zone.Identifier | data/lseg/raw/00_START_HERE/EXTRACTION_STATUS_AND_GAPS.md:Zone.Identifier | data/lseg/raw/00_START_HERE/LICENSE_NOTES.md:Zone.Identifier | data/lseg/raw/00_START_HERE/MANIFEST_SHA256.csv:Zone.Identifier | data/lseg/raw/00_START_HERE/MISSING_CH_DE_RECOVERY.md:Zone.Identifier | data/lseg/raw/00_START_HERE/MISSING_CH_DE_RICS.csv:Zone.Identifier | data/lseg/raw/00_START_HERE/PROJECT_OBJECTIVE.txt:Zone.Identifier | data/lseg/raw/00_START_HERE/README_FIRST.md:Zone.Identifier | data/lseg/raw/00_START_HERE/RIC_FAMILIES.csv:Zone.Identifier | data/lseg/raw/01_CORE_HISTORICAL/FR_NUCLEAR_PIT/EDF_NUCLEAR_OUTAGE_REVISIONS_PIT.csv:Zone.Identifier | data/lseg/raw/01_CORE_HISTORICAL/FR_NUCLEAR_PIT/EDF_NUCLEAR_PIT_DAILY_2021_2026.csv:Zone.Identifier | data/lseg/raw/01_CORE_HISTORICAL/FR_NUCLEAR_PIT/EDF_NUCLEAR_PIT_SUMMARY.txt:Zone.Identifier | data/lseg/raw/01_CORE_HISTORICAL/LSEG_DEMAND/IT_DEMAND_15M_ALL_7_ZONES_2025_2026.xlsx:Zone.Identifier | data/lseg/raw/01_CORE_HISTORICAL/LSEG_DEMAND/IT_DEMAND_HOURLY_2021_2025.xlsx:Zone.Identifier | data/lseg/raw/01_CORE_HISTORICAL/LSEG_PRICES/FR_DAY_AHEAD_HOURLY_AND_15M.xlsx:Zone.Identifier | data/lseg/raw/01_CORE_HISTORICAL/LSEG_PRICES/IT_DAY_AHEAD_HOURLY_AND_15M.xlsx:Zone.Identifier | data/lseg/raw/02_SOURCE_RAW/FR_NUCLEAR/EDF_OUTAGE_HISTORY_RAW.csv:Zone.Identifier | data/lseg/raw/02_SOURCE_RAW/FR_NUCLEAR/EDF_TRANSPARENCY_REMIT_MESSAGES_RAW.csv:Zone.Identifier | data/lseg/raw/03_CURRENT_RECENT_LSEG/COST_CURVES/cost_curves_2026910_21432.xlsx:Zone.Identifier | data/lseg/raw/03_CURRENT_RECENT_LSEG/COST_CURVES/cost_curves_2026910_21543.xlsx:Zone.Identifier | data/lseg/raw/03_CURRENT_RECENT_LSEG/COST_CURVES/cost_curves_2026910_2164.xlsx:Zone.Identifier | data/lseg/raw/03_CURRENT_RECENT_LSEG/RESIDUAL_LOAD/CWE_RESIDUAL_LOAD_REPORT.pdf:Zone.Identifier | data/lseg/raw/03_CURRENT_RECENT_LSEG/RESIDUAL_LOAD/DE_RESIDUAL_LOAD_CURRENT_RECENT.xls:Zone.Identifier | data/lseg/raw/03_CURRENT_RECENT_LSEG/RESIDUAL_LOAD/DE_RESIDUAL_LOAD_REPORT.pdf:Zone.Identifier | data/lseg/raw/03_CURRENT_RECENT_LSEG/RESIDUAL_LOAD/FR_IT_RESIDUAL_LOAD_EXPORT_A.xls:Zone.Identifier | data/lseg/raw/03_CURRENT_RECENT_LSEG/RESIDUAL_LOAD/FR_IT_RESIDUAL_LOAD_EXPORT_B.xls:Zone.Identifier | data/lseg/raw/03_CURRENT_RECENT_LSEG/SUPPLY_WIND_SOLAR/GB_EMBEDDED_SOLAR_REPORT.pdf:Zone.Identifier | data/lseg/raw/03_CURRENT_RECENT_LSEG/SUPPLY_WIND_SOLAR/GB_EMBEDDED_WIND_REPORT.pdf:Zone.Identifier | data/lseg/raw/03_CURRENT_RECENT_LSEG/SUPPLY_WIND_SOLAR/SUPPLY_WIND_REPORT.pdf:Zone.Identifier | data/lseg/raw/03_CURRENT_RECENT_LSEG/WEATHER/CLOUD_COVER_CH.xls:Zone.Identifier | data/lseg/raw/03_CURRENT_RECENT_LSEG/WEATHER/CLOUD_COVER_REPORT.pdf:Zone.Identifier | data/lseg/raw/03_CURRENT_RECENT_LSEG/WEATHER/ECMWF_CLUSTER_REPORT.pdf:Zone.Identifier | data/lseg/raw/03_CURRENT_RECENT_LSEG/WEATHER/NAO_AO_REPORT.pdf:Zone.Identifier | data/lseg/raw/03_CURRENT_RECENT_LSEG/WEATHER/PRECIPITATION_ALP_AREA_REPORT.pdf:Zone.Identifier | data/lseg/raw/03_CURRENT_RECENT_LSEG/WEATHER/PRECIPITATION_CH_EFFECTIVE.xls:Zone.Identifier | data/lseg/raw/03_CURRENT_RECENT_LSEG/WEATHER/TEMPERATURE_DE_FR_AT_CH_TABLE.xls:Zone.Identifier | data/lseg/raw/03_CURRENT_RECENT_LSEG/WEATHER/TEMPERATURE_IT_CHART.xls:Zone.Identifier | data/lseg/raw/03_CURRENT_RECENT_LSEG/WEATHER/TEMPERATURE_REPORT.pdf:Zone.Identifier | data/lseg/raw/04_CROSS_BORDER_REFERENCE/01_PRICE_FLOW_GRAPH_CHE_VISIBLE.png:Zone.Identifier | data/lseg/raw/04_CROSS_BORDER_REFERENCE/02_DEU_SELECTED_CONNECTIONS.png:Zone.Identifier | data/lseg/raw/04_CROSS_BORDER_REFERENCE/03_NET_IMPORT_GRAPH.png:Zone.Identifier | data/lseg/raw/04_CROSS_BORDER_REFERENCE/04_NET_IMPORT_CHE_SELECTED_00.png:Zone.Identifier | data/lseg/raw/04_CROSS_BORDER_REFERENCE/05_NET_IMPORT_CHE_SELECTED_12.png:Zone.Identifier | data/lseg/raw/04_CROSS_BORDER_REFERENCE/06_CAPACITY_DIRECTION_1_CHE_SELECTED.png:Zone.Identifier | data/lseg/raw/04_CROSS_BORDER_REFERENCE/07_CAPACITY_DIRECTION_2_CHE_SELECTED_A.png:Zone.Identifier | data/lseg/raw/04_CROSS_BORDER_REFERENCE/08_CAPACITY_DIRECTION_2_CHE_SELECTED_B.png:Zone.Identifier | data/lseg/raw/04_CROSS_BORDER_REFERENCE/09_CAPACITY_DIRECTION_2_CHE_SELECTED_C.png:Zone.Identifier | data/lseg/raw/04_CROSS_BORDER_REFERENCE/10_SCHEDULED_EXCHANGE_NET_IMPORT_GRAPH.png:Zone.Identifier | data/lseg/raw/04_CROSS_BORDER_REFERENCE/11_SCHEDULED_EXCHANGE_CHE_SELECTED.png:Zone.Identifier | data/lseg/raw/04_CROSS_BORDER_REFERENCE/FLOWS_GRAPH_REPORT.pdf:Zone.Identifier | data/lseg/raw/05_LSEG_REFERENCE_PDFS/DEMAND_CONSUMPTION_OVERVIEW.pdf:Zone.Identifier | data/lseg/raw/90_INTERMEDIATE/LSEG_PRICE_DEMAND/FR_15M_RAW.xls.xlsx:Zone.Identifier | data/lseg/raw/90_INTERMEDIATE/LSEG_PRICE_DEMAND/FR_DA_RAW.xlsx:Zone.Identifier | data/lseg/raw/90_INTERMEDIATE/LSEG_PRICE_DEMAND/IT_DA_RAW(1).xlsx:Zone.Identifier | data/lseg/raw/90_INTERMEDIATE/LSEG_PRICE_DEMAND/IT_DA_RAW(2).xlsx:Zone.Identifier | data/lseg/raw/90_INTERMEDIATE/LSEG_PRICE_DEMAND/IT_DA_RAW(3).xlsx:Zone.Identifier | data/lseg/raw/90_INTERMEDIATE/LSEG_PRICE_DEMAND/IT_DA_RAW.xlsx:Zone.Identifier | data/lseg/raw/90_INTERMEDIATE/LSEG_PRICE_DEMAND/IT_DEMAND_15M_ALL_ZONES_TEMPLATE.xlsx:Zone.Identifier | data/lseg/raw/90_INTERMEDIATE/LSEG_PRICE_DEMAND/IT_DEMAND_15M_NORTH.xlsx:Zone.Identifier | data/lseg/raw/90_INTERMEDIATE/LSEG_PRICE_DEMAND/Mappe1(1).xlsx:Zone.Identifier | data/lseg/raw/90_INTERMEDIATE/LSEG_PRICE_DEMAND/Mappe1(2).xlsx:Zone.Identifier | data/lseg/raw/90_INTERMEDIATE/LSEG_PRICE_DEMAND/Mappe1(3).xlsx:Zone.Identifier | data/lseg/raw/90_INTERMEDIATE/LSEG_PRICE_DEMAND/Mappe1(4).xlsx:Zone.Identifier | data/lseg/raw/90_INTERMEDIATE/LSEG_PRICE_DEMAND/Mappe1(5).xlsx:Zone.Identifier | data/lseg/raw/90_INTERMEDIATE/SCREENSHOTS/0a528483-087b-4a33-a2f3-ecdd62770a3a.png:Zone.Identifier | data/lseg/raw/90_INTERMEDIATE/SCREENSHOTS/1609bf25-22b3-4c50-817b-fa945dba6bfe.png:Zone.Identifier | data/lseg/raw/90_INTERMEDIATE/SCREENSHOTS/1d02b907-f21b-48aa-bff6-9bb501bffd31.png:Zone.Identifier | data/lseg/raw/90_INTERMEDIATE/SCREENSHOTS/2bf92681-8086-451b-ad79-2cf2aaa286bf.png:Zone.Identifier | data/lseg/raw/90_INTERMEDIATE/SCREENSHOTS/5048f972-71a5-4bbb-9ebf-495783170275.png:Zone.Identifier | data/lseg/raw/90_INTERMEDIATE/SCREENSHOTS/57688dd7-cfad-46f7-9d61-7173a480ab24.png:Zone.Identifier | data/lseg/raw/90_INTERMEDIATE/SCREENSHOTS/6a48aa3a-47d9-431b-a8d4-4b421a82f395.png:Zone.Identifier | data/lseg/raw/90_INTERMEDIATE/SCREENSHOTS/6b0bf7a6-4724-4c1c-98c7-10c623883a8b.png:Zone.Identifier | data/lseg/raw/90_INTERMEDIATE/SCREENSHOTS/7cdf8489-62e1-4566-9c92-ddde781dfc41.png:Zone.Identifier | data/lseg/raw/90_INTERMEDIATE/SCREENSHOTS/839b9904-b506-4600-a582-19546fc0d0dc.png:Zone.Identifier | data/lseg/raw/90_INTERMEDIATE/SCREENSHOTS/87b02fce-0b58-4ead-b793-267dd464b8ec.png:Zone.Identifier | data/lseg/raw/90_INTERMEDIATE/SCREENSHOTS/917dfe63-9fd2-4e78-89c4-b98dcf9f033f.png:Zone.Identifier | data/lseg/raw/90_INTERMEDIATE/SCREENSHOTS/990167dc-a3d5-4b22-acec-131b4e0f87c9.png:Zone.Identifier | data/lseg/raw/90_INTERMEDIATE/SCREENSHOTS/af6db8b3-1471-4a8e-9879-1e782574016e.png:Zone.Identifier | data/lseg/raw/90_INTERMEDIATE/SCREENSHOTS/b94c25b1-cacf-496f-802b-f74a6ec3c376.png:Zone.Identifier | data/lseg/raw/90_INTERMEDIATE/SCREENSHOTS/bc276a5b-6ae8-473b-abe3-2d17e33bcdd3.png:Zone.Identifier | data/lseg/raw/90_INTERMEDIATE/SCREENSHOTS/chart_100049390.embedded.png:Zone.Identifier | data/lseg/raw/90_INTERMEDIATE/SCREENSHOTS/chart_100127248.embedded.png:Zone.Identifier | data/lseg/raw/90_INTERMEDIATE/SCREENSHOTS/crop_che.png:Zone.Identifier | data/lseg/raw/90_INTERMEDIATE/SCREENSHOTS/de1ee218-60dc-4b11-b243-1f352c398785.png:Zone.Identifier | data/lseg/raw/99_UNCLASSIFIED_RETAINED/LSEG_DISCOVERY_RAW_NOTES.txt:Zone.Identifier | data/lseg/raw/99_UNCLASSIFIED_RETAINED/table_100016453.xls:Zone.Identifier | data/lseg/raw/CH_DA_RAW.xlsx:Zone.Identifier | data/lseg/raw/DE_DA_RAW.xlsx:Zone.Identifier | data/lseg/raw/EDF_NUCLEAR_OUTAGE_REVISIONS_PIT.csv:Zone.Identifier | data/lseg/raw/EDF_NUCLEAR_PIT_DAILY_2021_2026.csv:Zone.Identifier | data/lseg/raw/FR_15M_RAW.xlsx:Zone.Identifier | data/lseg/raw/FR_DA_RAW_COMBINED.xlsx:Zone.Identifier | data/lseg/raw/Historique des indispo des moyens de production - depuis 2015 - 07092026-full.csv:Zone.Identifier | data/lseg/raw/IT_DA_RAW (1).xlsx:Zone.Identifier | data/lseg/raw/IT_DA_RAW.xlsx:Zone.Identifier | data/lseg/raw/IT_DEMAND_15M_ALL_ZONES_TEMPLATE.xlsx:Zone.Identifier | data/lseg/raw/IT_DEMAND_15M_NORTH.xlsx:Zone.Identifier | data/lseg/raw/IT_DEMAND_HOURLY.xlsx:Zone.Identifier | data/lseg/raw/publications-transparence-et-remit-liste-des-messages-edf-sa.csv:Zone.Identifier,Windows download-origin sidecar; excluded from data analysis.
data/lseg/raw/03_CURRENT_RECENT_LSEG/SUPPLY_WIND_SOLAR/SUPPLY_WIND_REPORT.pdf,SUPPLY_WIND_REPORT.pdf,pdf,reference_image_or_report,wind/solar supply reference,wind/solar supply reference,Europe/unknown,Not applicable/non-tabular or not safely extractable,Not applicable or not declared,Not safely extractable,Not determined from file metadata,Not determined,Forecast/reference context,Not safely extractable,Not safely extractable,Not safely extractable,4386916,Not applicable/non-tabular,CURRENT_ONLY,Databricks generation wind/solar tables; LSEG is current/reference only,,,Non-tabular artifact; no reliable row-level schema inferred.
data/lseg/raw/03_CURRENT_RECENT_LSEG/SUPPLY_WIND_SOLAR/SUPPLY_WIND_REPORT.pdf:Zone.Identifier,SUPPLY_WIND_REPORT.pdf:Zone.Identifier,identifier,metadata_sidecar,ancillary file metadata,Zone.Identifier,UNKNOWN,Not applicable/non-tabular or not safely extractable,Not applicable or not declared,Not safely extractable,Not determined from file metadata,Not determined,Not determinable,Not safely extractable,Not safely extractable,Not safely extractable,25,Not applicable/non-tabular,UNKNOWN,None,,data/lseg/raw/00_START_HERE/ANONYMOUS_XLS_MAPPING.md:Zone.Identifier | data/lseg/raw/00_START_HERE/DATA_CATALOG.csv:Zone.Identifier | data/lseg/raw/00_START_HERE/EXTRACTION_STATUS_AND_GAPS.md:Zone.Identifier | data/lseg/raw/00_START_HERE/LICENSE_NOTES.md:Zone.Identifier | data/lseg/raw/00_START_HERE/MANIFEST_SHA256.csv:Zone.Identifier | data/lseg/raw/00_START_HERE/MISSING_CH_DE_RECOVERY.md:Zone.Identifier | data/lseg/raw/00_START_HERE/MISSING_CH_DE_RICS.csv:Zone.Identifier | data/lseg/raw/00_START_HERE/PROJECT_OBJECTIVE.txt:Zone.Identifier | data/lseg/raw/00_START_HERE/README_FIRST.md:Zone.Identifier | data/lseg/raw/00_START_HERE/RIC_FAMILIES.csv:Zone.Identifier | data/lseg/raw/01_CORE_HISTORICAL/FR_NUCLEAR_PIT/EDF_NUCLEAR_OUTAGE_REVISIONS_PIT.csv:Zone.Identifier | data/lseg/raw/01_CORE_HISTORICAL/FR_NUCLEAR_PIT/EDF_NUCLEAR_PIT_DAILY_2021_2026.csv:Zone.Identifier | data/lseg/raw/01_CORE_HISTORICAL/FR_NUCLEAR_PIT/EDF_NUCLEAR_PIT_SUMMARY.txt:Zone.Identifier | data/lseg/raw/01_CORE_HISTORICAL/LSEG_DEMAND/IT_DEMAND_15M_ALL_7_ZONES_2025_2026.xlsx:Zone.Identifier | data/lseg/raw/01_CORE_HISTORICAL/LSEG_DEMAND/IT_DEMAND_HOURLY_2021_2025.xlsx:Zone.Identifier | data/lseg/raw/01_CORE_HISTORICAL/LSEG_PRICES/FR_DAY_AHEAD_HOURLY_AND_15M.xlsx:Zone.Identifier | data/lseg/raw/01_CORE_HISTORICAL/LSEG_PRICES/IT_DAY_AHEAD_HOURLY_AND_15M.xlsx:Zone.Identifier | data/lseg/raw/02_SOURCE_RAW/FR_NUCLEAR/EDF_OUTAGE_HISTORY_RAW.csv:Zone.Identifier | data/lseg/raw/02_SOURCE_RAW/FR_NUCLEAR/EDF_TRANSPARENCY_REMIT_MESSAGES_RAW.csv:Zone.Identifier | data/lseg/raw/03_CURRENT_RECENT_LSEG/COST_CURVES/cost_curves_2026910_21432.xlsx:Zone.Identifier | data/lseg/raw/03_CURRENT_RECENT_LSEG/COST_CURVES/cost_curves_2026910_21543.xlsx:Zone.Identifier | data/lseg/raw/03_CURRENT_RECENT_LSEG/COST_CURVES/cost_curves_2026910_2164.xlsx:Zone.Identifier | data/lseg/raw/03_CURRENT_RECENT_LSEG/RESIDUAL_LOAD/CWE_RESIDUAL_LOAD_REPORT.pdf:Zone.Identifier | data/lseg/raw/03_CURRENT_RECENT_LSEG/RESIDUAL_LOAD/DE_RESIDUAL_LOAD_CURRENT_RECENT.xls:Zone.Identifier | data/lseg/raw/03_CURRENT_RECENT_LSEG/RESIDUAL_LOAD/DE_RESIDUAL_LOAD_REPORT.pdf:Zone.Identifier | data/lseg/raw/03_CURRENT_RECENT_LSEG/RESIDUAL_LOAD/FR_IT_RESIDUAL_LOAD_EXPORT_A.xls:Zone.Identifier | data/lseg/raw/03_CURRENT_RECENT_LSEG/RESIDUAL_LOAD/FR_IT_RESIDUAL_LOAD_EXPORT_B.xls:Zone.Identifier | data/lseg/raw/03_CURRENT_RECENT_LSEG/SUPPLY_WIND_SOLAR/GB_EMBEDDED_SOLAR_REPORT.pdf:Zone.Identifier | data/lseg/raw/03_CURRENT_RECENT_LSEG/SUPPLY_WIND_SOLAR/GB_EMBEDDED_WIND_REPORT.pdf:Zone.Identifier | data/lseg/raw/03_CURRENT_RECENT_LSEG/SUPPLY_WIND_SOLAR/SUPPLY_WIND_REPORT.pdf:Zone.Identifier | data/lseg/raw/03_CURRENT_RECENT_LSEG/WEATHER/CLOUD_COVER_CH.xls:Zone.Identifier | data/lseg/raw/03_CURRENT_RECENT_LSEG/WEATHER/CLOUD_COVER_REPORT.pdf:Zone.Identifier | data/lseg/raw/03_CURRENT_RECENT_LSEG/WEATHER/ECMWF_CLUSTER_REPORT.pdf:Zone.Identifier | data/lseg/raw/03_CURRENT_RECENT_LSEG/WEATHER/NAO_AO_REPORT.pdf:Zone.Identifier | data/lseg/raw/03_CURRENT_RECENT_LSEG/WEATHER/PRECIPITATION_ALP_AREA_REPORT.pdf:Zone.Identifier | data/lseg/raw/03_CURRENT_RECENT_LSEG/WEATHER/PRECIPITATION_CH_EFFECTIVE.xls:Zone.Identifier | data/lseg/raw/03_CURRENT_RECENT_LSEG/WEATHER/TEMPERATURE_DE_FR_AT_CH_TABLE.xls:Zone.Identifier | data/lseg/raw/03_CURRENT_RECENT_LSEG/WEATHER/TEMPERATURE_IT_CHART.xls:Zone.Identifier | data/lseg/raw/03_CURRENT_RECENT_LSEG/WEATHER/TEMPERATURE_REPORT.pdf:Zone.Identifier | data/lseg/raw/04_CROSS_BORDER_REFERENCE/01_PRICE_FLOW_GRAPH_CHE_VISIBLE.png:Zone.Identifier | data/lseg/raw/04_CROSS_BORDER_REFERENCE/02_DEU_SELECTED_CONNECTIONS.png:Zone.Identifier | data/lseg/raw/04_CROSS_BORDER_REFERENCE/03_NET_IMPORT_GRAPH.png:Zone.Identifier | data/lseg/raw/04_CROSS_BORDER_REFERENCE/04_NET_IMPORT_CHE_SELECTED_00.png:Zone.Identifier | data/lseg/raw/04_CROSS_BORDER_REFERENCE/05_NET_IMPORT_CHE_SELECTED_12.png:Zone.Identifier | data/lseg/raw/04_CROSS_BORDER_REFERENCE/06_CAPACITY_DIRECTION_1_CHE_SELECTED.png:Zone.Identifier | data/lseg/raw/04_CROSS_BORDER_REFERENCE/07_CAPACITY_DIRECTION_2_CHE_SELECTED_A.png:Zone.Identifier | data/lseg/raw/04_CROSS_BORDER_REFERENCE/08_CAPACITY_DIRECTION_2_CHE_SELECTED_B.png:Zone.Identifier | data/lseg/raw/04_CROSS_BORDER_REFERENCE/09_CAPACITY_DIRECTION_2_CHE_SELECTED_C.png:Zone.Identifier | data/lseg/raw/04_CROSS_BORDER_REFERENCE/10_SCHEDULED_EXCHANGE_NET_IMPORT_GRAPH.png:Zone.Identifier | data/lseg/raw/04_CROSS_BORDER_REFERENCE/11_SCHEDULED_EXCHANGE_CHE_SELECTED.png:Zone.Identifier | data/lseg/raw/04_CROSS_BORDER_REFERENCE/FLOWS_GRAPH_REPORT.pdf:Zone.Identifier | data/lseg/raw/05_LSEG_REFERENCE_PDFS/DEMAND_CONSUMPTION_OVERVIEW.pdf:Zone.Identifier | data/lseg/raw/90_INTERMEDIATE/LSEG_PRICE_DEMAND/FR_15M_RAW.xls.xlsx:Zone.Identifier | data/lseg/raw/90_INTERMEDIATE/LSEG_PRICE_DEMAND/FR_DA_RAW.xlsx:Zone.Identifier | data/lseg/raw/90_INTERMEDIATE/LSEG_PRICE_DEMAND/IT_DA_RAW(1).xlsx:Zone.Identifier | data/lseg/raw/90_INTERMEDIATE/LSEG_PRICE_DEMAND/IT_DA_RAW(2).xlsx:Zone.Identifier | data/lseg/raw/90_INTERMEDIATE/LSEG_PRICE_DEMAND/IT_DA_RAW(3).xlsx:Zone.Identifier | data/lseg/raw/90_INTERMEDIATE/LSEG_PRICE_DEMAND/IT_DA_RAW.xlsx:Zone.Identifier | data/lseg/raw/90_INTERMEDIATE/LSEG_PRICE_DEMAND/IT_DEMAND_15M_ALL_ZONES_TEMPLATE.xlsx:Zone.Identifier | data/lseg/raw/90_INTERMEDIATE/LSEG_PRICE_DEMAND/IT_DEMAND_15M_NORTH.xlsx:Zone.Identifier | data/lseg/raw/90_INTERMEDIATE/LSEG_PRICE_DEMAND/Mappe1(1).xlsx:Zone.Identifier | data/lseg/raw/90_INTERMEDIATE/LSEG_PRICE_DEMAND/Mappe1(2).xlsx:Zone.Identifier | data/lseg/raw/90_INTERMEDIATE/LSEG_PRICE_DEMAND/Mappe1(3).xlsx:Zone.Identifier | data/lseg/raw/90_INTERMEDIATE/LSEG_PRICE_DEMAND/Mappe1(4).xlsx:Zone.Identifier | data/lseg/raw/90_INTERMEDIATE/LSEG_PRICE_DEMAND/Mappe1(5).xlsx:Zone.Identifier | data/lseg/raw/90_INTERMEDIATE/SCREENSHOTS/0a528483-087b-4a33-a2f3-ecdd62770a3a.png:Zone.Identifier | data/lseg/raw/90_INTERMEDIATE/SCREENSHOTS/1609bf25-22b3-4c50-817b-fa945dba6bfe.png:Zone.Identifier | data/lseg/raw/90_INTERMEDIATE/SCREENSHOTS/1d02b907-f21b-48aa-bff6-9bb501bffd31.png:Zone.Identifier | data/lseg/raw/90_INTERMEDIATE/SCREENSHOTS/2bf92681-8086-451b-ad79-2cf2aaa286bf.png:Zone.Identifier | data/lseg/raw/90_INTERMEDIATE/SCREENSHOTS/5048f972-71a5-4bbb-9ebf-495783170275.png:Zone.Identifier | data/lseg/raw/90_INTERMEDIATE/SCREENSHOTS/57688dd7-cfad-46f7-9d61-7173a480ab24.png:Zone.Identifier | data/lseg/raw/90_INTERMEDIATE/SCREENSHOTS/6a48aa3a-47d9-431b-a8d4-4b421a82f395.png:Zone.Identifier | data/lseg/raw/90_INTERMEDIATE/SCREENSHOTS/6b0bf7a6-4724-4c1c-98c7-10c623883a8b.png:Zone.Identifier | data/lseg/raw/90_INTERMEDIATE/SCREENSHOTS/7cdf8489-62e1-4566-9c92-ddde781dfc41.png:Zone.Identifier | data/lseg/raw/90_INTERMEDIATE/SCREENSHOTS/839b9904-b506-4600-a582-19546fc0d0dc.png:Zone.Identifier | data/lseg/raw/90_INTERMEDIATE/SCREENSHOTS/87b02fce-0b58-4ead-b793-267dd464b8ec.png:Zone.Identifier | data/lseg/raw/90_INTERMEDIATE/SCREENSHOTS/917dfe63-9fd2-4e78-89c4-b98dcf9f033f.png:Zone.Identifier | data/lseg/raw/90_INTERMEDIATE/SCREENSHOTS/990167dc-a3d5-4b22-acec-131b4e0f87c9.png:Zone.Identifier | data/lseg/raw/90_INTERMEDIATE/SCREENSHOTS/af6db8b3-1471-4a8e-9879-1e782574016e.png:Zone.Identifier | data/lseg/raw/90_INTERMEDIATE/SCREENSHOTS/b94c25b1-cacf-496f-802b-f74a6ec3c376.png:Zone.Identifier | data/lseg/raw/90_INTERMEDIATE/SCREENSHOTS/bc276a5b-6ae8-473b-abe3-2d17e33bcdd3.png:Zone.Identifier | data/lseg/raw/90_INTERMEDIATE/SCREENSHOTS/chart_100049390.embedded.png:Zone.Identifier | data/lseg/raw/90_INTERMEDIATE/SCREENSHOTS/chart_100127248.embedded.png:Zone.Identifier | data/lseg/raw/90_INTERMEDIATE/SCREENSHOTS/crop_che.png:Zone.Identifier | data/lseg/raw/90_INTERMEDIATE/SCREENSHOTS/de1ee218-60dc-4b11-b243-1f352c398785.png:Zone.Identifier | data/lseg/raw/99_UNCLASSIFIED_RETAINED/LSEG_DISCOVERY_RAW_NOTES.txt:Zone.Identifier | data/lseg/raw/99_UNCLASSIFIED_RETAINED/table_100016453.xls:Zone.Identifier | data/lseg/raw/CH_DA_RAW.xlsx:Zone.Identifier | data/lseg/raw/DE_DA_RAW.xlsx:Zone.Identifier | data/lseg/raw/EDF_NUCLEAR_OUTAGE_REVISIONS_PIT.csv:Zone.Identifier | data/lseg/raw/EDF_NUCLEAR_PIT_DAILY_2021_2026.csv:Zone.Identifier | data/lseg/raw/FR_15M_RAW.xlsx:Zone.Identifier | data/lseg/raw/FR_DA_RAW_COMBINED.xlsx:Zone.Identifier | data/lseg/raw/Historique des indispo des moyens de production - depuis 2015 - 07092026-full.csv:Zone.Identifier | data/lseg/raw/IT_DA_RAW (1).xlsx:Zone.Identifier | data/lseg/raw/IT_DA_RAW.xlsx:Zone.Identifier | data/lseg/raw/IT_DEMAND_15M_ALL_ZONES_TEMPLATE.xlsx:Zone.Identifier | data/lseg/raw/IT_DEMAND_15M_NORTH.xlsx:Zone.Identifier | data/lseg/raw/IT_DEMAND_HOURLY.xlsx:Zone.Identifier | data/lseg/raw/publications-transparence-et-remit-liste-des-messages-edf-sa.csv:Zone.Identifier,Windows download-origin sidecar; excluded from data analysis.
data/lseg/raw/03_CURRENT_RECENT_LSEG/WEATHER/CLOUD_COVER_CH.xls,CLOUD_COVER_CH.xls,xls,reference_image_or_report,weather/regime,weather/regime forecast,CH/DE/FR/AT/IT/Europe,Not applicable/non-tabular or not safely extractable,Not applicable or not declared,Not safely extractable,Not determined from file metadata,Not determined,Forecast/reference context,Not safely extractable,Not safely extractable,Not safely extractable,14848,Not applicable/non-tabular,CURRENT_ONLY,No corresponding model-ready family in Databricks inventory,,,Forecast issue/valid fields are not reliably tabular in retained artifact.
data/lseg/raw/03_CURRENT_RECENT_LSEG/WEATHER/CLOUD_COVER_CH.xls:Zone.Identifier,CLOUD_COVER_CH.xls:Zone.Identifier,identifier,metadata_sidecar,ancillary file metadata,Zone.Identifier,UNKNOWN,Not applicable/non-tabular or not safely extractable,Not applicable or not declared,Not safely extractable,Not determined from file metadata,Not determined,Not determinable,Not safely extractable,Not safely extractable,Not safely extractable,25,Not applicable/non-tabular,UNKNOWN,None,,data/lseg/raw/00_START_HERE/ANONYMOUS_XLS_MAPPING.md:Zone.Identifier | data/lseg/raw/00_START_HERE/DATA_CATALOG.csv:Zone.Identifier | data/lseg/raw/00_START_HERE/EXTRACTION_STATUS_AND_GAPS.md:Zone.Identifier | data/lseg/raw/00_START_HERE/LICENSE_NOTES.md:Zone.Identifier | data/lseg/raw/00_START_HERE/MANIFEST_SHA256.csv:Zone.Identifier | data/lseg/raw/00_START_HERE/MISSING_CH_DE_RECOVERY.md:Zone.Identifier | data/lseg/raw/00_START_HERE/MISSING_CH_DE_RICS.csv:Zone.Identifier | data/lseg/raw/00_START_HERE/PROJECT_OBJECTIVE.txt:Zone.Identifier | data/lseg/raw/00_START_HERE/README_FIRST.md:Zone.Identifier | data/lseg/raw/00_START_HERE/RIC_FAMILIES.csv:Zone.Identifier | data/lseg/raw/01_CORE_HISTORICAL/FR_NUCLEAR_PIT/EDF_NUCLEAR_OUTAGE_REVISIONS_PIT.csv:Zone.Identifier | data/lseg/raw/01_CORE_HISTORICAL/FR_NUCLEAR_PIT/EDF_NUCLEAR_PIT_DAILY_2021_2026.csv:Zone.Identifier | data/lseg/raw/01_CORE_HISTORICAL/FR_NUCLEAR_PIT/EDF_NUCLEAR_PIT_SUMMARY.txt:Zone.Identifier | data/lseg/raw/01_CORE_HISTORICAL/LSEG_DEMAND/IT_DEMAND_15M_ALL_7_ZONES_2025_2026.xlsx:Zone.Identifier | data/lseg/raw/01_CORE_HISTORICAL/LSEG_DEMAND/IT_DEMAND_HOURLY_2021_2025.xlsx:Zone.Identifier | data/lseg/raw/01_CORE_HISTORICAL/LSEG_PRICES/FR_DAY_AHEAD_HOURLY_AND_15M.xlsx:Zone.Identifier | data/lseg/raw/01_CORE_HISTORICAL/LSEG_PRICES/IT_DAY_AHEAD_HOURLY_AND_15M.xlsx:Zone.Identifier | data/lseg/raw/02_SOURCE_RAW/FR_NUCLEAR/EDF_OUTAGE_HISTORY_RAW.csv:Zone.Identifier | data/lseg/raw/02_SOURCE_RAW/FR_NUCLEAR/EDF_TRANSPARENCY_REMIT_MESSAGES_RAW.csv:Zone.Identifier | data/lseg/raw/03_CURRENT_RECENT_LSEG/COST_CURVES/cost_curves_2026910_21432.xlsx:Zone.Identifier | data/lseg/raw/03_CURRENT_RECENT_LSEG/COST_CURVES/cost_curves_2026910_21543.xlsx:Zone.Identifier | data/lseg/raw/03_CURRENT_RECENT_LSEG/COST_CURVES/cost_curves_2026910_2164.xlsx:Zone.Identifier | data/lseg/raw/03_CURRENT_RECENT_LSEG/RESIDUAL_LOAD/CWE_RESIDUAL_LOAD_REPORT.pdf:Zone.Identifier | data/lseg/raw/03_CURRENT_RECENT_LSEG/RESIDUAL_LOAD/DE_RESIDUAL_LOAD_CURRENT_RECENT.xls:Zone.Identifier | data/lseg/raw/03_CURRENT_RECENT_LSEG/RESIDUAL_LOAD/DE_RESIDUAL_LOAD_REPORT.pdf:Zone.Identifier | data/lseg/raw/03_CURRENT_RECENT_LSEG/RESIDUAL_LOAD/FR_IT_RESIDUAL_LOAD_EXPORT_A.xls:Zone.Identifier | data/lseg/raw/03_CURRENT_RECENT_LSEG/RESIDUAL_LOAD/FR_IT_RESIDUAL_LOAD_EXPORT_B.xls:Zone.Identifier | data/lseg/raw/03_CURRENT_RECENT_LSEG/SUPPLY_WIND_SOLAR/GB_EMBEDDED_SOLAR_REPORT.pdf:Zone.Identifier | data/lseg/raw/03_CURRENT_RECENT_LSEG/SUPPLY_WIND_SOLAR/GB_EMBEDDED_WIND_REPORT.pdf:Zone.Identifier | data/lseg/raw/03_CURRENT_RECENT_LSEG/SUPPLY_WIND_SOLAR/SUPPLY_WIND_REPORT.pdf:Zone.Identifier | data/lseg/raw/03_CURRENT_RECENT_LSEG/WEATHER/CLOUD_COVER_CH.xls:Zone.Identifier | data/lseg/raw/03_CURRENT_RECENT_LSEG/WEATHER/CLOUD_COVER_REPORT.pdf:Zone.Identifier | data/lseg/raw/03_CURRENT_RECENT_LSEG/WEATHER/ECMWF_CLUSTER_REPORT.pdf:Zone.Identifier | data/lseg/raw/03_CURRENT_RECENT_LSEG/WEATHER/NAO_AO_REPORT.pdf:Zone.Identifier | data/lseg/raw/03_CURRENT_RECENT_LSEG/WEATHER/PRECIPITATION_ALP_AREA_REPORT.pdf:Zone.Identifier | data/lseg/raw/03_CURRENT_RECENT_LSEG/WEATHER/PRECIPITATION_CH_EFFECTIVE.xls:Zone.Identifier | data/lseg/raw/03_CURRENT_RECENT_LSEG/WEATHER/TEMPERATURE_DE_FR_AT_CH_TABLE.xls:Zone.Identifier | data/lseg/raw/03_CURRENT_RECENT_LSEG/WEATHER/TEMPERATURE_IT_CHART.xls:Zone.Identifier | data/lseg/raw/03_CURRENT_RECENT_LSEG/WEATHER/TEMPERATURE_REPORT.pdf:Zone.Identifier | data/lseg/raw/04_CROSS_BORDER_REFERENCE/01_PRICE_FLOW_GRAPH_CHE_VISIBLE.png:Zone.Identifier | data/lseg/raw/04_CROSS_BORDER_REFERENCE/02_DEU_SELECTED_CONNECTIONS.png:Zone.Identifier | data/lseg/raw/04_CROSS_BORDER_REFERENCE/03_NET_IMPORT_GRAPH.png:Zone.Identifier | data/lseg/raw/04_CROSS_BORDER_REFERENCE/04_NET_IMPORT_CHE_SELECTED_00.png:Zone.Identifier | data/lseg/raw/04_CROSS_BORDER_REFERENCE/05_NET_IMPORT_CHE_SELECTED_12.png:Zone.Identifier | data/lseg/raw/04_CROSS_BORDER_REFERENCE/06_CAPACITY_DIRECTION_1_CHE_SELECTED.png:Zone.Identifier | data/lseg/raw/04_CROSS_BORDER_REFERENCE/07_CAPACITY_DIRECTION_2_CHE_SELECTED_A.png:Zone.Identifier | data/lseg/raw/04_CROSS_BORDER_REFERENCE/08_CAPACITY_DIRECTION_2_CHE_SELECTED_B.png:Zone.Identifier | data/lseg/raw/04_CROSS_BORDER_REFERENCE/09_CAPACITY_DIRECTION_2_CHE_SELECTED_C.png:Zone.Identifier | data/lseg/raw/04_CROSS_BORDER_REFERENCE/10_SCHEDULED_EXCHANGE_NET_IMPORT_GRAPH.png:Zone.Identifier | data/lseg/raw/04_CROSS_BORDER_REFERENCE/11_SCHEDULED_EXCHANGE_CHE_SELECTED.png:Zone.Identifier | data/lseg/raw/04_CROSS_BORDER_REFERENCE/FLOWS_GRAPH_REPORT.pdf:Zone.Identifier | data/lseg/raw/05_LSEG_REFERENCE_PDFS/DEMAND_CONSUMPTION_OVERVIEW.pdf:Zone.Identifier | data/lseg/raw/90_INTERMEDIATE/LSEG_PRICE_DEMAND/FR_15M_RAW.xls.xlsx:Zone.Identifier | data/lseg/raw/90_INTERMEDIATE/LSEG_PRICE_DEMAND/FR_DA_RAW.xlsx:Zone.Identifier | data/lseg/raw/90_INTERMEDIATE/LSEG_PRICE_DEMAND/IT_DA_RAW(1).xlsx:Zone.Identifier | data/lseg/raw/90_INTERMEDIATE/LSEG_PRICE_DEMAND/IT_DA_RAW(2).xlsx:Zone.Identifier | data/lseg/raw/90_INTERMEDIATE/LSEG_PRICE_DEMAND/IT_DA_RAW(3).xlsx:Zone.Identifier | data/lseg/raw/90_INTERMEDIATE/LSEG_PRICE_DEMAND/IT_DA_RAW.xlsx:Zone.Identifier | data/lseg/raw/90_INTERMEDIATE/LSEG_PRICE_DEMAND/IT_DEMAND_15M_ALL_ZONES_TEMPLATE.xlsx:Zone.Identifier | data/lseg/raw/90_INTERMEDIATE/LSEG_PRICE_DEMAND/IT_DEMAND_15M_NORTH.xlsx:Zone.Identifier | data/lseg/raw/90_INTERMEDIATE/LSEG_PRICE_DEMAND/Mappe1(1).xlsx:Zone.Identifier | data/lseg/raw/90_INTERMEDIATE/LSEG_PRICE_DEMAND/Mappe1(2).xlsx:Zone.Identifier | data/lseg/raw/90_INTERMEDIATE/LSEG_PRICE_DEMAND/Mappe1(3).xlsx:Zone.Identifier | data/lseg/raw/90_INTERMEDIATE/LSEG_PRICE_DEMAND/Mappe1(4).xlsx:Zone.Identifier | data/lseg/raw/90_INTERMEDIATE/LSEG_PRICE_DEMAND/Mappe1(5).xlsx:Zone.Identifier | data/lseg/raw/90_INTERMEDIATE/SCREENSHOTS/0a528483-087b-4a33-a2f3-ecdd62770a3a.png:Zone.Identifier | data/lseg/raw/90_INTERMEDIATE/SCREENSHOTS/1609bf25-22b3-4c50-817b-fa945dba6bfe.png:Zone.Identifier | data/lseg/raw/90_INTERMEDIATE/SCREENSHOTS/1d02b907-f21b-48aa-bff6-9bb501bffd31.png:Zone.Identifier | data/lseg/raw/90_INTERMEDIATE/SCREENSHOTS/2bf92681-8086-451b-ad79-2cf2aaa286bf.png:Zone.Identifier | data/lseg/raw/90_INTERMEDIATE/SCREENSHOTS/5048f972-71a5-4bbb-9ebf-495783170275.png:Zone.Identifier | data/lseg/raw/90_INTERMEDIATE/SCREENSHOTS/57688dd7-cfad-46f7-9d61-7173a480ab24.png:Zone.Identifier | data/lseg/raw/90_INTERMEDIATE/SCREENSHOTS/6a48aa3a-47d9-431b-a8d4-4b421a82f395.png:Zone.Identifier | data/lseg/raw/90_INTERMEDIATE/SCREENSHOTS/6b0bf7a6-4724-4c1c-98c7-10c623883a8b.png:Zone.Identifier | data/lseg/raw/90_INTERMEDIATE/SCREENSHOTS/7cdf8489-62e1-4566-9c92-ddde781dfc41.png:Zone.Identifier | data/lseg/raw/90_INTERMEDIATE/SCREENSHOTS/839b9904-b506-4600-a582-19546fc0d0dc.png:Zone.Identifier | data/lseg/raw/90_INTERMEDIATE/SCREENSHOTS/87b02fce-0b58-4ead-b793-267dd464b8ec.png:Zone.Identifier | data/lseg/raw/90_INTERMEDIATE/SCREENSHOTS/917dfe63-9fd2-4e78-89c4-b98dcf9f033f.png:Zone.Identifier | data/lseg/raw/90_INTERMEDIATE/SCREENSHOTS/990167dc-a3d5-4b22-acec-131b4e0f87c9.png:Zone.Identifier | data/lseg/raw/90_INTERMEDIATE/SCREENSHOTS/af6db8b3-1471-4a8e-9879-1e782574016e.png:Zone.Identifier | data/lseg/raw/90_INTERMEDIATE/SCREENSHOTS/b94c25b1-cacf-496f-802b-f74a6ec3c376.png:Zone.Identifier | data/lseg/raw/90_INTERMEDIATE/SCREENSHOTS/bc276a5b-6ae8-473b-abe3-2d17e33bcdd3.png:Zone.Identifier | data/lseg/raw/90_INTERMEDIATE/SCREENSHOTS/chart_100049390.embedded.png:Zone.Identifier | data/lseg/raw/90_INTERMEDIATE/SCREENSHOTS/chart_100127248.embedded.png:Zone.Identifier | data/lseg/raw/90_INTERMEDIATE/SCREENSHOTS/crop_che.png:Zone.Identifier | data/lseg/raw/90_INTERMEDIATE/SCREENSHOTS/de1ee218-60dc-4b11-b243-1f352c398785.png:Zone.Identifier | data/lseg/raw/99_UNCLASSIFIED_RETAINED/LSEG_DISCOVERY_RAW_NOTES.txt:Zone.Identifier | data/lseg/raw/99_UNCLASSIFIED_RETAINED/table_100016453.xls:Zone.Identifier | data/lseg/raw/CH_DA_RAW.xlsx:Zone.Identifier | data/lseg/raw/DE_DA_RAW.xlsx:Zone.Identifier | data/lseg/raw/EDF_NUCLEAR_OUTAGE_REVISIONS_PIT.csv:Zone.Identifier | data/lseg/raw/EDF_NUCLEAR_PIT_DAILY_2021_2026.csv:Zone.Identifier | data/lseg/raw/FR_15M_RAW.xlsx:Zone.Identifier | data/lseg/raw/FR_DA_RAW_COMBINED.xlsx:Zone.Identifier | data/lseg/raw/Historique des indispo des moyens de production - depuis 2015 - 07092026-full.csv:Zone.Identifier | data/lseg/raw/IT_DA_RAW (1).xlsx:Zone.Identifier | data/lseg/raw/IT_DA_RAW.xlsx:Zone.Identifier | data/lseg/raw/IT_DEMAND_15M_ALL_ZONES_TEMPLATE.xlsx:Zone.Identifier | data/lseg/raw/IT_DEMAND_15M_NORTH.xlsx:Zone.Identifier | data/lseg/raw/IT_DEMAND_HOURLY.xlsx:Zone.Identifier | data/lseg/raw/publications-transparence-et-remit-liste-des-messages-edf-sa.csv:Zone.Identifier,Windows download-origin sidecar; excluded from data analysis.
data/lseg/raw/03_CURRENT_RECENT_LSEG/WEATHER/CLOUD_COVER_REPORT.pdf,CLOUD_COVER_REPORT.pdf,pdf,reference_image_or_report,weather/regime forecast reference,weather/regime forecast reference,Europe/unknown,Not applicable/non-tabular or not safely extractable,Not applicable or not declared,Not safely extractable,Not determined from file metadata,Not determined,Forecast/reference context,Not safely extractable,Not safely extractable,Not safely extractable,108617,Not applicable/non-tabular,CURRENT_ONLY,REFERENCE_ONLY,,,Non-tabular artifact; no reliable row-level schema inferred.
data/lseg/raw/03_CURRENT_RECENT_LSEG/WEATHER/CLOUD_COVER_REPORT.pdf:Zone.Identifier,CLOUD_COVER_REPORT.pdf:Zone.Identifier,identifier,metadata_sidecar,ancillary file metadata,Zone.Identifier,UNKNOWN,Not applicable/non-tabular or not safely extractable,Not applicable or not declared,Not safely extractable,Not determined from file metadata,Not determined,Not determinable,Not safely extractable,Not safely extractable,Not safely extractable,25,Not applicable/non-tabular,UNKNOWN,None,,data/lseg/raw/00_START_HERE/ANONYMOUS_XLS_MAPPING.md:Zone.Identifier | data/lseg/raw/00_START_HERE/DATA_CATALOG.csv:Zone.Identifier | data/lseg/raw/00_START_HERE/EXTRACTION_STATUS_AND_GAPS.md:Zone.Identifier | data/lseg/raw/00_START_HERE/LICENSE_NOTES.md:Zone.Identifier | data/lseg/raw/00_START_HERE/MANIFEST_SHA256.csv:Zone.Identifier | data/lseg/raw/00_START_HERE/MISSING_CH_DE_RECOVERY.md:Zone.Identifier | data/lseg/raw/00_START_HERE/MISSING_CH_DE_RICS.csv:Zone.Identifier | data/lseg/raw/00_START_HERE/PROJECT_OBJECTIVE.txt:Zone.Identifier | data/lseg/raw/00_START_HERE/README_FIRST.md:Zone.Identifier | data/lseg/raw/00_START_HERE/RIC_FAMILIES.csv:Zone.Identifier | data/lseg/raw/01_CORE_HISTORICAL/FR_NUCLEAR_PIT/EDF_NUCLEAR_OUTAGE_REVISIONS_PIT.csv:Zone.Identifier | data/lseg/raw/01_CORE_HISTORICAL/FR_NUCLEAR_PIT/EDF_NUCLEAR_PIT_DAILY_2021_2026.csv:Zone.Identifier | data/lseg/raw/01_CORE_HISTORICAL/FR_NUCLEAR_PIT/EDF_NUCLEAR_PIT_SUMMARY.txt:Zone.Identifier | data/lseg/raw/01_CORE_HISTORICAL/LSEG_DEMAND/IT_DEMAND_15M_ALL_7_ZONES_2025_2026.xlsx:Zone.Identifier | data/lseg/raw/01_CORE_HISTORICAL/LSEG_DEMAND/IT_DEMAND_HOURLY_2021_2025.xlsx:Zone.Identifier | data/lseg/raw/01_CORE_HISTORICAL/LSEG_PRICES/FR_DAY_AHEAD_HOURLY_AND_15M.xlsx:Zone.Identifier | data/lseg/raw/01_CORE_HISTORICAL/LSEG_PRICES/IT_DAY_AHEAD_HOURLY_AND_15M.xlsx:Zone.Identifier | data/lseg/raw/02_SOURCE_RAW/FR_NUCLEAR/EDF_OUTAGE_HISTORY_RAW.csv:Zone.Identifier | data/lseg/raw/02_SOURCE_RAW/FR_NUCLEAR/EDF_TRANSPARENCY_REMIT_MESSAGES_RAW.csv:Zone.Identifier | data/lseg/raw/03_CURRENT_RECENT_LSEG/COST_CURVES/cost_curves_2026910_21432.xlsx:Zone.Identifier | data/lseg/raw/03_CURRENT_RECENT_LSEG/COST_CURVES/cost_curves_2026910_21543.xlsx:Zone.Identifier | data/lseg/raw/03_CURRENT_RECENT_LSEG/COST_CURVES/cost_curves_2026910_2164.xlsx:Zone.Identifier | data/lseg/raw/03_CURRENT_RECENT_LSEG/RESIDUAL_LOAD/CWE_RESIDUAL_LOAD_REPORT.pdf:Zone.Identifier | data/lseg/raw/03_CURRENT_RECENT_LSEG/RESIDUAL_LOAD/DE_RESIDUAL_LOAD_CURRENT_RECENT.xls:Zone.Identifier | data/lseg/raw/03_CURRENT_RECENT_LSEG/RESIDUAL_LOAD/DE_RESIDUAL_LOAD_REPORT.pdf:Zone.Identifier | data/lseg/raw/03_CURRENT_RECENT_LSEG/RESIDUAL_LOAD/FR_IT_RESIDUAL_LOAD_EXPORT_A.xls:Zone.Identifier | data/lseg/raw/03_CURRENT_RECENT_LSEG/RESIDUAL_LOAD/FR_IT_RESIDUAL_LOAD_EXPORT_B.xls:Zone.Identifier | data/lseg/raw/03_CURRENT_RECENT_LSEG/SUPPLY_WIND_SOLAR/GB_EMBEDDED_SOLAR_REPORT.pdf:Zone.Identifier | data/lseg/raw/03_CURRENT_RECENT_LSEG/SUPPLY_WIND_SOLAR/GB_EMBEDDED_WIND_REPORT.pdf:Zone.Identifier | data/lseg/raw/03_CURRENT_RECENT_LSEG/SUPPLY_WIND_SOLAR/SUPPLY_WIND_REPORT.pdf:Zone.Identifier | data/lseg/raw/03_CURRENT_RECENT_LSEG/WEATHER/CLOUD_COVER_CH.xls:Zone.Identifier | data/lseg/raw/03_CURRENT_RECENT_LSEG/WEATHER/CLOUD_COVER_REPORT.pdf:Zone.Identifier | data/lseg/raw/03_CURRENT_RECENT_LSEG/WEATHER/ECMWF_CLUSTER_REPORT.pdf:Zone.Identifier | data/lseg/raw/03_CURRENT_RECENT_LSEG/WEATHER/NAO_AO_REPORT.pdf:Zone.Identifier | data/lseg/raw/03_CURRENT_RECENT_LSEG/WEATHER/PRECIPITATION_ALP_AREA_REPORT.pdf:Zone.Identifier | data/lseg/raw/03_CURRENT_RECENT_LSEG/WEATHER/PRECIPITATION_CH_EFFECTIVE.xls:Zone.Identifier | data/lseg/raw/03_CURRENT_RECENT_LSEG/WEATHER/TEMPERATURE_DE_FR_AT_CH_TABLE.xls:Zone.Identifier | data/lseg/raw/03_CURRENT_RECENT_LSEG/WEATHER/TEMPERATURE_IT_CHART.xls:Zone.Identifier | data/lseg/raw/03_CURRENT_RECENT_LSEG/WEATHER/TEMPERATURE_REPORT.pdf:Zone.Identifier | data/lseg/raw/04_CROSS_BORDER_REFERENCE/01_PRICE_FLOW_GRAPH_CHE_VISIBLE.png:Zone.Identifier | data/lseg/raw/04_CROSS_BORDER_REFERENCE/02_DEU_SELECTED_CONNECTIONS.png:Zone.Identifier | data/lseg/raw/04_CROSS_BORDER_REFERENCE/03_NET_IMPORT_GRAPH.png:Zone.Identifier | data/lseg/raw/04_CROSS_BORDER_REFERENCE/04_NET_IMPORT_CHE_SELECTED_00.png:Zone.Identifier | data/lseg/raw/04_CROSS_BORDER_REFERENCE/05_NET_IMPORT_CHE_SELECTED_12.png:Zone.Identifier | data/lseg/raw/04_CROSS_BORDER_REFERENCE/06_CAPACITY_DIRECTION_1_CHE_SELECTED.png:Zone.Identifier | data/lseg/raw/04_CROSS_BORDER_REFERENCE/07_CAPACITY_DIRECTION_2_CHE_SELECTED_A.png:Zone.Identifier | data/lseg/raw/04_CROSS_BORDER_REFERENCE/08_CAPACITY_DIRECTION_2_CHE_SELECTED_B.png:Zone.Identifier | data/lseg/raw/04_CROSS_BORDER_REFERENCE/09_CAPACITY_DIRECTION_2_CHE_SELECTED_C.png:Zone.Identifier | data/lseg/raw/04_CROSS_BORDER_REFERENCE/10_SCHEDULED_EXCHANGE_NET_IMPORT_GRAPH.png:Zone.Identifier | data/lseg/raw/04_CROSS_BORDER_REFERENCE/11_SCHEDULED_EXCHANGE_CHE_SELECTED.png:Zone.Identifier | data/lseg/raw/04_CROSS_BORDER_REFERENCE/FLOWS_GRAPH_REPORT.pdf:Zone.Identifier | data/lseg/raw/05_LSEG_REFERENCE_PDFS/DEMAND_CONSUMPTION_OVERVIEW.pdf:Zone.Identifier | data/lseg/raw/90_INTERMEDIATE/LSEG_PRICE_DEMAND/FR_15M_RAW.xls.xlsx:Zone.Identifier | data/lseg/raw/90_INTERMEDIATE/LSEG_PRICE_DEMAND/FR_DA_RAW.xlsx:Zone.Identifier | data/lseg/raw/90_INTERMEDIATE/LSEG_PRICE_DEMAND/IT_DA_RAW(1).xlsx:Zone.Identifier | data/lseg/raw/90_INTERMEDIATE/LSEG_PRICE_DEMAND/IT_DA_RAW(2).xlsx:Zone.Identifier | data/lseg/raw/90_INTERMEDIATE/LSEG_PRICE_DEMAND/IT_DA_RAW(3).xlsx:Zone.Identifier | data/lseg/raw/90_INTERMEDIATE/LSEG_PRICE_DEMAND/IT_DA_RAW.xlsx:Zone.Identifier | data/lseg/raw/90_INTERMEDIATE/LSEG_PRICE_DEMAND/IT_DEMAND_15M_ALL_ZONES_TEMPLATE.xlsx:Zone.Identifier | data/lseg/raw/90_INTERMEDIATE/LSEG_PRICE_DEMAND/IT_DEMAND_15M_NORTH.xlsx:Zone.Identifier | data/lseg/raw/90_INTERMEDIATE/LSEG_PRICE_DEMAND/Mappe1(1).xlsx:Zone.Identifier | data/lseg/raw/90_INTERMEDIATE/LSEG_PRICE_DEMAND/Mappe1(2).xlsx:Zone.Identifier | data/lseg/raw/90_INTERMEDIATE/LSEG_PRICE_DEMAND/Mappe1(3).xlsx:Zone.Identifier | data/lseg/raw/90_INTERMEDIATE/LSEG_PRICE_DEMAND/Mappe1(4).xlsx:Zone.Identifier | data/lseg/raw/90_INTERMEDIATE/LSEG_PRICE_DEMAND/Mappe1(5).xlsx:Zone.Identifier | data/lseg/raw/90_INTERMEDIATE/SCREENSHOTS/0a528483-087b-4a33-a2f3-ecdd62770a3a.png:Zone.Identifier | data/lseg/raw/90_INTERMEDIATE/SCREENSHOTS/1609bf25-22b3-4c50-817b-fa945dba6bfe.png:Zone.Identifier | data/lseg/raw/90_INTERMEDIATE/SCREENSHOTS/1d02b907-f21b-48aa-bff6-9bb501bffd31.png:Zone.Identifier | data/lseg/raw/90_INTERMEDIATE/SCREENSHOTS/2bf92681-8086-451b-ad79-2cf2aaa286bf.png:Zone.Identifier | data/lseg/raw/90_INTERMEDIATE/SCREENSHOTS/5048f972-71a5-4bbb-9ebf-495783170275.png:Zone.Identifier | data/lseg/raw/90_INTERMEDIATE/SCREENSHOTS/57688dd7-cfad-46f7-9d61-7173a480ab24.png:Zone.Identifier | data/lseg/raw/90_INTERMEDIATE/SCREENSHOTS/6a48aa3a-47d9-431b-a8d4-4b421a82f395.png:Zone.Identifier | data/lseg/raw/90_INTERMEDIATE/SCREENSHOTS/6b0bf7a6-4724-4c1c-98c7-10c623883a8b.png:Zone.Identifier | data/lseg/raw/90_INTERMEDIATE/SCREENSHOTS/7cdf8489-62e1-4566-9c92-ddde781dfc41.png:Zone.Identifier | data/lseg/raw/90_INTERMEDIATE/SCREENSHOTS/839b9904-b506-4600-a582-19546fc0d0dc.png:Zone.Identifier | data/lseg/raw/90_INTERMEDIATE/SCREENSHOTS/87b02fce-0b58-4ead-b793-267dd464b8ec.png:Zone.Identifier | data/lseg/raw/90_INTERMEDIATE/SCREENSHOTS/917dfe63-9fd2-4e78-89c4-b98dcf9f033f.png:Zone.Identifier | data/lseg/raw/90_INTERMEDIATE/SCREENSHOTS/990167dc-a3d5-4b22-acec-131b4e0f87c9.png:Zone.Identifier | data/lseg/raw/90_INTERMEDIATE/SCREENSHOTS/af6db8b3-1471-4a8e-9879-1e782574016e.png:Zone.Identifier | data/lseg/raw/90_INTERMEDIATE/SCREENSHOTS/b94c25b1-cacf-496f-802b-f74a6ec3c376.png:Zone.Identifier | data/lseg/raw/90_INTERMEDIATE/SCREENSHOTS/bc276a5b-6ae8-473b-abe3-2d17e33bcdd3.png:Zone.Identifier | data/lseg/raw/90_INTERMEDIATE/SCREENSHOTS/chart_100049390.embedded.png:Zone.Identifier | data/lseg/raw/90_INTERMEDIATE/SCREENSHOTS/chart_100127248.embedded.png:Zone.Identifier | data/lseg/raw/90_INTERMEDIATE/SCREENSHOTS/crop_che.png:Zone.Identifier | data/lseg/raw/90_INTERMEDIATE/SCREENSHOTS/de1ee218-60dc-4b11-b243-1f352c398785.png:Zone.Identifier | data/lseg/raw/99_UNCLASSIFIED_RETAINED/LSEG_DISCOVERY_RAW_NOTES.txt:Zone.Identifier | data/lseg/raw/99_UNCLASSIFIED_RETAINED/table_100016453.xls:Zone.Identifier | data/lseg/raw/CH_DA_RAW.xlsx:Zone.Identifier | data/lseg/raw/DE_DA_RAW.xlsx:Zone.Identifier | data/lseg/raw/EDF_NUCLEAR_OUTAGE_REVISIONS_PIT.csv:Zone.Identifier | data/lseg/raw/EDF_NUCLEAR_PIT_DAILY_2021_2026.csv:Zone.Identifier | data/lseg/raw/FR_15M_RAW.xlsx:Zone.Identifier | data/lseg/raw/FR_DA_RAW_COMBINED.xlsx:Zone.Identifier | data/lseg/raw/Historique des indispo des moyens de production - depuis 2015 - 07092026-full.csv:Zone.Identifier | data/lseg/raw/IT_DA_RAW (1).xlsx:Zone.Identifier | data/lseg/raw/IT_DA_RAW.xlsx:Zone.Identifier | data/lseg/raw/IT_DEMAND_15M_ALL_ZONES_TEMPLATE.xlsx:Zone.Identifier | data/lseg/raw/IT_DEMAND_15M_NORTH.xlsx:Zone.Identifier | data/lseg/raw/IT_DEMAND_HOURLY.xlsx:Zone.Identifier | data/lseg/raw/publications-transparence-et-remit-liste-des-messages-edf-sa.csv:Zone.Identifier,Windows download-origin sidecar; excluded from data analysis.
data/lseg/raw/03_CURRENT_RECENT_LSEG/WEATHER/ECMWF_CLUSTER_REPORT.pdf,ECMWF_CLUSTER_REPORT.pdf,pdf,reference_image_or_report,weather/regime forecast reference,weather/regime forecast reference,Europe/unknown,Not applicable/non-tabular or not safely extractable,Not applicable or not declared,Not safely extractable,Not determined from file metadata,Not determined,Forecast/reference context,Not safely extractable,Not safely extractable,Not safely extractable,75691,Not applicable/non-tabular,CURRENT_ONLY,REFERENCE_ONLY,,,Non-tabular artifact; no reliable row-level schema inferred.
data/lseg/raw/03_CURRENT_RECENT_LSEG/WEATHER/ECMWF_CLUSTER_REPORT.pdf:Zone.Identifier,ECMWF_CLUSTER_REPORT.pdf:Zone.Identifier,identifier,metadata_sidecar,ancillary file metadata,Zone.Identifier,UNKNOWN,Not applicable/non-tabular or not safely extractable,Not applicable or not declared,Not safely extractable,Not determined from file metadata,Not determined,Not determinable,Not safely extractable,Not safely extractable,Not safely extractable,25,Not applicable/non-tabular,UNKNOWN,None,,data/lseg/raw/00_START_HERE/ANONYMOUS_XLS_MAPPING.md:Zone.Identifier | data/lseg/raw/00_START_HERE/DATA_CATALOG.csv:Zone.Identifier | data/lseg/raw/00_START_HERE/EXTRACTION_STATUS_AND_GAPS.md:Zone.Identifier | data/lseg/raw/00_START_HERE/LICENSE_NOTES.md:Zone.Identifier | data/lseg/raw/00_START_HERE/MANIFEST_SHA256.csv:Zone.Identifier | data/lseg/raw/00_START_HERE/MISSING_CH_DE_RECOVERY.md:Zone.Identifier | data/lseg/raw/00_START_HERE/MISSING_CH_DE_RICS.csv:Zone.Identifier | data/lseg/raw/00_START_HERE/PROJECT_OBJECTIVE.txt:Zone.Identifier | data/lseg/raw/00_START_HERE/README_FIRST.md:Zone.Identifier | data/lseg/raw/00_START_HERE/RIC_FAMILIES.csv:Zone.Identifier | data/lseg/raw/01_CORE_HISTORICAL/FR_NUCLEAR_PIT/EDF_NUCLEAR_OUTAGE_REVISIONS_PIT.csv:Zone.Identifier | data/lseg/raw/01_CORE_HISTORICAL/FR_NUCLEAR_PIT/EDF_NUCLEAR_PIT_DAILY_2021_2026.csv:Zone.Identifier | data/lseg/raw/01_CORE_HISTORICAL/FR_NUCLEAR_PIT/EDF_NUCLEAR_PIT_SUMMARY.txt:Zone.Identifier | data/lseg/raw/01_CORE_HISTORICAL/LSEG_DEMAND/IT_DEMAND_15M_ALL_7_ZONES_2025_2026.xlsx:Zone.Identifier | data/lseg/raw/01_CORE_HISTORICAL/LSEG_DEMAND/IT_DEMAND_HOURLY_2021_2025.xlsx:Zone.Identifier | data/lseg/raw/01_CORE_HISTORICAL/LSEG_PRICES/FR_DAY_AHEAD_HOURLY_AND_15M.xlsx:Zone.Identifier | data/lseg/raw/01_CORE_HISTORICAL/LSEG_PRICES/IT_DAY_AHEAD_HOURLY_AND_15M.xlsx:Zone.Identifier | data/lseg/raw/02_SOURCE_RAW/FR_NUCLEAR/EDF_OUTAGE_HISTORY_RAW.csv:Zone.Identifier | data/lseg/raw/02_SOURCE_RAW/FR_NUCLEAR/EDF_TRANSPARENCY_REMIT_MESSAGES_RAW.csv:Zone.Identifier | data/lseg/raw/03_CURRENT_RECENT_LSEG/COST_CURVES/cost_curves_2026910_21432.xlsx:Zone.Identifier | data/lseg/raw/03_CURRENT_RECENT_LSEG/COST_CURVES/cost_curves_2026910_21543.xlsx:Zone.Identifier | data/lseg/raw/03_CURRENT_RECENT_LSEG/COST_CURVES/cost_curves_2026910_2164.xlsx:Zone.Identifier | data/lseg/raw/03_CURRENT_RECENT_LSEG/RESIDUAL_LOAD/CWE_RESIDUAL_LOAD_REPORT.pdf:Zone.Identifier | data/lseg/raw/03_CURRENT_RECENT_LSEG/RESIDUAL_LOAD/DE_RESIDUAL_LOAD_CURRENT_RECENT.xls:Zone.Identifier | data/lseg/raw/03_CURRENT_RECENT_LSEG/RESIDUAL_LOAD/DE_RESIDUAL_LOAD_REPORT.pdf:Zone.Identifier | data/lseg/raw/03_CURRENT_RECENT_LSEG/RESIDUAL_LOAD/FR_IT_RESIDUAL_LOAD_EXPORT_A.xls:Zone.Identifier | data/lseg/raw/03_CURRENT_RECENT_LSEG/RESIDUAL_LOAD/FR_IT_RESIDUAL_LOAD_EXPORT_B.xls:Zone.Identifier | data/lseg/raw/03_CURRENT_RECENT_LSEG/SUPPLY_WIND_SOLAR/GB_EMBEDDED_SOLAR_REPORT.pdf:Zone.Identifier | data/lseg/raw/03_CURRENT_RECENT_LSEG/SUPPLY_WIND_SOLAR/GB_EMBEDDED_WIND_REPORT.pdf:Zone.Identifier | data/lseg/raw/03_CURRENT_RECENT_LSEG/SUPPLY_WIND_SOLAR/SUPPLY_WIND_REPORT.pdf:Zone.Identifier | data/lseg/raw/03_CURRENT_RECENT_LSEG/WEATHER/CLOUD_COVER_CH.xls:Zone.Identifier | data/lseg/raw/03_CURRENT_RECENT_LSEG/WEATHER/CLOUD_COVER_REPORT.pdf:Zone.Identifier | data/lseg/raw/03_CURRENT_RECENT_LSEG/WEATHER/ECMWF_CLUSTER_REPORT.pdf:Zone.Identifier | data/lseg/raw/03_CURRENT_RECENT_LSEG/WEATHER/NAO_AO_REPORT.pdf:Zone.Identifier | data/lseg/raw/03_CURRENT_RECENT_LSEG/WEATHER/PRECIPITATION_ALP_AREA_REPORT.pdf:Zone.Identifier | data/lseg/raw/03_CURRENT_RECENT_LSEG/WEATHER/PRECIPITATION_CH_EFFECTIVE.xls:Zone.Identifier | data/lseg/raw/03_CURRENT_RECENT_LSEG/WEATHER/TEMPERATURE_DE_FR_AT_CH_TABLE.xls:Zone.Identifier | data/lseg/raw/03_CURRENT_RECENT_LSEG/WEATHER/TEMPERATURE_IT_CHART.xls:Zone.Identifier | data/lseg/raw/03_CURRENT_RECENT_LSEG/WEATHER/TEMPERATURE_REPORT.pdf:Zone.Identifier | data/lseg/raw/04_CROSS_BORDER_REFERENCE/01_PRICE_FLOW_GRAPH_CHE_VISIBLE.png:Zone.Identifier | data/lseg/raw/04_CROSS_BORDER_REFERENCE/02_DEU_SELECTED_CONNECTIONS.png:Zone.Identifier | data/lseg/raw/04_CROSS_BORDER_REFERENCE/03_NET_IMPORT_GRAPH.png:Zone.Identifier | data/lseg/raw/04_CROSS_BORDER_REFERENCE/04_NET_IMPORT_CHE_SELECTED_00.png:Zone.Identifier | data/lseg/raw/04_CROSS_BORDER_REFERENCE/05_NET_IMPORT_CHE_SELECTED_12.png:Zone.Identifier | data/lseg/raw/04_CROSS_BORDER_REFERENCE/06_CAPACITY_DIRECTION_1_CHE_SELECTED.png:Zone.Identifier | data/lseg/raw/04_CROSS_BORDER_REFERENCE/07_CAPACITY_DIRECTION_2_CHE_SELECTED_A.png:Zone.Identifier | data/lseg/raw/04_CROSS_BORDER_REFERENCE/08_CAPACITY_DIRECTION_2_CHE_SELECTED_B.png:Zone.Identifier | data/lseg/raw/04_CROSS_BORDER_REFERENCE/09_CAPACITY_DIRECTION_2_CHE_SELECTED_C.png:Zone.Identifier | data/lseg/raw/04_CROSS_BORDER_REFERENCE/10_SCHEDULED_EXCHANGE_NET_IMPORT_GRAPH.png:Zone.Identifier | data/lseg/raw/04_CROSS_BORDER_REFERENCE/11_SCHEDULED_EXCHANGE_CHE_SELECTED.png:Zone.Identifier | data/lseg/raw/04_CROSS_BORDER_REFERENCE/FLOWS_GRAPH_REPORT.pdf:Zone.Identifier | data/lseg/raw/05_LSEG_REFERENCE_PDFS/DEMAND_CONSUMPTION_OVERVIEW.pdf:Zone.Identifier | data/lseg/raw/90_INTERMEDIATE/LSEG_PRICE_DEMAND/FR_15M_RAW.xls.xlsx:Zone.Identifier | data/lseg/raw/90_INTERMEDIATE/LSEG_PRICE_DEMAND/FR_DA_RAW.xlsx:Zone.Identifier | data/lseg/raw/90_INTERMEDIATE/LSEG_PRICE_DEMAND/IT_DA_RAW(1).xlsx:Zone.Identifier | data/lseg/raw/90_INTERMEDIATE/LSEG_PRICE_DEMAND/IT_DA_RAW(2).xlsx:Zone.Identifier | data/lseg/raw/90_INTERMEDIATE/LSEG_PRICE_DEMAND/IT_DA_RAW(3).xlsx:Zone.Identifier | data/lseg/raw/90_INTERMEDIATE/LSEG_PRICE_DEMAND/IT_DA_RAW.xlsx:Zone.Identifier | data/lseg/raw/90_INTERMEDIATE/LSEG_PRICE_DEMAND/IT_DEMAND_15M_ALL_ZONES_TEMPLATE.xlsx:Zone.Identifier | data/lseg/raw/90_INTERMEDIATE/LSEG_PRICE_DEMAND/IT_DEMAND_15M_NORTH.xlsx:Zone.Identifier | data/lseg/raw/90_INTERMEDIATE/LSEG_PRICE_DEMAND/Mappe1(1).xlsx:Zone.Identifier | data/lseg/raw/90_INTERMEDIATE/LSEG_PRICE_DEMAND/Mappe1(2).xlsx:Zone.Identifier | data/lseg/raw/90_INTERMEDIATE/LSEG_PRICE_DEMAND/Mappe1(3).xlsx:Zone.Identifier | data/lseg/raw/90_INTERMEDIATE/LSEG_PRICE_DEMAND/Mappe1(4).xlsx:Zone.Identifier | data/lseg/raw/90_INTERMEDIATE/LSEG_PRICE_DEMAND/Mappe1(5).xlsx:Zone.Identifier | data/lseg/raw/90_INTERMEDIATE/SCREENSHOTS/0a528483-087b-4a33-a2f3-ecdd62770a3a.png:Zone.Identifier | data/lseg/raw/90_INTERMEDIATE/SCREENSHOTS/1609bf25-22b3-4c50-817b-fa945dba6bfe.png:Zone.Identifier | data/lseg/raw/90_INTERMEDIATE/SCREENSHOTS/1d02b907-f21b-48aa-bff6-9bb501bffd31.png:Zone.Identifier | data/lseg/raw/90_INTERMEDIATE/SCREENSHOTS/2bf92681-8086-451b-ad79-2cf2aaa286bf.png:Zone.Identifier | data/lseg/raw/90_INTERMEDIATE/SCREENSHOTS/5048f972-71a5-4bbb-9ebf-495783170275.png:Zone.Identifier | data/lseg/raw/90_INTERMEDIATE/SCREENSHOTS/57688dd7-cfad-46f7-9d61-7173a480ab24.png:Zone.Identifier | data/lseg/raw/90_INTERMEDIATE/SCREENSHOTS/6a48aa3a-47d9-431b-a8d4-4b421a82f395.png:Zone.Identifier | data/lseg/raw/90_INTERMEDIATE/SCREENSHOTS/6b0bf7a6-4724-4c1c-98c7-10c623883a8b.png:Zone.Identifier | data/lseg/raw/90_INTERMEDIATE/SCREENSHOTS/7cdf8489-62e1-4566-9c92-ddde781dfc41.png:Zone.Identifier | data/lseg/raw/90_INTERMEDIATE/SCREENSHOTS/839b9904-b506-4600-a582-19546fc0d0dc.png:Zone.Identifier | data/lseg/raw/90_INTERMEDIATE/SCREENSHOTS/87b02fce-0b58-4ead-b793-267dd464b8ec.png:Zone.Identifier | data/lseg/raw/90_INTERMEDIATE/SCREENSHOTS/917dfe63-9fd2-4e78-89c4-b98dcf9f033f.png:Zone.Identifier | data/lseg/raw/90_INTERMEDIATE/SCREENSHOTS/990167dc-a3d5-4b22-acec-131b4e0f87c9.png:Zone.Identifier | data/lseg/raw/90_INTERMEDIATE/SCREENSHOTS/af6db8b3-1471-4a8e-9879-1e782574016e.png:Zone.Identifier | data/lseg/raw/90_INTERMEDIATE/SCREENSHOTS/b94c25b1-cacf-496f-802b-f74a6ec3c376.png:Zone.Identifier | data/lseg/raw/90_INTERMEDIATE/SCREENSHOTS/bc276a5b-6ae8-473b-abe3-2d17e33bcdd3.png:Zone.Identifier | data/lseg/raw/90_INTERMEDIATE/SCREENSHOTS/chart_100049390.embedded.png:Zone.Identifier | data/lseg/raw/90_INTERMEDIATE/SCREENSHOTS/chart_100127248.embedded.png:Zone.Identifier | data/lseg/raw/90_INTERMEDIATE/SCREENSHOTS/crop_che.png:Zone.Identifier | data/lseg/raw/90_INTERMEDIATE/SCREENSHOTS/de1ee218-60dc-4b11-b243-1f352c398785.png:Zone.Identifier | data/lseg/raw/99_UNCLASSIFIED_RETAINED/LSEG_DISCOVERY_RAW_NOTES.txt:Zone.Identifier | data/lseg/raw/99_UNCLASSIFIED_RETAINED/table_100016453.xls:Zone.Identifier | data/lseg/raw/CH_DA_RAW.xlsx:Zone.Identifier | data/lseg/raw/DE_DA_RAW.xlsx:Zone.Identifier | data/lseg/raw/EDF_NUCLEAR_OUTAGE_REVISIONS_PIT.csv:Zone.Identifier | data/lseg/raw/EDF_NUCLEAR_PIT_DAILY_2021_2026.csv:Zone.Identifier | data/lseg/raw/FR_15M_RAW.xlsx:Zone.Identifier | data/lseg/raw/FR_DA_RAW_COMBINED.xlsx:Zone.Identifier | data/lseg/raw/Historique des indispo des moyens de production - depuis 2015 - 07092026-full.csv:Zone.Identifier | data/lseg/raw/IT_DA_RAW (1).xlsx:Zone.Identifier | data/lseg/raw/IT_DA_RAW.xlsx:Zone.Identifier | data/lseg/raw/IT_DEMAND_15M_ALL_ZONES_TEMPLATE.xlsx:Zone.Identifier | data/lseg/raw/IT_DEMAND_15M_NORTH.xlsx:Zone.Identifier | data/lseg/raw/IT_DEMAND_HOURLY.xlsx:Zone.Identifier | data/lseg/raw/publications-transparence-et-remit-liste-des-messages-edf-sa.csv:Zone.Identifier,Windows download-origin sidecar; excluded from data analysis.
data/lseg/raw/03_CURRENT_RECENT_LSEG/WEATHER/NAO_AO_REPORT.pdf,NAO_AO_REPORT.pdf,pdf,reference_image_or_report,weather/regime forecast reference,weather/regime forecast reference,Europe/unknown,Not applicable/non-tabular or not safely extractable,Not applicable or not declared,Not safely extractable,Not determined from file metadata,Not determined,Forecast/reference context,Not safely extractable,Not safely extractable,Not safely extractable,213209,Not applicable/non-tabular,CURRENT_ONLY,REFERENCE_ONLY,,,Non-tabular artifact; no reliable row-level schema inferred.
data/lseg/raw/03_CURRENT_RECENT_LSEG/WEATHER/NAO_AO_REPORT.pdf:Zone.Identifier,NAO_AO_REPORT.pdf:Zone.Identifier,identifier,metadata_sidecar,ancillary file metadata,Zone.Identifier,UNKNOWN,Not applicable/non-tabular or not safely extractable,Not applicable or not declared,Not safely extractable,Not determined from file metadata,Not determined,Not determinable,Not safely extractable,Not safely extractable,Not safely extractable,25,Not applicable/non-tabular,UNKNOWN,None,,data/lseg/raw/00_START_HERE/ANONYMOUS_XLS_MAPPING.md:Zone.Identifier | data/lseg/raw/00_START_HERE/DATA_CATALOG.csv:Zone.Identifier | data/lseg/raw/00_START_HERE/EXTRACTION_STATUS_AND_GAPS.md:Zone.Identifier | data/lseg/raw/00_START_HERE/LICENSE_NOTES.md:Zone.Identifier | data/lseg/raw/00_START_HERE/MANIFEST_SHA256.csv:Zone.Identifier | data/lseg/raw/00_START_HERE/MISSING_CH_DE_RECOVERY.md:Zone.Identifier | data/lseg/raw/00_START_HERE/MISSING_CH_DE_RICS.csv:Zone.Identifier | data/lseg/raw/00_START_HERE/PROJECT_OBJECTIVE.txt:Zone.Identifier | data/lseg/raw/00_START_HERE/README_FIRST.md:Zone.Identifier | data/lseg/raw/00_START_HERE/RIC_FAMILIES.csv:Zone.Identifier | data/lseg/raw/01_CORE_HISTORICAL/FR_NUCLEAR_PIT/EDF_NUCLEAR_OUTAGE_REVISIONS_PIT.csv:Zone.Identifier | data/lseg/raw/01_CORE_HISTORICAL/FR_NUCLEAR_PIT/EDF_NUCLEAR_PIT_DAILY_2021_2026.csv:Zone.Identifier | data/lseg/raw/01_CORE_HISTORICAL/FR_NUCLEAR_PIT/EDF_NUCLEAR_PIT_SUMMARY.txt:Zone.Identifier | data/lseg/raw/01_CORE_HISTORICAL/LSEG_DEMAND/IT_DEMAND_15M_ALL_7_ZONES_2025_2026.xlsx:Zone.Identifier | data/lseg/raw/01_CORE_HISTORICAL/LSEG_DEMAND/IT_DEMAND_HOURLY_2021_2025.xlsx:Zone.Identifier | data/lseg/raw/01_CORE_HISTORICAL/LSEG_PRICES/FR_DAY_AHEAD_HOURLY_AND_15M.xlsx:Zone.Identifier | data/lseg/raw/01_CORE_HISTORICAL/LSEG_PRICES/IT_DAY_AHEAD_HOURLY_AND_15M.xlsx:Zone.Identifier | data/lseg/raw/02_SOURCE_RAW/FR_NUCLEAR/EDF_OUTAGE_HISTORY_RAW.csv:Zone.Identifier | data/lseg/raw/02_SOURCE_RAW/FR_NUCLEAR/EDF_TRANSPARENCY_REMIT_MESSAGES_RAW.csv:Zone.Identifier | data/lseg/raw/03_CURRENT_RECENT_LSEG/COST_CURVES/cost_curves_2026910_21432.xlsx:Zone.Identifier | data/lseg/raw/03_CURRENT_RECENT_LSEG/COST_CURVES/cost_curves_2026910_21543.xlsx:Zone.Identifier | data/lseg/raw/03_CURRENT_RECENT_LSEG/COST_CURVES/cost_curves_2026910_2164.xlsx:Zone.Identifier | data/lseg/raw/03_CURRENT_RECENT_LSEG/RESIDUAL_LOAD/CWE_RESIDUAL_LOAD_REPORT.pdf:Zone.Identifier | data/lseg/raw/03_CURRENT_RECENT_LSEG/RESIDUAL_LOAD/DE_RESIDUAL_LOAD_CURRENT_RECENT.xls:Zone.Identifier | data/lseg/raw/03_CURRENT_RECENT_LSEG/RESIDUAL_LOAD/DE_RESIDUAL_LOAD_REPORT.pdf:Zone.Identifier | data/lseg/raw/03_CURRENT_RECENT_LSEG/RESIDUAL_LOAD/FR_IT_RESIDUAL_LOAD_EXPORT_A.xls:Zone.Identifier | data/lseg/raw/03_CURRENT_RECENT_LSEG/RESIDUAL_LOAD/FR_IT_RESIDUAL_LOAD_EXPORT_B.xls:Zone.Identifier | data/lseg/raw/03_CURRENT_RECENT_LSEG/SUPPLY_WIND_SOLAR/GB_EMBEDDED_SOLAR_REPORT.pdf:Zone.Identifier | data/lseg/raw/03_CURRENT_RECENT_LSEG/SUPPLY_WIND_SOLAR/GB_EMBEDDED_WIND_REPORT.pdf:Zone.Identifier | data/lseg/raw/03_CURRENT_RECENT_LSEG/SUPPLY_WIND_SOLAR/SUPPLY_WIND_REPORT.pdf:Zone.Identifier | data/lseg/raw/03_CURRENT_RECENT_LSEG/WEATHER/CLOUD_COVER_CH.xls:Zone.Identifier | data/lseg/raw/03_CURRENT_RECENT_LSEG/WEATHER/CLOUD_COVER_REPORT.pdf:Zone.Identifier | data/lseg/raw/03_CURRENT_RECENT_LSEG/WEATHER/ECMWF_CLUSTER_REPORT.pdf:Zone.Identifier | data/lseg/raw/03_CURRENT_RECENT_LSEG/WEATHER/NAO_AO_REPORT.pdf:Zone.Identifier | data/lseg/raw/03_CURRENT_RECENT_LSEG/WEATHER/PRECIPITATION_ALP_AREA_REPORT.pdf:Zone.Identifier | data/lseg/raw/03_CURRENT_RECENT_LSEG/WEATHER/PRECIPITATION_CH_EFFECTIVE.xls:Zone.Identifier | data/lseg/raw/03_CURRENT_RECENT_LSEG/WEATHER/TEMPERATURE_DE_FR_AT_CH_TABLE.xls:Zone.Identifier | data/lseg/raw/03_CURRENT_RECENT_LSEG/WEATHER/TEMPERATURE_IT_CHART.xls:Zone.Identifier | data/lseg/raw/03_CURRENT_RECENT_LSEG/WEATHER/TEMPERATURE_REPORT.pdf:Zone.Identifier | data/lseg/raw/04_CROSS_BORDER_REFERENCE/01_PRICE_FLOW_GRAPH_CHE_VISIBLE.png:Zone.Identifier | data/lseg/raw/04_CROSS_BORDER_REFERENCE/02_DEU_SELECTED_CONNECTIONS.png:Zone.Identifier | data/lseg/raw/04_CROSS_BORDER_REFERENCE/03_NET_IMPORT_GRAPH.png:Zone.Identifier | data/lseg/raw/04_CROSS_BORDER_REFERENCE/04_NET_IMPORT_CHE_SELECTED_00.png:Zone.Identifier | data/lseg/raw/04_CROSS_BORDER_REFERENCE/05_NET_IMPORT_CHE_SELECTED_12.png:Zone.Identifier | data/lseg/raw/04_CROSS_BORDER_REFERENCE/06_CAPACITY_DIRECTION_1_CHE_SELECTED.png:Zone.Identifier | data/lseg/raw/04_CROSS_BORDER_REFERENCE/07_CAPACITY_DIRECTION_2_CHE_SELECTED_A.png:Zone.Identifier | data/lseg/raw/04_CROSS_BORDER_REFERENCE/08_CAPACITY_DIRECTION_2_CHE_SELECTED_B.png:Zone.Identifier | data/lseg/raw/04_CROSS_BORDER_REFERENCE/09_CAPACITY_DIRECTION_2_CHE_SELECTED_C.png:Zone.Identifier | data/lseg/raw/04_CROSS_BORDER_REFERENCE/10_SCHEDULED_EXCHANGE_NET_IMPORT_GRAPH.png:Zone.Identifier | data/lseg/raw/04_CROSS_BORDER_REFERENCE/11_SCHEDULED_EXCHANGE_CHE_SELECTED.png:Zone.Identifier | data/lseg/raw/04_CROSS_BORDER_REFERENCE/FLOWS_GRAPH_REPORT.pdf:Zone.Identifier | data/lseg/raw/05_LSEG_REFERENCE_PDFS/DEMAND_CONSUMPTION_OVERVIEW.pdf:Zone.Identifier | data/lseg/raw/90_INTERMEDIATE/LSEG_PRICE_DEMAND/FR_15M_RAW.xls.xlsx:Zone.Identifier | data/lseg/raw/90_INTERMEDIATE/LSEG_PRICE_DEMAND/FR_DA_RAW.xlsx:Zone.Identifier | data/lseg/raw/90_INTERMEDIATE/LSEG_PRICE_DEMAND/IT_DA_RAW(1).xlsx:Zone.Identifier | data/lseg/raw/90_INTERMEDIATE/LSEG_PRICE_DEMAND/IT_DA_RAW(2).xlsx:Zone.Identifier | data/lseg/raw/90_INTERMEDIATE/LSEG_PRICE_DEMAND/IT_DA_RAW(3).xlsx:Zone.Identifier | data/lseg/raw/90_INTERMEDIATE/LSEG_PRICE_DEMAND/IT_DA_RAW.xlsx:Zone.Identifier | data/lseg/raw/90_INTERMEDIATE/LSEG_PRICE_DEMAND/IT_DEMAND_15M_ALL_ZONES_TEMPLATE.xlsx:Zone.Identifier | data/lseg/raw/90_INTERMEDIATE/LSEG_PRICE_DEMAND/IT_DEMAND_15M_NORTH.xlsx:Zone.Identifier | data/lseg/raw/90_INTERMEDIATE/LSEG_PRICE_DEMAND/Mappe1(1).xlsx:Zone.Identifier | data/lseg/raw/90_INTERMEDIATE/LSEG_PRICE_DEMAND/Mappe1(2).xlsx:Zone.Identifier | data/lseg/raw/90_INTERMEDIATE/LSEG_PRICE_DEMAND/Mappe1(3).xlsx:Zone.Identifier | data/lseg/raw/90_INTERMEDIATE/LSEG_PRICE_DEMAND/Mappe1(4).xlsx:Zone.Identifier | data/lseg/raw/90_INTERMEDIATE/LSEG_PRICE_DEMAND/Mappe1(5).xlsx:Zone.Identifier | data/lseg/raw/90_INTERMEDIATE/SCREENSHOTS/0a528483-087b-4a33-a2f3-ecdd62770a3a.png:Zone.Identifier | data/lseg/raw/90_INTERMEDIATE/SCREENSHOTS/1609bf25-22b3-4c50-817b-fa945dba6bfe.png:Zone.Identifier | data/lseg/raw/90_INTERMEDIATE/SCREENSHOTS/1d02b907-f21b-48aa-bff6-9bb501bffd31.png:Zone.Identifier | data/lseg/raw/90_INTERMEDIATE/SCREENSHOTS/2bf92681-8086-451b-ad79-2cf2aaa286bf.png:Zone.Identifier | data/lseg/raw/90_INTERMEDIATE/SCREENSHOTS/5048f972-71a5-4bbb-9ebf-495783170275.png:Zone.Identifier | data/lseg/raw/90_INTERMEDIATE/SCREENSHOTS/57688dd7-cfad-46f7-9d61-7173a480ab24.png:Zone.Identifier | data/lseg/raw/90_INTERMEDIATE/SCREENSHOTS/6a48aa3a-47d9-431b-a8d4-4b421a82f395.png:Zone.Identifier | data/lseg/raw/90_INTERMEDIATE/SCREENSHOTS/6b0bf7a6-4724-4c1c-98c7-10c623883a8b.png:Zone.Identifier | data/lseg/raw/90_INTERMEDIATE/SCREENSHOTS/7cdf8489-62e1-4566-9c92-ddde781dfc41.png:Zone.Identifier | data/lseg/raw/90_INTERMEDIATE/SCREENSHOTS/839b9904-b506-4600-a582-19546fc0d0dc.png:Zone.Identifier | data/lseg/raw/90_INTERMEDIATE/SCREENSHOTS/87b02fce-0b58-4ead-b793-267dd464b8ec.png:Zone.Identifier | data/lseg/raw/90_INTERMEDIATE/SCREENSHOTS/917dfe63-9fd2-4e78-89c4-b98dcf9f033f.png:Zone.Identifier | data/lseg/raw/90_INTERMEDIATE/SCREENSHOTS/990167dc-a3d5-4b22-acec-131b4e0f87c9.png:Zone.Identifier | data/lseg/raw/90_INTERMEDIATE/SCREENSHOTS/af6db8b3-1471-4a8e-9879-1e782574016e.png:Zone.Identifier | data/lseg/raw/90_INTERMEDIATE/SCREENSHOTS/b94c25b1-cacf-496f-802b-f74a6ec3c376.png:Zone.Identifier | data/lseg/raw/90_INTERMEDIATE/SCREENSHOTS/bc276a5b-6ae8-473b-abe3-2d17e33bcdd3.png:Zone.Identifier | data/lseg/raw/90_INTERMEDIATE/SCREENSHOTS/chart_100049390.embedded.png:Zone.Identifier | data/lseg/raw/90_INTERMEDIATE/SCREENSHOTS/chart_100127248.embedded.png:Zone.Identifier | data/lseg/raw/90_INTERMEDIATE/SCREENSHOTS/crop_che.png:Zone.Identifier | data/lseg/raw/90_INTERMEDIATE/SCREENSHOTS/de1ee218-60dc-4b11-b243-1f352c398785.png:Zone.Identifier | data/lseg/raw/99_UNCLASSIFIED_RETAINED/LSEG_DISCOVERY_RAW_NOTES.txt:Zone.Identifier | data/lseg/raw/99_UNCLASSIFIED_RETAINED/table_100016453.xls:Zone.Identifier | data/lseg/raw/CH_DA_RAW.xlsx:Zone.Identifier | data/lseg/raw/DE_DA_RAW.xlsx:Zone.Identifier | data/lseg/raw/EDF_NUCLEAR_OUTAGE_REVISIONS_PIT.csv:Zone.Identifier | data/lseg/raw/EDF_NUCLEAR_PIT_DAILY_2021_2026.csv:Zone.Identifier | data/lseg/raw/FR_15M_RAW.xlsx:Zone.Identifier | data/lseg/raw/FR_DA_RAW_COMBINED.xlsx:Zone.Identifier | data/lseg/raw/Historique des indispo des moyens de production - depuis 2015 - 07092026-full.csv:Zone.Identifier | data/lseg/raw/IT_DA_RAW (1).xlsx:Zone.Identifier | data/lseg/raw/IT_DA_RAW.xlsx:Zone.Identifier | data/lseg/raw/IT_DEMAND_15M_ALL_ZONES_TEMPLATE.xlsx:Zone.Identifier | data/lseg/raw/IT_DEMAND_15M_NORTH.xlsx:Zone.Identifier | data/lseg/raw/IT_DEMAND_HOURLY.xlsx:Zone.Identifier | data/lseg/raw/publications-transparence-et-remit-liste-des-messages-edf-sa.csv:Zone.Identifier,Windows download-origin sidecar; excluded from data analysis.
data/lseg/raw/03_CURRENT_RECENT_LSEG/WEATHER/PRECIPITATION_ALP_AREA_REPORT.pdf,PRECIPITATION_ALP_AREA_REPORT.pdf,pdf,reference_image_or_report,weather/regime forecast reference,weather/regime forecast reference,Europe/unknown,Not applicable/non-tabular or not safely extractable,Not applicable or not declared,Not safely extractable,Not determined from file metadata,Not determined,Forecast/reference context,Not safely extractable,Not safely extractable,Not safely extractable,630979,Not applicable/non-tabular,CURRENT_ONLY,REFERENCE_ONLY,,,Non-tabular artifact; no reliable row-level schema inferred.
data/lseg/raw/03_CURRENT_RECENT_LSEG/WEATHER/PRECIPITATION_ALP_AREA_REPORT.pdf:Zone.Identifier,PRECIPITATION_ALP_AREA_REPORT.pdf:Zone.Identifier,identifier,metadata_sidecar,ancillary file metadata,Zone.Identifier,UNKNOWN,Not applicable/non-tabular or not safely extractable,Not applicable or not declared,Not safely extractable,Not determined from file metadata,Not determined,Not determinable,Not safely extractable,Not safely extractable,Not safely extractable,25,Not applicable/non-tabular,UNKNOWN,None,,data/lseg/raw/00_START_HERE/ANONYMOUS_XLS_MAPPING.md:Zone.Identifier | data/lseg/raw/00_START_HERE/DATA_CATALOG.csv:Zone.Identifier | data/lseg/raw/00_START_HERE/EXTRACTION_STATUS_AND_GAPS.md:Zone.Identifier | data/lseg/raw/00_START_HERE/LICENSE_NOTES.md:Zone.Identifier | data/lseg/raw/00_START_HERE/MANIFEST_SHA256.csv:Zone.Identifier | data/lseg/raw/00_START_HERE/MISSING_CH_DE_RECOVERY.md:Zone.Identifier | data/lseg/raw/00_START_HERE/MISSING_CH_DE_RICS.csv:Zone.Identifier | data/lseg/raw/00_START_HERE/PROJECT_OBJECTIVE.txt:Zone.Identifier | data/lseg/raw/00_START_HERE/README_FIRST.md:Zone.Identifier | data/lseg/raw/00_START_HERE/RIC_FAMILIES.csv:Zone.Identifier | data/lseg/raw/01_CORE_HISTORICAL/FR_NUCLEAR_PIT/EDF_NUCLEAR_OUTAGE_REVISIONS_PIT.csv:Zone.Identifier | data/lseg/raw/01_CORE_HISTORICAL/FR_NUCLEAR_PIT/EDF_NUCLEAR_PIT_DAILY_2021_2026.csv:Zone.Identifier | data/lseg/raw/01_CORE_HISTORICAL/FR_NUCLEAR_PIT/EDF_NUCLEAR_PIT_SUMMARY.txt:Zone.Identifier | data/lseg/raw/01_CORE_HISTORICAL/LSEG_DEMAND/IT_DEMAND_15M_ALL_7_ZONES_2025_2026.xlsx:Zone.Identifier | data/lseg/raw/01_CORE_HISTORICAL/LSEG_DEMAND/IT_DEMAND_HOURLY_2021_2025.xlsx:Zone.Identifier | data/lseg/raw/01_CORE_HISTORICAL/LSEG_PRICES/FR_DAY_AHEAD_HOURLY_AND_15M.xlsx:Zone.Identifier | data/lseg/raw/01_CORE_HISTORICAL/LSEG_PRICES/IT_DAY_AHEAD_HOURLY_AND_15M.xlsx:Zone.Identifier | data/lseg/raw/02_SOURCE_RAW/FR_NUCLEAR/EDF_OUTAGE_HISTORY_RAW.csv:Zone.Identifier | data/lseg/raw/02_SOURCE_RAW/FR_NUCLEAR/EDF_TRANSPARENCY_REMIT_MESSAGES_RAW.csv:Zone.Identifier | data/lseg/raw/03_CURRENT_RECENT_LSEG/COST_CURVES/cost_curves_2026910_21432.xlsx:Zone.Identifier | data/lseg/raw/03_CURRENT_RECENT_LSEG/COST_CURVES/cost_curves_2026910_21543.xlsx:Zone.Identifier | data/lseg/raw/03_CURRENT_RECENT_LSEG/COST_CURVES/cost_curves_2026910_2164.xlsx:Zone.Identifier | data/lseg/raw/03_CURRENT_RECENT_LSEG/RESIDUAL_LOAD/CWE_RESIDUAL_LOAD_REPORT.pdf:Zone.Identifier | data/lseg/raw/03_CURRENT_RECENT_LSEG/RESIDUAL_LOAD/DE_RESIDUAL_LOAD_CURRENT_RECENT.xls:Zone.Identifier | data/lseg/raw/03_CURRENT_RECENT_LSEG/RESIDUAL_LOAD/DE_RESIDUAL_LOAD_REPORT.pdf:Zone.Identifier | data/lseg/raw/03_CURRENT_RECENT_LSEG/RESIDUAL_LOAD/FR_IT_RESIDUAL_LOAD_EXPORT_A.xls:Zone.Identifier | data/lseg/raw/03_CURRENT_RECENT_LSEG/RESIDUAL_LOAD/FR_IT_RESIDUAL_LOAD_EXPORT_B.xls:Zone.Identifier | data/lseg/raw/03_CURRENT_RECENT_LSEG/SUPPLY_WIND_SOLAR/GB_EMBEDDED_SOLAR_REPORT.pdf:Zone.Identifier | data/lseg/raw/03_CURRENT_RECENT_LSEG/SUPPLY_WIND_SOLAR/GB_EMBEDDED_WIND_REPORT.pdf:Zone.Identifier | data/lseg/raw/03_CURRENT_RECENT_LSEG/SUPPLY_WIND_SOLAR/SUPPLY_WIND_REPORT.pdf:Zone.Identifier | data/lseg/raw/03_CURRENT_RECENT_LSEG/WEATHER/CLOUD_COVER_CH.xls:Zone.Identifier | data/lseg/raw/03_CURRENT_RECENT_LSEG/WEATHER/CLOUD_COVER_REPORT.pdf:Zone.Identifier | data/lseg/raw/03_CURRENT_RECENT_LSEG/WEATHER/ECMWF_CLUSTER_REPORT.pdf:Zone.Identifier | data/lseg/raw/03_CURRENT_RECENT_LSEG/WEATHER/NAO_AO_REPORT.pdf:Zone.Identifier | data/lseg/raw/03_CURRENT_RECENT_LSEG/WEATHER/PRECIPITATION_ALP_AREA_REPORT.pdf:Zone.Identifier | data/lseg/raw/03_CURRENT_RECENT_LSEG/WEATHER/PRECIPITATION_CH_EFFECTIVE.xls:Zone.Identifier | data/lseg/raw/03_CURRENT_RECENT_LSEG/WEATHER/TEMPERATURE_DE_FR_AT_CH_TABLE.xls:Zone.Identifier | data/lseg/raw/03_CURRENT_RECENT_LSEG/WEATHER/TEMPERATURE_IT_CHART.xls:Zone.Identifier | data/lseg/raw/03_CURRENT_RECENT_LSEG/WEATHER/TEMPERATURE_REPORT.pdf:Zone.Identifier | data/lseg/raw/04_CROSS_BORDER_REFERENCE/01_PRICE_FLOW_GRAPH_CHE_VISIBLE.png:Zone.Identifier | data/lseg/raw/04_CROSS_BORDER_REFERENCE/02_DEU_SELECTED_CONNECTIONS.png:Zone.Identifier | data/lseg/raw/04_CROSS_BORDER_REFERENCE/03_NET_IMPORT_GRAPH.png:Zone.Identifier | data/lseg/raw/04_CROSS_BORDER_REFERENCE/04_NET_IMPORT_CHE_SELECTED_00.png:Zone.Identifier | data/lseg/raw/04_CROSS_BORDER_REFERENCE/05_NET_IMPORT_CHE_SELECTED_12.png:Zone.Identifier | data/lseg/raw/04_CROSS_BORDER_REFERENCE/06_CAPACITY_DIRECTION_1_CHE_SELECTED.png:Zone.Identifier | data/lseg/raw/04_CROSS_BORDER_REFERENCE/07_CAPACITY_DIRECTION_2_CHE_SELECTED_A.png:Zone.Identifier | data/lseg/raw/04_CROSS_BORDER_REFERENCE/08_CAPACITY_DIRECTION_2_CHE_SELECTED_B.png:Zone.Identifier | data/lseg/raw/04_CROSS_BORDER_REFERENCE/09_CAPACITY_DIRECTION_2_CHE_SELECTED_C.png:Zone.Identifier | data/lseg/raw/04_CROSS_BORDER_REFERENCE/10_SCHEDULED_EXCHANGE_NET_IMPORT_GRAPH.png:Zone.Identifier | data/lseg/raw/04_CROSS_BORDER_REFERENCE/11_SCHEDULED_EXCHANGE_CHE_SELECTED.png:Zone.Identifier | data/lseg/raw/04_CROSS_BORDER_REFERENCE/FLOWS_GRAPH_REPORT.pdf:Zone.Identifier | data/lseg/raw/05_LSEG_REFERENCE_PDFS/DEMAND_CONSUMPTION_OVERVIEW.pdf:Zone.Identifier | data/lseg/raw/90_INTERMEDIATE/LSEG_PRICE_DEMAND/FR_15M_RAW.xls.xlsx:Zone.Identifier | data/lseg/raw/90_INTERMEDIATE/LSEG_PRICE_DEMAND/FR_DA_RAW.xlsx:Zone.Identifier | data/lseg/raw/90_INTERMEDIATE/LSEG_PRICE_DEMAND/IT_DA_RAW(1).xlsx:Zone.Identifier | data/lseg/raw/90_INTERMEDIATE/LSEG_PRICE_DEMAND/IT_DA_RAW(2).xlsx:Zone.Identifier | data/lseg/raw/90_INTERMEDIATE/LSEG_PRICE_DEMAND/IT_DA_RAW(3).xlsx:Zone.Identifier | data/lseg/raw/90_INTERMEDIATE/LSEG_PRICE_DEMAND/IT_DA_RAW.xlsx:Zone.Identifier | data/lseg/raw/90_INTERMEDIATE/LSEG_PRICE_DEMAND/IT_DEMAND_15M_ALL_ZONES_TEMPLATE.xlsx:Zone.Identifier | data/lseg/raw/90_INTERMEDIATE/LSEG_PRICE_DEMAND/IT_DEMAND_15M_NORTH.xlsx:Zone.Identifier | data/lseg/raw/90_INTERMEDIATE/LSEG_PRICE_DEMAND/Mappe1(1).xlsx:Zone.Identifier | data/lseg/raw/90_INTERMEDIATE/LSEG_PRICE_DEMAND/Mappe1(2).xlsx:Zone.Identifier | data/lseg/raw/90_INTERMEDIATE/LSEG_PRICE_DEMAND/Mappe1(3).xlsx:Zone.Identifier | data/lseg/raw/90_INTERMEDIATE/LSEG_PRICE_DEMAND/Mappe1(4).xlsx:Zone.Identifier | data/lseg/raw/90_INTERMEDIATE/LSEG_PRICE_DEMAND/Mappe1(5).xlsx:Zone.Identifier | data/lseg/raw/90_INTERMEDIATE/SCREENSHOTS/0a528483-087b-4a33-a2f3-ecdd62770a3a.png:Zone.Identifier | data/lseg/raw/90_INTERMEDIATE/SCREENSHOTS/1609bf25-22b3-4c50-817b-fa945dba6bfe.png:Zone.Identifier | data/lseg/raw/90_INTERMEDIATE/SCREENSHOTS/1d02b907-f21b-48aa-bff6-9bb501bffd31.png:Zone.Identifier | data/lseg/raw/90_INTERMEDIATE/SCREENSHOTS/2bf92681-8086-451b-ad79-2cf2aaa286bf.png:Zone.Identifier | data/lseg/raw/90_INTERMEDIATE/SCREENSHOTS/5048f972-71a5-4bbb-9ebf-495783170275.png:Zone.Identifier | data/lseg/raw/90_INTERMEDIATE/SCREENSHOTS/57688dd7-cfad-46f7-9d61-7173a480ab24.png:Zone.Identifier | data/lseg/raw/90_INTERMEDIATE/SCREENSHOTS/6a48aa3a-47d9-431b-a8d4-4b421a82f395.png:Zone.Identifier | data/lseg/raw/90_INTERMEDIATE/SCREENSHOTS/6b0bf7a6-4724-4c1c-98c7-10c623883a8b.png:Zone.Identifier | data/lseg/raw/90_INTERMEDIATE/SCREENSHOTS/7cdf8489-62e1-4566-9c92-ddde781dfc41.png:Zone.Identifier | data/lseg/raw/90_INTERMEDIATE/SCREENSHOTS/839b9904-b506-4600-a582-19546fc0d0dc.png:Zone.Identifier | data/lseg/raw/90_INTERMEDIATE/SCREENSHOTS/87b02fce-0b58-4ead-b793-267dd464b8ec.png:Zone.Identifier | data/lseg/raw/90_INTERMEDIATE/SCREENSHOTS/917dfe63-9fd2-4e78-89c4-b98dcf9f033f.png:Zone.Identifier | data/lseg/raw/90_INTERMEDIATE/SCREENSHOTS/990167dc-a3d5-4b22-acec-131b4e0f87c9.png:Zone.Identifier | data/lseg/raw/90_INTERMEDIATE/SCREENSHOTS/af6db8b3-1471-4a8e-9879-1e782574016e.png:Zone.Identifier | data/lseg/raw/90_INTERMEDIATE/SCREENSHOTS/b94c25b1-cacf-496f-802b-f74a6ec3c376.png:Zone.Identifier | data/lseg/raw/90_INTERMEDIATE/SCREENSHOTS/bc276a5b-6ae8-473b-abe3-2d17e33bcdd3.png:Zone.Identifier | data/lseg/raw/90_INTERMEDIATE/SCREENSHOTS/chart_100049390.embedded.png:Zone.Identifier | data/lseg/raw/90_INTERMEDIATE/SCREENSHOTS/chart_100127248.embedded.png:Zone.Identifier | data/lseg/raw/90_INTERMEDIATE/SCREENSHOTS/crop_che.png:Zone.Identifier | data/lseg/raw/90_INTERMEDIATE/SCREENSHOTS/de1ee218-60dc-4b11-b243-1f352c398785.png:Zone.Identifier | data/lseg/raw/99_UNCLASSIFIED_RETAINED/LSEG_DISCOVERY_RAW_NOTES.txt:Zone.Identifier | data/lseg/raw/99_UNCLASSIFIED_RETAINED/table_100016453.xls:Zone.Identifier | data/lseg/raw/CH_DA_RAW.xlsx:Zone.Identifier | data/lseg/raw/DE_DA_RAW.xlsx:Zone.Identifier | data/lseg/raw/EDF_NUCLEAR_OUTAGE_REVISIONS_PIT.csv:Zone.Identifier | data/lseg/raw/EDF_NUCLEAR_PIT_DAILY_2021_2026.csv:Zone.Identifier | data/lseg/raw/FR_15M_RAW.xlsx:Zone.Identifier | data/lseg/raw/FR_DA_RAW_COMBINED.xlsx:Zone.Identifier | data/lseg/raw/Historique des indispo des moyens de production - depuis 2015 - 07092026-full.csv:Zone.Identifier | data/lseg/raw/IT_DA_RAW (1).xlsx:Zone.Identifier | data/lseg/raw/IT_DA_RAW.xlsx:Zone.Identifier | data/lseg/raw/IT_DEMAND_15M_ALL_ZONES_TEMPLATE.xlsx:Zone.Identifier | data/lseg/raw/IT_DEMAND_15M_NORTH.xlsx:Zone.Identifier | data/lseg/raw/IT_DEMAND_HOURLY.xlsx:Zone.Identifier | data/lseg/raw/publications-transparence-et-remit-liste-des-messages-edf-sa.csv:Zone.Identifier,Windows download-origin sidecar; excluded from data analysis.
data/lseg/raw/03_CURRENT_RECENT_LSEG/WEATHER/PRECIPITATION_CH_EFFECTIVE.xls,PRECIPITATION_CH_EFFECTIVE.xls,xls,reference_image_or_report,weather/regime,weather/regime forecast,CH/DE/FR/AT/IT/Europe,Not applicable/non-tabular or not safely extractable,Not applicable or not declared,Not safely extractable,Not determined from file metadata,Not determined,Forecast/reference context,Not safely extractable,Not safely extractable,Not safely extractable,15360,Not applicable/non-tabular,CURRENT_ONLY,No corresponding model-ready family in Databricks inventory,,,Forecast issue/valid fields are not reliably tabular in retained artifact.
data/lseg/raw/03_CURRENT_RECENT_LSEG/WEATHER/PRECIPITATION_CH_EFFECTIVE.xls:Zone.Identifier,PRECIPITATION_CH_EFFECTIVE.xls:Zone.Identifier,identifier,metadata_sidecar,ancillary file metadata,Zone.Identifier,UNKNOWN,Not applicable/non-tabular or not safely extractable,Not applicable or not declared,Not safely extractable,Not determined from file metadata,Not determined,Not determinable,Not safely extractable,Not safely extractable,Not safely extractable,25,Not applicable/non-tabular,UNKNOWN,None,,data/lseg/raw/00_START_HERE/ANONYMOUS_XLS_MAPPING.md:Zone.Identifier | data/lseg/raw/00_START_HERE/DATA_CATALOG.csv:Zone.Identifier | data/lseg/raw/00_START_HERE/EXTRACTION_STATUS_AND_GAPS.md:Zone.Identifier | data/lseg/raw/00_START_HERE/LICENSE_NOTES.md:Zone.Identifier | data/lseg/raw/00_START_HERE/MANIFEST_SHA256.csv:Zone.Identifier | data/lseg/raw/00_START_HERE/MISSING_CH_DE_RECOVERY.md:Zone.Identifier | data/lseg/raw/00_START_HERE/MISSING_CH_DE_RICS.csv:Zone.Identifier | data/lseg/raw/00_START_HERE/PROJECT_OBJECTIVE.txt:Zone.Identifier | data/lseg/raw/00_START_HERE/README_FIRST.md:Zone.Identifier | data/lseg/raw/00_START_HERE/RIC_FAMILIES.csv:Zone.Identifier | data/lseg/raw/01_CORE_HISTORICAL/FR_NUCLEAR_PIT/EDF_NUCLEAR_OUTAGE_REVISIONS_PIT.csv:Zone.Identifier | data/lseg/raw/01_CORE_HISTORICAL/FR_NUCLEAR_PIT/EDF_NUCLEAR_PIT_DAILY_2021_2026.csv:Zone.Identifier | data/lseg/raw/01_CORE_HISTORICAL/FR_NUCLEAR_PIT/EDF_NUCLEAR_PIT_SUMMARY.txt:Zone.Identifier | data/lseg/raw/01_CORE_HISTORICAL/LSEG_DEMAND/IT_DEMAND_15M_ALL_7_ZONES_2025_2026.xlsx:Zone.Identifier | data/lseg/raw/01_CORE_HISTORICAL/LSEG_DEMAND/IT_DEMAND_HOURLY_2021_2025.xlsx:Zone.Identifier | data/lseg/raw/01_CORE_HISTORICAL/LSEG_PRICES/FR_DAY_AHEAD_HOURLY_AND_15M.xlsx:Zone.Identifier | data/lseg/raw/01_CORE_HISTORICAL/LSEG_PRICES/IT_DAY_AHEAD_HOURLY_AND_15M.xlsx:Zone.Identifier | data/lseg/raw/02_SOURCE_RAW/FR_NUCLEAR/EDF_OUTAGE_HISTORY_RAW.csv:Zone.Identifier | data/lseg/raw/02_SOURCE_RAW/FR_NUCLEAR/EDF_TRANSPARENCY_REMIT_MESSAGES_RAW.csv:Zone.Identifier | data/lseg/raw/03_CURRENT_RECENT_LSEG/COST_CURVES/cost_curves_2026910_21432.xlsx:Zone.Identifier | data/lseg/raw/03_CURRENT_RECENT_LSEG/COST_CURVES/cost_curves_2026910_21543.xlsx:Zone.Identifier | data/lseg/raw/03_CURRENT_RECENT_LSEG/COST_CURVES/cost_curves_2026910_2164.xlsx:Zone.Identifier | data/lseg/raw/03_CURRENT_RECENT_LSEG/RESIDUAL_LOAD/CWE_RESIDUAL_LOAD_REPORT.pdf:Zone.Identifier | data/lseg/raw/03_CURRENT_RECENT_LSEG/RESIDUAL_LOAD/DE_RESIDUAL_LOAD_CURRENT_RECENT.xls:Zone.Identifier | data/lseg/raw/03_CURRENT_RECENT_LSEG/RESIDUAL_LOAD/DE_RESIDUAL_LOAD_REPORT.pdf:Zone.Identifier | data/lseg/raw/03_CURRENT_RECENT_LSEG/RESIDUAL_LOAD/FR_IT_RESIDUAL_LOAD_EXPORT_A.xls:Zone.Identifier | data/lseg/raw/03_CURRENT_RECENT_LSEG/RESIDUAL_LOAD/FR_IT_RESIDUAL_LOAD_EXPORT_B.xls:Zone.Identifier | data/lseg/raw/03_CURRENT_RECENT_LSEG/SUPPLY_WIND_SOLAR/GB_EMBEDDED_SOLAR_REPORT.pdf:Zone.Identifier | data/lseg/raw/03_CURRENT_RECENT_LSEG/SUPPLY_WIND_SOLAR/GB_EMBEDDED_WIND_REPORT.pdf:Zone.Identifier | data/lseg/raw/03_CURRENT_RECENT_LSEG/SUPPLY_WIND_SOLAR/SUPPLY_WIND_REPORT.pdf:Zone.Identifier | data/lseg/raw/03_CURRENT_RECENT_LSEG/WEATHER/CLOUD_COVER_CH.xls:Zone.Identifier | data/lseg/raw/03_CURRENT_RECENT_LSEG/WEATHER/CLOUD_COVER_REPORT.pdf:Zone.Identifier | data/lseg/raw/03_CURRENT_RECENT_LSEG/WEATHER/ECMWF_CLUSTER_REPORT.pdf:Zone.Identifier | data/lseg/raw/03_CURRENT_RECENT_LSEG/WEATHER/NAO_AO_REPORT.pdf:Zone.Identifier | data/lseg/raw/03_CURRENT_RECENT_LSEG/WEATHER/PRECIPITATION_ALP_AREA_REPORT.pdf:Zone.Identifier | data/lseg/raw/03_CURRENT_RECENT_LSEG/WEATHER/PRECIPITATION_CH_EFFECTIVE.xls:Zone.Identifier | data/lseg/raw/03_CURRENT_RECENT_LSEG/WEATHER/TEMPERATURE_DE_FR_AT_CH_TABLE.xls:Zone.Identifier | data/lseg/raw/03_CURRENT_RECENT_LSEG/WEATHER/TEMPERATURE_IT_CHART.xls:Zone.Identifier | data/lseg/raw/03_CURRENT_RECENT_LSEG/WEATHER/TEMPERATURE_REPORT.pdf:Zone.Identifier | data/lseg/raw/04_CROSS_BORDER_REFERENCE/01_PRICE_FLOW_GRAPH_CHE_VISIBLE.png:Zone.Identifier | data/lseg/raw/04_CROSS_BORDER_REFERENCE/02_DEU_SELECTED_CONNECTIONS.png:Zone.Identifier | data/lseg/raw/04_CROSS_BORDER_REFERENCE/03_NET_IMPORT_GRAPH.png:Zone.Identifier | data/lseg/raw/04_CROSS_BORDER_REFERENCE/04_NET_IMPORT_CHE_SELECTED_00.png:Zone.Identifier | data/lseg/raw/04_CROSS_BORDER_REFERENCE/05_NET_IMPORT_CHE_SELECTED_12.png:Zone.Identifier | data/lseg/raw/04_CROSS_BORDER_REFERENCE/06_CAPACITY_DIRECTION_1_CHE_SELECTED.png:Zone.Identifier | data/lseg/raw/04_CROSS_BORDER_REFERENCE/07_CAPACITY_DIRECTION_2_CHE_SELECTED_A.png:Zone.Identifier | data/lseg/raw/04_CROSS_BORDER_REFERENCE/08_CAPACITY_DIRECTION_2_CHE_SELECTED_B.png:Zone.Identifier | data/lseg/raw/04_CROSS_BORDER_REFERENCE/09_CAPACITY_DIRECTION_2_CHE_SELECTED_C.png:Zone.Identifier | data/lseg/raw/04_CROSS_BORDER_REFERENCE/10_SCHEDULED_EXCHANGE_NET_IMPORT_GRAPH.png:Zone.Identifier | data/lseg/raw/04_CROSS_BORDER_REFERENCE/11_SCHEDULED_EXCHANGE_CHE_SELECTED.png:Zone.Identifier | data/lseg/raw/04_CROSS_BORDER_REFERENCE/FLOWS_GRAPH_REPORT.pdf:Zone.Identifier | data/lseg/raw/05_LSEG_REFERENCE_PDFS/DEMAND_CONSUMPTION_OVERVIEW.pdf:Zone.Identifier | data/lseg/raw/90_INTERMEDIATE/LSEG_PRICE_DEMAND/FR_15M_RAW.xls.xlsx:Zone.Identifier | data/lseg/raw/90_INTERMEDIATE/LSEG_PRICE_DEMAND/FR_DA_RAW.xlsx:Zone.Identifier | data/lseg/raw/90_INTERMEDIATE/LSEG_PRICE_DEMAND/IT_DA_RAW(1).xlsx:Zone.Identifier | data/lseg/raw/90_INTERMEDIATE/LSEG_PRICE_DEMAND/IT_DA_RAW(2).xlsx:Zone.Identifier | data/lseg/raw/90_INTERMEDIATE/LSEG_PRICE_DEMAND/IT_DA_RAW(3).xlsx:Zone.Identifier | data/lseg/raw/90_INTERMEDIATE/LSEG_PRICE_DEMAND/IT_DA_RAW.xlsx:Zone.Identifier | data/lseg/raw/90_INTERMEDIATE/LSEG_PRICE_DEMAND/IT_DEMAND_15M_ALL_ZONES_TEMPLATE.xlsx:Zone.Identifier | data/lseg/raw/90_INTERMEDIATE/LSEG_PRICE_DEMAND/IT_DEMAND_15M_NORTH.xlsx:Zone.Identifier | data/lseg/raw/90_INTERMEDIATE/LSEG_PRICE_DEMAND/Mappe1(1).xlsx:Zone.Identifier | data/lseg/raw/90_INTERMEDIATE/LSEG_PRICE_DEMAND/Mappe1(2).xlsx:Zone.Identifier | data/lseg/raw/90_INTERMEDIATE/LSEG_PRICE_DEMAND/Mappe1(3).xlsx:Zone.Identifier | data/lseg/raw/90_INTERMEDIATE/LSEG_PRICE_DEMAND/Mappe1(4).xlsx:Zone.Identifier | data/lseg/raw/90_INTERMEDIATE/LSEG_PRICE_DEMAND/Mappe1(5).xlsx:Zone.Identifier | data/lseg/raw/90_INTERMEDIATE/SCREENSHOTS/0a528483-087b-4a33-a2f3-ecdd62770a3a.png:Zone.Identifier | data/lseg/raw/90_INTERMEDIATE/SCREENSHOTS/1609bf25-22b3-4c50-817b-fa945dba6bfe.png:Zone.Identifier | data/lseg/raw/90_INTERMEDIATE/SCREENSHOTS/1d02b907-f21b-48aa-bff6-9bb501bffd31.png:Zone.Identifier | data/lseg/raw/90_INTERMEDIATE/SCREENSHOTS/2bf92681-8086-451b-ad79-2cf2aaa286bf.png:Zone.Identifier | data/lseg/raw/90_INTERMEDIATE/SCREENSHOTS/5048f972-71a5-4bbb-9ebf-495783170275.png:Zone.Identifier | data/lseg/raw/90_INTERMEDIATE/SCREENSHOTS/57688dd7-cfad-46f7-9d61-7173a480ab24.png:Zone.Identifier | data/lseg/raw/90_INTERMEDIATE/SCREENSHOTS/6a48aa3a-47d9-431b-a8d4-4b421a82f395.png:Zone.Identifier | data/lseg/raw/90_INTERMEDIATE/SCREENSHOTS/6b0bf7a6-4724-4c1c-98c7-10c623883a8b.png:Zone.Identifier | data/lseg/raw/90_INTERMEDIATE/SCREENSHOTS/7cdf8489-62e1-4566-9c92-ddde781dfc41.png:Zone.Identifier | data/lseg/raw/90_INTERMEDIATE/SCREENSHOTS/839b9904-b506-4600-a582-19546fc0d0dc.png:Zone.Identifier | data/lseg/raw/90_INTERMEDIATE/SCREENSHOTS/87b02fce-0b58-4ead-b793-267dd464b8ec.png:Zone.Identifier | data/lseg/raw/90_INTERMEDIATE/SCREENSHOTS/917dfe63-9fd2-4e78-89c4-b98dcf9f033f.png:Zone.Identifier | data/lseg/raw/90_INTERMEDIATE/SCREENSHOTS/990167dc-a3d5-4b22-acec-131b4e0f87c9.png:Zone.Identifier | data/lseg/raw/90_INTERMEDIATE/SCREENSHOTS/af6db8b3-1471-4a8e-9879-1e782574016e.png:Zone.Identifier | data/lseg/raw/90_INTERMEDIATE/SCREENSHOTS/b94c25b1-cacf-496f-802b-f74a6ec3c376.png:Zone.Identifier | data/lseg/raw/90_INTERMEDIATE/SCREENSHOTS/bc276a5b-6ae8-473b-abe3-2d17e33bcdd3.png:Zone.Identifier | data/lseg/raw/90_INTERMEDIATE/SCREENSHOTS/chart_100049390.embedded.png:Zone.Identifier | data/lseg/raw/90_INTERMEDIATE/SCREENSHOTS/chart_100127248.embedded.png:Zone.Identifier | data/lseg/raw/90_INTERMEDIATE/SCREENSHOTS/crop_che.png:Zone.Identifier | data/lseg/raw/90_INTERMEDIATE/SCREENSHOTS/de1ee218-60dc-4b11-b243-1f352c398785.png:Zone.Identifier | data/lseg/raw/99_UNCLASSIFIED_RETAINED/LSEG_DISCOVERY_RAW_NOTES.txt:Zone.Identifier | data/lseg/raw/99_UNCLASSIFIED_RETAINED/table_100016453.xls:Zone.Identifier | data/lseg/raw/CH_DA_RAW.xlsx:Zone.Identifier | data/lseg/raw/DE_DA_RAW.xlsx:Zone.Identifier | data/lseg/raw/EDF_NUCLEAR_OUTAGE_REVISIONS_PIT.csv:Zone.Identifier | data/lseg/raw/EDF_NUCLEAR_PIT_DAILY_2021_2026.csv:Zone.Identifier | data/lseg/raw/FR_15M_RAW.xlsx:Zone.Identifier | data/lseg/raw/FR_DA_RAW_COMBINED.xlsx:Zone.Identifier | data/lseg/raw/Historique des indispo des moyens de production - depuis 2015 - 07092026-full.csv:Zone.Identifier | data/lseg/raw/IT_DA_RAW (1).xlsx:Zone.Identifier | data/lseg/raw/IT_DA_RAW.xlsx:Zone.Identifier | data/lseg/raw/IT_DEMAND_15M_ALL_ZONES_TEMPLATE.xlsx:Zone.Identifier | data/lseg/raw/IT_DEMAND_15M_NORTH.xlsx:Zone.Identifier | data/lseg/raw/IT_DEMAND_HOURLY.xlsx:Zone.Identifier | data/lseg/raw/publications-transparence-et-remit-liste-des-messages-edf-sa.csv:Zone.Identifier,Windows download-origin sidecar; excluded from data analysis.
data/lseg/raw/03_CURRENT_RECENT_LSEG/WEATHER/TEMPERATURE_DE_FR_AT_CH_TABLE.xls,TEMPERATURE_DE_FR_AT_CH_TABLE.xls,xls,reference_image_or_report,weather/regime,weather/regime forecast,CH/DE/FR/AT/IT/Europe,Not applicable/non-tabular or not safely extractable,Not applicable or not declared,Not safely extractable,Not determined from file metadata,Not determined,Forecast/reference context,Not safely extractable,Not safely extractable,Not safely extractable,18432,Not applicable/non-tabular,CURRENT_ONLY,No corresponding model-ready family in Databricks inventory,,,Forecast issue/valid fields are not reliably tabular in retained artifact.
data/lseg/raw/03_CURRENT_RECENT_LSEG/WEATHER/TEMPERATURE_DE_FR_AT_CH_TABLE.xls:Zone.Identifier,TEMPERATURE_DE_FR_AT_CH_TABLE.xls:Zone.Identifier,identifier,metadata_sidecar,ancillary file metadata,Zone.Identifier,UNKNOWN,Not applicable/non-tabular or not safely extractable,Not applicable or not declared,Not safely extractable,Not determined from file metadata,Not determined,Not determinable,Not safely extractable,Not safely extractable,Not safely extractable,25,Not applicable/non-tabular,UNKNOWN,None,,data/lseg/raw/00_START_HERE/ANONYMOUS_XLS_MAPPING.md:Zone.Identifier | data/lseg/raw/00_START_HERE/DATA_CATALOG.csv:Zone.Identifier | data/lseg/raw/00_START_HERE/EXTRACTION_STATUS_AND_GAPS.md:Zone.Identifier | data/lseg/raw/00_START_HERE/LICENSE_NOTES.md:Zone.Identifier | data/lseg/raw/00_START_HERE/MANIFEST_SHA256.csv:Zone.Identifier | data/lseg/raw/00_START_HERE/MISSING_CH_DE_RECOVERY.md:Zone.Identifier | data/lseg/raw/00_START_HERE/MISSING_CH_DE_RICS.csv:Zone.Identifier | data/lseg/raw/00_START_HERE/PROJECT_OBJECTIVE.txt:Zone.Identifier | data/lseg/raw/00_START_HERE/README_FIRST.md:Zone.Identifier | data/lseg/raw/00_START_HERE/RIC_FAMILIES.csv:Zone.Identifier | data/lseg/raw/01_CORE_HISTORICAL/FR_NUCLEAR_PIT/EDF_NUCLEAR_OUTAGE_REVISIONS_PIT.csv:Zone.Identifier | data/lseg/raw/01_CORE_HISTORICAL/FR_NUCLEAR_PIT/EDF_NUCLEAR_PIT_DAILY_2021_2026.csv:Zone.Identifier | data/lseg/raw/01_CORE_HISTORICAL/FR_NUCLEAR_PIT/EDF_NUCLEAR_PIT_SUMMARY.txt:Zone.Identifier | data/lseg/raw/01_CORE_HISTORICAL/LSEG_DEMAND/IT_DEMAND_15M_ALL_7_ZONES_2025_2026.xlsx:Zone.Identifier | data/lseg/raw/01_CORE_HISTORICAL/LSEG_DEMAND/IT_DEMAND_HOURLY_2021_2025.xlsx:Zone.Identifier | data/lseg/raw/01_CORE_HISTORICAL/LSEG_PRICES/FR_DAY_AHEAD_HOURLY_AND_15M.xlsx:Zone.Identifier | data/lseg/raw/01_CORE_HISTORICAL/LSEG_PRICES/IT_DAY_AHEAD_HOURLY_AND_15M.xlsx:Zone.Identifier | data/lseg/raw/02_SOURCE_RAW/FR_NUCLEAR/EDF_OUTAGE_HISTORY_RAW.csv:Zone.Identifier | data/lseg/raw/02_SOURCE_RAW/FR_NUCLEAR/EDF_TRANSPARENCY_REMIT_MESSAGES_RAW.csv:Zone.Identifier | data/lseg/raw/03_CURRENT_RECENT_LSEG/COST_CURVES/cost_curves_2026910_21432.xlsx:Zone.Identifier | data/lseg/raw/03_CURRENT_RECENT_LSEG/COST_CURVES/cost_curves_2026910_21543.xlsx:Zone.Identifier | data/lseg/raw/03_CURRENT_RECENT_LSEG/COST_CURVES/cost_curves_2026910_2164.xlsx:Zone.Identifier | data/lseg/raw/03_CURRENT_RECENT_LSEG/RESIDUAL_LOAD/CWE_RESIDUAL_LOAD_REPORT.pdf:Zone.Identifier | data/lseg/raw/03_CURRENT_RECENT_LSEG/RESIDUAL_LOAD/DE_RESIDUAL_LOAD_CURRENT_RECENT.xls:Zone.Identifier | data/lseg/raw/03_CURRENT_RECENT_LSEG/RESIDUAL_LOAD/DE_RESIDUAL_LOAD_REPORT.pdf:Zone.Identifier | data/lseg/raw/03_CURRENT_RECENT_LSEG/RESIDUAL_LOAD/FR_IT_RESIDUAL_LOAD_EXPORT_A.xls:Zone.Identifier | data/lseg/raw/03_CURRENT_RECENT_LSEG/RESIDUAL_LOAD/FR_IT_RESIDUAL_LOAD_EXPORT_B.xls:Zone.Identifier | data/lseg/raw/03_CURRENT_RECENT_LSEG/SUPPLY_WIND_SOLAR/GB_EMBEDDED_SOLAR_REPORT.pdf:Zone.Identifier | data/lseg/raw/03_CURRENT_RECENT_LSEG/SUPPLY_WIND_SOLAR/GB_EMBEDDED_WIND_REPORT.pdf:Zone.Identifier | data/lseg/raw/03_CURRENT_RECENT_LSEG/SUPPLY_WIND_SOLAR/SUPPLY_WIND_REPORT.pdf:Zone.Identifier | data/lseg/raw/03_CURRENT_RECENT_LSEG/WEATHER/CLOUD_COVER_CH.xls:Zone.Identifier | data/lseg/raw/03_CURRENT_RECENT_LSEG/WEATHER/CLOUD_COVER_REPORT.pdf:Zone.Identifier | data/lseg/raw/03_CURRENT_RECENT_LSEG/WEATHER/ECMWF_CLUSTER_REPORT.pdf:Zone.Identifier | data/lseg/raw/03_CURRENT_RECENT_LSEG/WEATHER/NAO_AO_REPORT.pdf:Zone.Identifier | data/lseg/raw/03_CURRENT_RECENT_LSEG/WEATHER/PRECIPITATION_ALP_AREA_REPORT.pdf:Zone.Identifier | data/lseg/raw/03_CURRENT_RECENT_LSEG/WEATHER/PRECIPITATION_CH_EFFECTIVE.xls:Zone.Identifier | data/lseg/raw/03_CURRENT_RECENT_LSEG/WEATHER/TEMPERATURE_DE_FR_AT_CH_TABLE.xls:Zone.Identifier | data/lseg/raw/03_CURRENT_RECENT_LSEG/WEATHER/TEMPERATURE_IT_CHART.xls:Zone.Identifier | data/lseg/raw/03_CURRENT_RECENT_LSEG/WEATHER/TEMPERATURE_REPORT.pdf:Zone.Identifier | data/lseg/raw/04_CROSS_BORDER_REFERENCE/01_PRICE_FLOW_GRAPH_CHE_VISIBLE.png:Zone.Identifier | data/lseg/raw/04_CROSS_BORDER_REFERENCE/02_DEU_SELECTED_CONNECTIONS.png:Zone.Identifier | data/lseg/raw/04_CROSS_BORDER_REFERENCE/03_NET_IMPORT_GRAPH.png:Zone.Identifier | data/lseg/raw/04_CROSS_BORDER_REFERENCE/04_NET_IMPORT_CHE_SELECTED_00.png:Zone.Identifier | data/lseg/raw/04_CROSS_BORDER_REFERENCE/05_NET_IMPORT_CHE_SELECTED_12.png:Zone.Identifier | data/lseg/raw/04_CROSS_BORDER_REFERENCE/06_CAPACITY_DIRECTION_1_CHE_SELECTED.png:Zone.Identifier | data/lseg/raw/04_CROSS_BORDER_REFERENCE/07_CAPACITY_DIRECTION_2_CHE_SELECTED_A.png:Zone.Identifier | data/lseg/raw/04_CROSS_BORDER_REFERENCE/08_CAPACITY_DIRECTION_2_CHE_SELECTED_B.png:Zone.Identifier | data/lseg/raw/04_CROSS_BORDER_REFERENCE/09_CAPACITY_DIRECTION_2_CHE_SELECTED_C.png:Zone.Identifier | data/lseg/raw/04_CROSS_BORDER_REFERENCE/10_SCHEDULED_EXCHANGE_NET_IMPORT_GRAPH.png:Zone.Identifier | data/lseg/raw/04_CROSS_BORDER_REFERENCE/11_SCHEDULED_EXCHANGE_CHE_SELECTED.png:Zone.Identifier | data/lseg/raw/04_CROSS_BORDER_REFERENCE/FLOWS_GRAPH_REPORT.pdf:Zone.Identifier | data/lseg/raw/05_LSEG_REFERENCE_PDFS/DEMAND_CONSUMPTION_OVERVIEW.pdf:Zone.Identifier | data/lseg/raw/90_INTERMEDIATE/LSEG_PRICE_DEMAND/FR_15M_RAW.xls.xlsx:Zone.Identifier | data/lseg/raw/90_INTERMEDIATE/LSEG_PRICE_DEMAND/FR_DA_RAW.xlsx:Zone.Identifier | data/lseg/raw/90_INTERMEDIATE/LSEG_PRICE_DEMAND/IT_DA_RAW(1).xlsx:Zone.Identifier | data/lseg/raw/90_INTERMEDIATE/LSEG_PRICE_DEMAND/IT_DA_RAW(2).xlsx:Zone.Identifier | data/lseg/raw/90_INTERMEDIATE/LSEG_PRICE_DEMAND/IT_DA_RAW(3).xlsx:Zone.Identifier | data/lseg/raw/90_INTERMEDIATE/LSEG_PRICE_DEMAND/IT_DA_RAW.xlsx:Zone.Identifier | data/lseg/raw/90_INTERMEDIATE/LSEG_PRICE_DEMAND/IT_DEMAND_15M_ALL_ZONES_TEMPLATE.xlsx:Zone.Identifier | data/lseg/raw/90_INTERMEDIATE/LSEG_PRICE_DEMAND/IT_DEMAND_15M_NORTH.xlsx:Zone.Identifier | data/lseg/raw/90_INTERMEDIATE/LSEG_PRICE_DEMAND/Mappe1(1).xlsx:Zone.Identifier | data/lseg/raw/90_INTERMEDIATE/LSEG_PRICE_DEMAND/Mappe1(2).xlsx:Zone.Identifier | data/lseg/raw/90_INTERMEDIATE/LSEG_PRICE_DEMAND/Mappe1(3).xlsx:Zone.Identifier | data/lseg/raw/90_INTERMEDIATE/LSEG_PRICE_DEMAND/Mappe1(4).xlsx:Zone.Identifier | data/lseg/raw/90_INTERMEDIATE/LSEG_PRICE_DEMAND/Mappe1(5).xlsx:Zone.Identifier | data/lseg/raw/90_INTERMEDIATE/SCREENSHOTS/0a528483-087b-4a33-a2f3-ecdd62770a3a.png:Zone.Identifier | data/lseg/raw/90_INTERMEDIATE/SCREENSHOTS/1609bf25-22b3-4c50-817b-fa945dba6bfe.png:Zone.Identifier | data/lseg/raw/90_INTERMEDIATE/SCREENSHOTS/1d02b907-f21b-48aa-bff6-9bb501bffd31.png:Zone.Identifier | data/lseg/raw/90_INTERMEDIATE/SCREENSHOTS/2bf92681-8086-451b-ad79-2cf2aaa286bf.png:Zone.Identifier | data/lseg/raw/90_INTERMEDIATE/SCREENSHOTS/5048f972-71a5-4bbb-9ebf-495783170275.png:Zone.Identifier | data/lseg/raw/90_INTERMEDIATE/SCREENSHOTS/57688dd7-cfad-46f7-9d61-7173a480ab24.png:Zone.Identifier | data/lseg/raw/90_INTERMEDIATE/SCREENSHOTS/6a48aa3a-47d9-431b-a8d4-4b421a82f395.png:Zone.Identifier | data/lseg/raw/90_INTERMEDIATE/SCREENSHOTS/6b0bf7a6-4724-4c1c-98c7-10c623883a8b.png:Zone.Identifier | data/lseg/raw/90_INTERMEDIATE/SCREENSHOTS/7cdf8489-62e1-4566-9c92-ddde781dfc41.png:Zone.Identifier | data/lseg/raw/90_INTERMEDIATE/SCREENSHOTS/839b9904-b506-4600-a582-19546fc0d0dc.png:Zone.Identifier | data/lseg/raw/90_INTERMEDIATE/SCREENSHOTS/87b02fce-0b58-4ead-b793-267dd464b8ec.png:Zone.Identifier | data/lseg/raw/90_INTERMEDIATE/SCREENSHOTS/917dfe63-9fd2-4e78-89c4-b98dcf9f033f.png:Zone.Identifier | data/lseg/raw/90_INTERMEDIATE/SCREENSHOTS/990167dc-a3d5-4b22-acec-131b4e0f87c9.png:Zone.Identifier | data/lseg/raw/90_INTERMEDIATE/SCREENSHOTS/af6db8b3-1471-4a8e-9879-1e782574016e.png:Zone.Identifier | data/lseg/raw/90_INTERMEDIATE/SCREENSHOTS/b94c25b1-cacf-496f-802b-f74a6ec3c376.png:Zone.Identifier | data/lseg/raw/90_INTERMEDIATE/SCREENSHOTS/bc276a5b-6ae8-473b-abe3-2d17e33bcdd3.png:Zone.Identifier | data/lseg/raw/90_INTERMEDIATE/SCREENSHOTS/chart_100049390.embedded.png:Zone.Identifier | data/lseg/raw/90_INTERMEDIATE/SCREENSHOTS/chart_100127248.embedded.png:Zone.Identifier | data/lseg/raw/90_INTERMEDIATE/SCREENSHOTS/crop_che.png:Zone.Identifier | data/lseg/raw/90_INTERMEDIATE/SCREENSHOTS/de1ee218-60dc-4b11-b243-1f352c398785.png:Zone.Identifier | data/lseg/raw/99_UNCLASSIFIED_RETAINED/LSEG_DISCOVERY_RAW_NOTES.txt:Zone.Identifier | data/lseg/raw/99_UNCLASSIFIED_RETAINED/table_100016453.xls:Zone.Identifier | data/lseg/raw/CH_DA_RAW.xlsx:Zone.Identifier | data/lseg/raw/DE_DA_RAW.xlsx:Zone.Identifier | data/lseg/raw/EDF_NUCLEAR_OUTAGE_REVISIONS_PIT.csv:Zone.Identifier | data/lseg/raw/EDF_NUCLEAR_PIT_DAILY_2021_2026.csv:Zone.Identifier | data/lseg/raw/FR_15M_RAW.xlsx:Zone.Identifier | data/lseg/raw/FR_DA_RAW_COMBINED.xlsx:Zone.Identifier | data/lseg/raw/Historique des indispo des moyens de production - depuis 2015 - 07092026-full.csv:Zone.Identifier | data/lseg/raw/IT_DA_RAW (1).xlsx:Zone.Identifier | data/lseg/raw/IT_DA_RAW.xlsx:Zone.Identifier | data/lseg/raw/IT_DEMAND_15M_ALL_ZONES_TEMPLATE.xlsx:Zone.Identifier | data/lseg/raw/IT_DEMAND_15M_NORTH.xlsx:Zone.Identifier | data/lseg/raw/IT_DEMAND_HOURLY.xlsx:Zone.Identifier | data/lseg/raw/publications-transparence-et-remit-liste-des-messages-edf-sa.csv:Zone.Identifier,Windows download-origin sidecar; excluded from data analysis.
data/lseg/raw/03_CURRENT_RECENT_LSEG/WEATHER/TEMPERATURE_IT_CHART.xls,TEMPERATURE_IT_CHART.xls,xls,reference_image_or_report,weather/regime,weather/regime forecast,CH/DE/FR/AT/IT/Europe,Not applicable/non-tabular or not safely extractable,Not applicable or not declared,Not safely extractable,Not determined from file metadata,Not determined,Forecast/reference context,Not safely extractable,Not safely extractable,Not safely extractable,19456,Not applicable/non-tabular,CURRENT_ONLY,No corresponding model-ready family in Databricks inventory,,,Forecast issue/valid fields are not reliably tabular in retained artifact.
data/lseg/raw/03_CURRENT_RECENT_LSEG/WEATHER/TEMPERATURE_IT_CHART.xls:Zone.Identifier,TEMPERATURE_IT_CHART.xls:Zone.Identifier,identifier,metadata_sidecar,ancillary file metadata,Zone.Identifier,UNKNOWN,Not applicable/non-tabular or not safely extractable,Not applicable or not declared,Not safely extractable,Not determined from file metadata,Not determined,Not determinable,Not safely extractable,Not safely extractable,Not safely extractable,25,Not applicable/non-tabular,UNKNOWN,None,,data/lseg/raw/00_START_HERE/ANONYMOUS_XLS_MAPPING.md:Zone.Identifier | data/lseg/raw/00_START_HERE/DATA_CATALOG.csv:Zone.Identifier | data/lseg/raw/00_START_HERE/EXTRACTION_STATUS_AND_GAPS.md:Zone.Identifier | data/lseg/raw/00_START_HERE/LICENSE_NOTES.md:Zone.Identifier | data/lseg/raw/00_START_HERE/MANIFEST_SHA256.csv:Zone.Identifier | data/lseg/raw/00_START_HERE/MISSING_CH_DE_RECOVERY.md:Zone.Identifier | data/lseg/raw/00_START_HERE/MISSING_CH_DE_RICS.csv:Zone.Identifier | data/lseg/raw/00_START_HERE/PROJECT_OBJECTIVE.txt:Zone.Identifier | data/lseg/raw/00_START_HERE/README_FIRST.md:Zone.Identifier | data/lseg/raw/00_START_HERE/RIC_FAMILIES.csv:Zone.Identifier | data/lseg/raw/01_CORE_HISTORICAL/FR_NUCLEAR_PIT/EDF_NUCLEAR_OUTAGE_REVISIONS_PIT.csv:Zone.Identifier | data/lseg/raw/01_CORE_HISTORICAL/FR_NUCLEAR_PIT/EDF_NUCLEAR_PIT_DAILY_2021_2026.csv:Zone.Identifier | data/lseg/raw/01_CORE_HISTORICAL/FR_NUCLEAR_PIT/EDF_NUCLEAR_PIT_SUMMARY.txt:Zone.Identifier | data/lseg/raw/01_CORE_HISTORICAL/LSEG_DEMAND/IT_DEMAND_15M_ALL_7_ZONES_2025_2026.xlsx:Zone.Identifier | data/lseg/raw/01_CORE_HISTORICAL/LSEG_DEMAND/IT_DEMAND_HOURLY_2021_2025.xlsx:Zone.Identifier | data/lseg/raw/01_CORE_HISTORICAL/LSEG_PRICES/FR_DAY_AHEAD_HOURLY_AND_15M.xlsx:Zone.Identifier | data/lseg/raw/01_CORE_HISTORICAL/LSEG_PRICES/IT_DAY_AHEAD_HOURLY_AND_15M.xlsx:Zone.Identifier | data/lseg/raw/02_SOURCE_RAW/FR_NUCLEAR/EDF_OUTAGE_HISTORY_RAW.csv:Zone.Identifier | data/lseg/raw/02_SOURCE_RAW/FR_NUCLEAR/EDF_TRANSPARENCY_REMIT_MESSAGES_RAW.csv:Zone.Identifier | data/lseg/raw/03_CURRENT_RECENT_LSEG/COST_CURVES/cost_curves_2026910_21432.xlsx:Zone.Identifier | data/lseg/raw/03_CURRENT_RECENT_LSEG/COST_CURVES/cost_curves_2026910_21543.xlsx:Zone.Identifier | data/lseg/raw/03_CURRENT_RECENT_LSEG/COST_CURVES/cost_curves_2026910_2164.xlsx:Zone.Identifier | data/lseg/raw/03_CURRENT_RECENT_LSEG/RESIDUAL_LOAD/CWE_RESIDUAL_LOAD_REPORT.pdf:Zone.Identifier | data/lseg/raw/03_CURRENT_RECENT_LSEG/RESIDUAL_LOAD/DE_RESIDUAL_LOAD_CURRENT_RECENT.xls:Zone.Identifier | data/lseg/raw/03_CURRENT_RECENT_LSEG/RESIDUAL_LOAD/DE_RESIDUAL_LOAD_REPORT.pdf:Zone.Identifier | data/lseg/raw/03_CURRENT_RECENT_LSEG/RESIDUAL_LOAD/FR_IT_RESIDUAL_LOAD_EXPORT_A.xls:Zone.Identifier | data/lseg/raw/03_CURRENT_RECENT_LSEG/RESIDUAL_LOAD/FR_IT_RESIDUAL_LOAD_EXPORT_B.xls:Zone.Identifier | data/lseg/raw/03_CURRENT_RECENT_LSEG/SUPPLY_WIND_SOLAR/GB_EMBEDDED_SOLAR_REPORT.pdf:Zone.Identifier | data/lseg/raw/03_CURRENT_RECENT_LSEG/SUPPLY_WIND_SOLAR/GB_EMBEDDED_WIND_REPORT.pdf:Zone.Identifier | data/lseg/raw/03_CURRENT_RECENT_LSEG/SUPPLY_WIND_SOLAR/SUPPLY_WIND_REPORT.pdf:Zone.Identifier | data/lseg/raw/03_CURRENT_RECENT_LSEG/WEATHER/CLOUD_COVER_CH.xls:Zone.Identifier | data/lseg/raw/03_CURRENT_RECENT_LSEG/WEATHER/CLOUD_COVER_REPORT.pdf:Zone.Identifier | data/lseg/raw/03_CURRENT_RECENT_LSEG/WEATHER/ECMWF_CLUSTER_REPORT.pdf:Zone.Identifier | data/lseg/raw/03_CURRENT_RECENT_LSEG/WEATHER/NAO_AO_REPORT.pdf:Zone.Identifier | data/lseg/raw/03_CURRENT_RECENT_LSEG/WEATHER/PRECIPITATION_ALP_AREA_REPORT.pdf:Zone.Identifier | data/lseg/raw/03_CURRENT_RECENT_LSEG/WEATHER/PRECIPITATION_CH_EFFECTIVE.xls:Zone.Identifier | data/lseg/raw/03_CURRENT_RECENT_LSEG/WEATHER/TEMPERATURE_DE_FR_AT_CH_TABLE.xls:Zone.Identifier | data/lseg/raw/03_CURRENT_RECENT_LSEG/WEATHER/TEMPERATURE_IT_CHART.xls:Zone.Identifier | data/lseg/raw/03_CURRENT_RECENT_LSEG/WEATHER/TEMPERATURE_REPORT.pdf:Zone.Identifier | data/lseg/raw/04_CROSS_BORDER_REFERENCE/01_PRICE_FLOW_GRAPH_CHE_VISIBLE.png:Zone.Identifier | data/lseg/raw/04_CROSS_BORDER_REFERENCE/02_DEU_SELECTED_CONNECTIONS.png:Zone.Identifier | data/lseg/raw/04_CROSS_BORDER_REFERENCE/03_NET_IMPORT_GRAPH.png:Zone.Identifier | data/lseg/raw/04_CROSS_BORDER_REFERENCE/04_NET_IMPORT_CHE_SELECTED_00.png:Zone.Identifier | data/lseg/raw/04_CROSS_BORDER_REFERENCE/05_NET_IMPORT_CHE_SELECTED_12.png:Zone.Identifier | data/lseg/raw/04_CROSS_BORDER_REFERENCE/06_CAPACITY_DIRECTION_1_CHE_SELECTED.png:Zone.Identifier | data/lseg/raw/04_CROSS_BORDER_REFERENCE/07_CAPACITY_DIRECTION_2_CHE_SELECTED_A.png:Zone.Identifier | data/lseg/raw/04_CROSS_BORDER_REFERENCE/08_CAPACITY_DIRECTION_2_CHE_SELECTED_B.png:Zone.Identifier | data/lseg/raw/04_CROSS_BORDER_REFERENCE/09_CAPACITY_DIRECTION_2_CHE_SELECTED_C.png:Zone.Identifier | data/lseg/raw/04_CROSS_BORDER_REFERENCE/10_SCHEDULED_EXCHANGE_NET_IMPORT_GRAPH.png:Zone.Identifier | data/lseg/raw/04_CROSS_BORDER_REFERENCE/11_SCHEDULED_EXCHANGE_CHE_SELECTED.png:Zone.Identifier | data/lseg/raw/04_CROSS_BORDER_REFERENCE/FLOWS_GRAPH_REPORT.pdf:Zone.Identifier | data/lseg/raw/05_LSEG_REFERENCE_PDFS/DEMAND_CONSUMPTION_OVERVIEW.pdf:Zone.Identifier | data/lseg/raw/90_INTERMEDIATE/LSEG_PRICE_DEMAND/FR_15M_RAW.xls.xlsx:Zone.Identifier | data/lseg/raw/90_INTERMEDIATE/LSEG_PRICE_DEMAND/FR_DA_RAW.xlsx:Zone.Identifier | data/lseg/raw/90_INTERMEDIATE/LSEG_PRICE_DEMAND/IT_DA_RAW(1).xlsx:Zone.Identifier | data/lseg/raw/90_INTERMEDIATE/LSEG_PRICE_DEMAND/IT_DA_RAW(2).xlsx:Zone.Identifier | data/lseg/raw/90_INTERMEDIATE/LSEG_PRICE_DEMAND/IT_DA_RAW(3).xlsx:Zone.Identifier | data/lseg/raw/90_INTERMEDIATE/LSEG_PRICE_DEMAND/IT_DA_RAW.xlsx:Zone.Identifier | data/lseg/raw/90_INTERMEDIATE/LSEG_PRICE_DEMAND/IT_DEMAND_15M_ALL_ZONES_TEMPLATE.xlsx:Zone.Identifier | data/lseg/raw/90_INTERMEDIATE/LSEG_PRICE_DEMAND/IT_DEMAND_15M_NORTH.xlsx:Zone.Identifier | data/lseg/raw/90_INTERMEDIATE/LSEG_PRICE_DEMAND/Mappe1(1).xlsx:Zone.Identifier | data/lseg/raw/90_INTERMEDIATE/LSEG_PRICE_DEMAND/Mappe1(2).xlsx:Zone.Identifier | data/lseg/raw/90_INTERMEDIATE/LSEG_PRICE_DEMAND/Mappe1(3).xlsx:Zone.Identifier | data/lseg/raw/90_INTERMEDIATE/LSEG_PRICE_DEMAND/Mappe1(4).xlsx:Zone.Identifier | data/lseg/raw/90_INTERMEDIATE/LSEG_PRICE_DEMAND/Mappe1(5).xlsx:Zone.Identifier | data/lseg/raw/90_INTERMEDIATE/SCREENSHOTS/0a528483-087b-4a33-a2f3-ecdd62770a3a.png:Zone.Identifier | data/lseg/raw/90_INTERMEDIATE/SCREENSHOTS/1609bf25-22b3-4c50-817b-fa945dba6bfe.png:Zone.Identifier | data/lseg/raw/90_INTERMEDIATE/SCREENSHOTS/1d02b907-f21b-48aa-bff6-9bb501bffd31.png:Zone.Identifier | data/lseg/raw/90_INTERMEDIATE/SCREENSHOTS/2bf92681-8086-451b-ad79-2cf2aaa286bf.png:Zone.Identifier | data/lseg/raw/90_INTERMEDIATE/SCREENSHOTS/5048f972-71a5-4bbb-9ebf-495783170275.png:Zone.Identifier | data/lseg/raw/90_INTERMEDIATE/SCREENSHOTS/57688dd7-cfad-46f7-9d61-7173a480ab24.png:Zone.Identifier | data/lseg/raw/90_INTERMEDIATE/SCREENSHOTS/6a48aa3a-47d9-431b-a8d4-4b421a82f395.png:Zone.Identifier | data/lseg/raw/90_INTERMEDIATE/SCREENSHOTS/6b0bf7a6-4724-4c1c-98c7-10c623883a8b.png:Zone.Identifier | data/lseg/raw/90_INTERMEDIATE/SCREENSHOTS/7cdf8489-62e1-4566-9c92-ddde781dfc41.png:Zone.Identifier | data/lseg/raw/90_INTERMEDIATE/SCREENSHOTS/839b9904-b506-4600-a582-19546fc0d0dc.png:Zone.Identifier | data/lseg/raw/90_INTERMEDIATE/SCREENSHOTS/87b02fce-0b58-4ead-b793-267dd464b8ec.png:Zone.Identifier | data/lseg/raw/90_INTERMEDIATE/SCREENSHOTS/917dfe63-9fd2-4e78-89c4-b98dcf9f033f.png:Zone.Identifier | data/lseg/raw/90_INTERMEDIATE/SCREENSHOTS/990167dc-a3d5-4b22-acec-131b4e0f87c9.png:Zone.Identifier | data/lseg/raw/90_INTERMEDIATE/SCREENSHOTS/af6db8b3-1471-4a8e-9879-1e782574016e.png:Zone.Identifier | data/lseg/raw/90_INTERMEDIATE/SCREENSHOTS/b94c25b1-cacf-496f-802b-f74a6ec3c376.png:Zone.Identifier | data/lseg/raw/90_INTERMEDIATE/SCREENSHOTS/bc276a5b-6ae8-473b-abe3-2d17e33bcdd3.png:Zone.Identifier | data/lseg/raw/90_INTERMEDIATE/SCREENSHOTS/chart_100049390.embedded.png:Zone.Identifier | data/lseg/raw/90_INTERMEDIATE/SCREENSHOTS/chart_100127248.embedded.png:Zone.Identifier | data/lseg/raw/90_INTERMEDIATE/SCREENSHOTS/crop_che.png:Zone.Identifier | data/lseg/raw/90_INTERMEDIATE/SCREENSHOTS/de1ee218-60dc-4b11-b243-1f352c398785.png:Zone.Identifier | data/lseg/raw/99_UNCLASSIFIED_RETAINED/LSEG_DISCOVERY_RAW_NOTES.txt:Zone.Identifier | data/lseg/raw/99_UNCLASSIFIED_RETAINED/table_100016453.xls:Zone.Identifier | data/lseg/raw/CH_DA_RAW.xlsx:Zone.Identifier | data/lseg/raw/DE_DA_RAW.xlsx:Zone.Identifier | data/lseg/raw/EDF_NUCLEAR_OUTAGE_REVISIONS_PIT.csv:Zone.Identifier | data/lseg/raw/EDF_NUCLEAR_PIT_DAILY_2021_2026.csv:Zone.Identifier | data/lseg/raw/FR_15M_RAW.xlsx:Zone.Identifier | data/lseg/raw/FR_DA_RAW_COMBINED.xlsx:Zone.Identifier | data/lseg/raw/Historique des indispo des moyens de production - depuis 2015 - 07092026-full.csv:Zone.Identifier | data/lseg/raw/IT_DA_RAW (1).xlsx:Zone.Identifier | data/lseg/raw/IT_DA_RAW.xlsx:Zone.Identifier | data/lseg/raw/IT_DEMAND_15M_ALL_ZONES_TEMPLATE.xlsx:Zone.Identifier | data/lseg/raw/IT_DEMAND_15M_NORTH.xlsx:Zone.Identifier | data/lseg/raw/IT_DEMAND_HOURLY.xlsx:Zone.Identifier | data/lseg/raw/publications-transparence-et-remit-liste-des-messages-edf-sa.csv:Zone.Identifier,Windows download-origin sidecar; excluded from data analysis.
data/lseg/raw/03_CURRENT_RECENT_LSEG/WEATHER/TEMPERATURE_REPORT.pdf,TEMPERATURE_REPORT.pdf,pdf,reference_image_or_report,weather/regime forecast reference,weather/regime forecast reference,Europe/unknown,Not applicable/non-tabular or not safely extractable,Not applicable or not declared,Not safely extractable,Not determined from file metadata,Not determined,Forecast/reference context,Not safely extractable,Not safely extractable,Not safely extractable,1503221,Not applicable/non-tabular,CURRENT_ONLY,REFERENCE_ONLY,,,Non-tabular artifact; no reliable row-level schema inferred.
data/lseg/raw/03_CURRENT_RECENT_LSEG/WEATHER/TEMPERATURE_REPORT.pdf:Zone.Identifier,TEMPERATURE_REPORT.pdf:Zone.Identifier,identifier,metadata_sidecar,ancillary file metadata,Zone.Identifier,UNKNOWN,Not applicable/non-tabular or not safely extractable,Not applicable or not declared,Not safely extractable,Not determined from file metadata,Not determined,Not determinable,Not safely extractable,Not safely extractable,Not safely extractable,25,Not applicable/non-tabular,UNKNOWN,None,,data/lseg/raw/00_START_HERE/ANONYMOUS_XLS_MAPPING.md:Zone.Identifier | data/lseg/raw/00_START_HERE/DATA_CATALOG.csv:Zone.Identifier | data/lseg/raw/00_START_HERE/EXTRACTION_STATUS_AND_GAPS.md:Zone.Identifier | data/lseg/raw/00_START_HERE/LICENSE_NOTES.md:Zone.Identifier | data/lseg/raw/00_START_HERE/MANIFEST_SHA256.csv:Zone.Identifier | data/lseg/raw/00_START_HERE/MISSING_CH_DE_RECOVERY.md:Zone.Identifier | data/lseg/raw/00_START_HERE/MISSING_CH_DE_RICS.csv:Zone.Identifier | data/lseg/raw/00_START_HERE/PROJECT_OBJECTIVE.txt:Zone.Identifier | data/lseg/raw/00_START_HERE/README_FIRST.md:Zone.Identifier | data/lseg/raw/00_START_HERE/RIC_FAMILIES.csv:Zone.Identifier | data/lseg/raw/01_CORE_HISTORICAL/FR_NUCLEAR_PIT/EDF_NUCLEAR_OUTAGE_REVISIONS_PIT.csv:Zone.Identifier | data/lseg/raw/01_CORE_HISTORICAL/FR_NUCLEAR_PIT/EDF_NUCLEAR_PIT_DAILY_2021_2026.csv:Zone.Identifier | data/lseg/raw/01_CORE_HISTORICAL/FR_NUCLEAR_PIT/EDF_NUCLEAR_PIT_SUMMARY.txt:Zone.Identifier | data/lseg/raw/01_CORE_HISTORICAL/LSEG_DEMAND/IT_DEMAND_15M_ALL_7_ZONES_2025_2026.xlsx:Zone.Identifier | data/lseg/raw/01_CORE_HISTORICAL/LSEG_DEMAND/IT_DEMAND_HOURLY_2021_2025.xlsx:Zone.Identifier | data/lseg/raw/01_CORE_HISTORICAL/LSEG_PRICES/FR_DAY_AHEAD_HOURLY_AND_15M.xlsx:Zone.Identifier | data/lseg/raw/01_CORE_HISTORICAL/LSEG_PRICES/IT_DAY_AHEAD_HOURLY_AND_15M.xlsx:Zone.Identifier | data/lseg/raw/02_SOURCE_RAW/FR_NUCLEAR/EDF_OUTAGE_HISTORY_RAW.csv:Zone.Identifier | data/lseg/raw/02_SOURCE_RAW/FR_NUCLEAR/EDF_TRANSPARENCY_REMIT_MESSAGES_RAW.csv:Zone.Identifier | data/lseg/raw/03_CURRENT_RECENT_LSEG/COST_CURVES/cost_curves_2026910_21432.xlsx:Zone.Identifier | data/lseg/raw/03_CURRENT_RECENT_LSEG/COST_CURVES/cost_curves_2026910_21543.xlsx:Zone.Identifier | data/lseg/raw/03_CURRENT_RECENT_LSEG/COST_CURVES/cost_curves_2026910_2164.xlsx:Zone.Identifier | data/lseg/raw/03_CURRENT_RECENT_LSEG/RESIDUAL_LOAD/CWE_RESIDUAL_LOAD_REPORT.pdf:Zone.Identifier | data/lseg/raw/03_CURRENT_RECENT_LSEG/RESIDUAL_LOAD/DE_RESIDUAL_LOAD_CURRENT_RECENT.xls:Zone.Identifier | data/lseg/raw/03_CURRENT_RECENT_LSEG/RESIDUAL_LOAD/DE_RESIDUAL_LOAD_REPORT.pdf:Zone.Identifier | data/lseg/raw/03_CURRENT_RECENT_LSEG/RESIDUAL_LOAD/FR_IT_RESIDUAL_LOAD_EXPORT_A.xls:Zone.Identifier | data/lseg/raw/03_CURRENT_RECENT_LSEG/RESIDUAL_LOAD/FR_IT_RESIDUAL_LOAD_EXPORT_B.xls:Zone.Identifier | data/lseg/raw/03_CURRENT_RECENT_LSEG/SUPPLY_WIND_SOLAR/GB_EMBEDDED_SOLAR_REPORT.pdf:Zone.Identifier | data/lseg/raw/03_CURRENT_RECENT_LSEG/SUPPLY_WIND_SOLAR/GB_EMBEDDED_WIND_REPORT.pdf:Zone.Identifier | data/lseg/raw/03_CURRENT_RECENT_LSEG/SUPPLY_WIND_SOLAR/SUPPLY_WIND_REPORT.pdf:Zone.Identifier | data/lseg/raw/03_CURRENT_RECENT_LSEG/WEATHER/CLOUD_COVER_CH.xls:Zone.Identifier | data/lseg/raw/03_CURRENT_RECENT_LSEG/WEATHER/CLOUD_COVER_REPORT.pdf:Zone.Identifier | data/lseg/raw/03_CURRENT_RECENT_LSEG/WEATHER/ECMWF_CLUSTER_REPORT.pdf:Zone.Identifier | data/lseg/raw/03_CURRENT_RECENT_LSEG/WEATHER/NAO_AO_REPORT.pdf:Zone.Identifier | data/lseg/raw/03_CURRENT_RECENT_LSEG/WEATHER/PRECIPITATION_ALP_AREA_REPORT.pdf:Zone.Identifier | data/lseg/raw/03_CURRENT_RECENT_LSEG/WEATHER/PRECIPITATION_CH_EFFECTIVE.xls:Zone.Identifier | data/lseg/raw/03_CURRENT_RECENT_LSEG/WEATHER/TEMPERATURE_DE_FR_AT_CH_TABLE.xls:Zone.Identifier | data/lseg/raw/03_CURRENT_RECENT_LSEG/WEATHER/TEMPERATURE_IT_CHART.xls:Zone.Identifier | data/lseg/raw/03_CURRENT_RECENT_LSEG/WEATHER/TEMPERATURE_REPORT.pdf:Zone.Identifier | data/lseg/raw/04_CROSS_BORDER_REFERENCE/01_PRICE_FLOW_GRAPH_CHE_VISIBLE.png:Zone.Identifier | data/lseg/raw/04_CROSS_BORDER_REFERENCE/02_DEU_SELECTED_CONNECTIONS.png:Zone.Identifier | data/lseg/raw/04_CROSS_BORDER_REFERENCE/03_NET_IMPORT_GRAPH.png:Zone.Identifier | data/lseg/raw/04_CROSS_BORDER_REFERENCE/04_NET_IMPORT_CHE_SELECTED_00.png:Zone.Identifier | data/lseg/raw/04_CROSS_BORDER_REFERENCE/05_NET_IMPORT_CHE_SELECTED_12.png:Zone.Identifier | data/lseg/raw/04_CROSS_BORDER_REFERENCE/06_CAPACITY_DIRECTION_1_CHE_SELECTED.png:Zone.Identifier | data/lseg/raw/04_CROSS_BORDER_REFERENCE/07_CAPACITY_DIRECTION_2_CHE_SELECTED_A.png:Zone.Identifier | data/lseg/raw/04_CROSS_BORDER_REFERENCE/08_CAPACITY_DIRECTION_2_CHE_SELECTED_B.png:Zone.Identifier | data/lseg/raw/04_CROSS_BORDER_REFERENCE/09_CAPACITY_DIRECTION_2_CHE_SELECTED_C.png:Zone.Identifier | data/lseg/raw/04_CROSS_BORDER_REFERENCE/10_SCHEDULED_EXCHANGE_NET_IMPORT_GRAPH.png:Zone.Identifier | data/lseg/raw/04_CROSS_BORDER_REFERENCE/11_SCHEDULED_EXCHANGE_CHE_SELECTED.png:Zone.Identifier | data/lseg/raw/04_CROSS_BORDER_REFERENCE/FLOWS_GRAPH_REPORT.pdf:Zone.Identifier | data/lseg/raw/05_LSEG_REFERENCE_PDFS/DEMAND_CONSUMPTION_OVERVIEW.pdf:Zone.Identifier | data/lseg/raw/90_INTERMEDIATE/LSEG_PRICE_DEMAND/FR_15M_RAW.xls.xlsx:Zone.Identifier | data/lseg/raw/90_INTERMEDIATE/LSEG_PRICE_DEMAND/FR_DA_RAW.xlsx:Zone.Identifier | data/lseg/raw/90_INTERMEDIATE/LSEG_PRICE_DEMAND/IT_DA_RAW(1).xlsx:Zone.Identifier | data/lseg/raw/90_INTERMEDIATE/LSEG_PRICE_DEMAND/IT_DA_RAW(2).xlsx:Zone.Identifier | data/lseg/raw/90_INTERMEDIATE/LSEG_PRICE_DEMAND/IT_DA_RAW(3).xlsx:Zone.Identifier | data/lseg/raw/90_INTERMEDIATE/LSEG_PRICE_DEMAND/IT_DA_RAW.xlsx:Zone.Identifier | data/lseg/raw/90_INTERMEDIATE/LSEG_PRICE_DEMAND/IT_DEMAND_15M_ALL_ZONES_TEMPLATE.xlsx:Zone.Identifier | data/lseg/raw/90_INTERMEDIATE/LSEG_PRICE_DEMAND/IT_DEMAND_15M_NORTH.xlsx:Zone.Identifier | data/lseg/raw/90_INTERMEDIATE/LSEG_PRICE_DEMAND/Mappe1(1).xlsx:Zone.Identifier | data/lseg/raw/90_INTERMEDIATE/LSEG_PRICE_DEMAND/Mappe1(2).xlsx:Zone.Identifier | data/lseg/raw/90_INTERMEDIATE/LSEG_PRICE_DEMAND/Mappe1(3).xlsx:Zone.Identifier | data/lseg/raw/90_INTERMEDIATE/LSEG_PRICE_DEMAND/Mappe1(4).xlsx:Zone.Identifier | data/lseg/raw/90_INTERMEDIATE/LSEG_PRICE_DEMAND/Mappe1(5).xlsx:Zone.Identifier | data/lseg/raw/90_INTERMEDIATE/SCREENSHOTS/0a528483-087b-4a33-a2f3-ecdd62770a3a.png:Zone.Identifier | data/lseg/raw/90_INTERMEDIATE/SCREENSHOTS/1609bf25-22b3-4c50-817b-fa945dba6bfe.png:Zone.Identifier | data/lseg/raw/90_INTERMEDIATE/SCREENSHOTS/1d02b907-f21b-48aa-bff6-9bb501bffd31.png:Zone.Identifier | data/lseg/raw/90_INTERMEDIATE/SCREENSHOTS/2bf92681-8086-451b-ad79-2cf2aaa286bf.png:Zone.Identifier | data/lseg/raw/90_INTERMEDIATE/SCREENSHOTS/5048f972-71a5-4bbb-9ebf-495783170275.png:Zone.Identifier | data/lseg/raw/90_INTERMEDIATE/SCREENSHOTS/57688dd7-cfad-46f7-9d61-7173a480ab24.png:Zone.Identifier | data/lseg/raw/90_INTERMEDIATE/SCREENSHOTS/6a48aa3a-47d9-431b-a8d4-4b421a82f395.png:Zone.Identifier | data/lseg/raw/90_INTERMEDIATE/SCREENSHOTS/6b0bf7a6-4724-4c1c-98c7-10c623883a8b.png:Zone.Identifier | data/lseg/raw/90_INTERMEDIATE/SCREENSHOTS/7cdf8489-62e1-4566-9c92-ddde781dfc41.png:Zone.Identifier | data/lseg/raw/90_INTERMEDIATE/SCREENSHOTS/839b9904-b506-4600-a582-19546fc0d0dc.png:Zone.Identifier | data/lseg/raw/90_INTERMEDIATE/SCREENSHOTS/87b02fce-0b58-4ead-b793-267dd464b8ec.png:Zone.Identifier | data/lseg/raw/90_INTERMEDIATE/SCREENSHOTS/917dfe63-9fd2-4e78-89c4-b98dcf9f033f.png:Zone.Identifier | data/lseg/raw/90_INTERMEDIATE/SCREENSHOTS/990167dc-a3d5-4b22-acec-131b4e0f87c9.png:Zone.Identifier | data/lseg/raw/90_INTERMEDIATE/SCREENSHOTS/af6db8b3-1471-4a8e-9879-1e782574016e.png:Zone.Identifier | data/lseg/raw/90_INTERMEDIATE/SCREENSHOTS/b94c25b1-cacf-496f-802b-f74a6ec3c376.png:Zone.Identifier | data/lseg/raw/90_INTERMEDIATE/SCREENSHOTS/bc276a5b-6ae8-473b-abe3-2d17e33bcdd3.png:Zone.Identifier | data/lseg/raw/90_INTERMEDIATE/SCREENSHOTS/chart_100049390.embedded.png:Zone.Identifier | data/lseg/raw/90_INTERMEDIATE/SCREENSHOTS/chart_100127248.embedded.png:Zone.Identifier | data/lseg/raw/90_INTERMEDIATE/SCREENSHOTS/crop_che.png:Zone.Identifier | data/lseg/raw/90_INTERMEDIATE/SCREENSHOTS/de1ee218-60dc-4b11-b243-1f352c398785.png:Zone.Identifier | data/lseg/raw/99_UNCLASSIFIED_RETAINED/LSEG_DISCOVERY_RAW_NOTES.txt:Zone.Identifier | data/lseg/raw/99_UNCLASSIFIED_RETAINED/table_100016453.xls:Zone.Identifier | data/lseg/raw/CH_DA_RAW.xlsx:Zone.Identifier | data/lseg/raw/DE_DA_RAW.xlsx:Zone.Identifier | data/lseg/raw/EDF_NUCLEAR_OUTAGE_REVISIONS_PIT.csv:Zone.Identifier | data/lseg/raw/EDF_NUCLEAR_PIT_DAILY_2021_2026.csv:Zone.Identifier | data/lseg/raw/FR_15M_RAW.xlsx:Zone.Identifier | data/lseg/raw/FR_DA_RAW_COMBINED.xlsx:Zone.Identifier | data/lseg/raw/Historique des indispo des moyens de production - depuis 2015 - 07092026-full.csv:Zone.Identifier | data/lseg/raw/IT_DA_RAW (1).xlsx:Zone.Identifier | data/lseg/raw/IT_DA_RAW.xlsx:Zone.Identifier | data/lseg/raw/IT_DEMAND_15M_ALL_ZONES_TEMPLATE.xlsx:Zone.Identifier | data/lseg/raw/IT_DEMAND_15M_NORTH.xlsx:Zone.Identifier | data/lseg/raw/IT_DEMAND_HOURLY.xlsx:Zone.Identifier | data/lseg/raw/publications-transparence-et-remit-liste-des-messages-edf-sa.csv:Zone.Identifier,Windows download-origin sidecar; excluded from data analysis.
data/lseg/raw/04_CROSS_BORDER_REFERENCE/01_PRICE_FLOW_GRAPH_CHE_VISIBLE.png,01_PRICE_FLOW_GRAPH_CHE_VISIBLE.png,png,reference_image_or_report,LSEG reference report,LSEG reference report,Europe/unknown,Not applicable/non-tabular or not safely extractable,Not applicable or not declared,Not safely extractable,Not determined from file metadata,Not determined,Not determinable,Not safely extractable,Not safely extractable,Not safely extractable,87637,Not applicable/non-tabular,UNKNOWN,REFERENCE_ONLY,,,Non-tabular artifact; no reliable row-level schema inferred.
data/lseg/raw/04_CROSS_BORDER_REFERENCE/01_PRICE_FLOW_GRAPH_CHE_VISIBLE.png:Zone.Identifier,01_PRICE_FLOW_GRAPH_CHE_VISIBLE.png:Zone.Identifier,identifier,metadata_sidecar,ancillary file metadata,Zone.Identifier,UNKNOWN,Not applicable/non-tabular or not safely extractable,Not applicable or not declared,Not safely extractable,Not determined from file metadata,Not determined,Not determinable,Not safely extractable,Not safely extractable,Not safely extractable,25,Not applicable/non-tabular,UNKNOWN,None,,data/lseg/raw/00_START_HERE/ANONYMOUS_XLS_MAPPING.md:Zone.Identifier | data/lseg/raw/00_START_HERE/DATA_CATALOG.csv:Zone.Identifier | data/lseg/raw/00_START_HERE/EXTRACTION_STATUS_AND_GAPS.md:Zone.Identifier | data/lseg/raw/00_START_HERE/LICENSE_NOTES.md:Zone.Identifier | data/lseg/raw/00_START_HERE/MANIFEST_SHA256.csv:Zone.Identifier | data/lseg/raw/00_START_HERE/MISSING_CH_DE_RECOVERY.md:Zone.Identifier | data/lseg/raw/00_START_HERE/MISSING_CH_DE_RICS.csv:Zone.Identifier | data/lseg/raw/00_START_HERE/PROJECT_OBJECTIVE.txt:Zone.Identifier | data/lseg/raw/00_START_HERE/README_FIRST.md:Zone.Identifier | data/lseg/raw/00_START_HERE/RIC_FAMILIES.csv:Zone.Identifier | data/lseg/raw/01_CORE_HISTORICAL/FR_NUCLEAR_PIT/EDF_NUCLEAR_OUTAGE_REVISIONS_PIT.csv:Zone.Identifier | data/lseg/raw/01_CORE_HISTORICAL/FR_NUCLEAR_PIT/EDF_NUCLEAR_PIT_DAILY_2021_2026.csv:Zone.Identifier | data/lseg/raw/01_CORE_HISTORICAL/FR_NUCLEAR_PIT/EDF_NUCLEAR_PIT_SUMMARY.txt:Zone.Identifier | data/lseg/raw/01_CORE_HISTORICAL/LSEG_DEMAND/IT_DEMAND_15M_ALL_7_ZONES_2025_2026.xlsx:Zone.Identifier | data/lseg/raw/01_CORE_HISTORICAL/LSEG_DEMAND/IT_DEMAND_HOURLY_2021_2025.xlsx:Zone.Identifier | data/lseg/raw/01_CORE_HISTORICAL/LSEG_PRICES/FR_DAY_AHEAD_HOURLY_AND_15M.xlsx:Zone.Identifier | data/lseg/raw/01_CORE_HISTORICAL/LSEG_PRICES/IT_DAY_AHEAD_HOURLY_AND_15M.xlsx:Zone.Identifier | data/lseg/raw/02_SOURCE_RAW/FR_NUCLEAR/EDF_OUTAGE_HISTORY_RAW.csv:Zone.Identifier | data/lseg/raw/02_SOURCE_RAW/FR_NUCLEAR/EDF_TRANSPARENCY_REMIT_MESSAGES_RAW.csv:Zone.Identifier | data/lseg/raw/03_CURRENT_RECENT_LSEG/COST_CURVES/cost_curves_2026910_21432.xlsx:Zone.Identifier | data/lseg/raw/03_CURRENT_RECENT_LSEG/COST_CURVES/cost_curves_2026910_21543.xlsx:Zone.Identifier | data/lseg/raw/03_CURRENT_RECENT_LSEG/COST_CURVES/cost_curves_2026910_2164.xlsx:Zone.Identifier | data/lseg/raw/03_CURRENT_RECENT_LSEG/RESIDUAL_LOAD/CWE_RESIDUAL_LOAD_REPORT.pdf:Zone.Identifier | data/lseg/raw/03_CURRENT_RECENT_LSEG/RESIDUAL_LOAD/DE_RESIDUAL_LOAD_CURRENT_RECENT.xls:Zone.Identifier | data/lseg/raw/03_CURRENT_RECENT_LSEG/RESIDUAL_LOAD/DE_RESIDUAL_LOAD_REPORT.pdf:Zone.Identifier | data/lseg/raw/03_CURRENT_RECENT_LSEG/RESIDUAL_LOAD/FR_IT_RESIDUAL_LOAD_EXPORT_A.xls:Zone.Identifier | data/lseg/raw/03_CURRENT_RECENT_LSEG/RESIDUAL_LOAD/FR_IT_RESIDUAL_LOAD_EXPORT_B.xls:Zone.Identifier | data/lseg/raw/03_CURRENT_RECENT_LSEG/SUPPLY_WIND_SOLAR/GB_EMBEDDED_SOLAR_REPORT.pdf:Zone.Identifier | data/lseg/raw/03_CURRENT_RECENT_LSEG/SUPPLY_WIND_SOLAR/GB_EMBEDDED_WIND_REPORT.pdf:Zone.Identifier | data/lseg/raw/03_CURRENT_RECENT_LSEG/SUPPLY_WIND_SOLAR/SUPPLY_WIND_REPORT.pdf:Zone.Identifier | data/lseg/raw/03_CURRENT_RECENT_LSEG/WEATHER/CLOUD_COVER_CH.xls:Zone.Identifier | data/lseg/raw/03_CURRENT_RECENT_LSEG/WEATHER/CLOUD_COVER_REPORT.pdf:Zone.Identifier | data/lseg/raw/03_CURRENT_RECENT_LSEG/WEATHER/ECMWF_CLUSTER_REPORT.pdf:Zone.Identifier | data/lseg/raw/03_CURRENT_RECENT_LSEG/WEATHER/NAO_AO_REPORT.pdf:Zone.Identifier | data/lseg/raw/03_CURRENT_RECENT_LSEG/WEATHER/PRECIPITATION_ALP_AREA_REPORT.pdf:Zone.Identifier | data/lseg/raw/03_CURRENT_RECENT_LSEG/WEATHER/PRECIPITATION_CH_EFFECTIVE.xls:Zone.Identifier | data/lseg/raw/03_CURRENT_RECENT_LSEG/WEATHER/TEMPERATURE_DE_FR_AT_CH_TABLE.xls:Zone.Identifier | data/lseg/raw/03_CURRENT_RECENT_LSEG/WEATHER/TEMPERATURE_IT_CHART.xls:Zone.Identifier | data/lseg/raw/03_CURRENT_RECENT_LSEG/WEATHER/TEMPERATURE_REPORT.pdf:Zone.Identifier | data/lseg/raw/04_CROSS_BORDER_REFERENCE/01_PRICE_FLOW_GRAPH_CHE_VISIBLE.png:Zone.Identifier | data/lseg/raw/04_CROSS_BORDER_REFERENCE/02_DEU_SELECTED_CONNECTIONS.png:Zone.Identifier | data/lseg/raw/04_CROSS_BORDER_REFERENCE/03_NET_IMPORT_GRAPH.png:Zone.Identifier | data/lseg/raw/04_CROSS_BORDER_REFERENCE/04_NET_IMPORT_CHE_SELECTED_00.png:Zone.Identifier | data/lseg/raw/04_CROSS_BORDER_REFERENCE/05_NET_IMPORT_CHE_SELECTED_12.png:Zone.Identifier | data/lseg/raw/04_CROSS_BORDER_REFERENCE/06_CAPACITY_DIRECTION_1_CHE_SELECTED.png:Zone.Identifier | data/lseg/raw/04_CROSS_BORDER_REFERENCE/07_CAPACITY_DIRECTION_2_CHE_SELECTED_A.png:Zone.Identifier | data/lseg/raw/04_CROSS_BORDER_REFERENCE/08_CAPACITY_DIRECTION_2_CHE_SELECTED_B.png:Zone.Identifier | data/lseg/raw/04_CROSS_BORDER_REFERENCE/09_CAPACITY_DIRECTION_2_CHE_SELECTED_C.png:Zone.Identifier | data/lseg/raw/04_CROSS_BORDER_REFERENCE/10_SCHEDULED_EXCHANGE_NET_IMPORT_GRAPH.png:Zone.Identifier | data/lseg/raw/04_CROSS_BORDER_REFERENCE/11_SCHEDULED_EXCHANGE_CHE_SELECTED.png:Zone.Identifier | data/lseg/raw/04_CROSS_BORDER_REFERENCE/FLOWS_GRAPH_REPORT.pdf:Zone.Identifier | data/lseg/raw/05_LSEG_REFERENCE_PDFS/DEMAND_CONSUMPTION_OVERVIEW.pdf:Zone.Identifier | data/lseg/raw/90_INTERMEDIATE/LSEG_PRICE_DEMAND/FR_15M_RAW.xls.xlsx:Zone.Identifier | data/lseg/raw/90_INTERMEDIATE/LSEG_PRICE_DEMAND/FR_DA_RAW.xlsx:Zone.Identifier | data/lseg/raw/90_INTERMEDIATE/LSEG_PRICE_DEMAND/IT_DA_RAW(1).xlsx:Zone.Identifier | data/lseg/raw/90_INTERMEDIATE/LSEG_PRICE_DEMAND/IT_DA_RAW(2).xlsx:Zone.Identifier | data/lseg/raw/90_INTERMEDIATE/LSEG_PRICE_DEMAND/IT_DA_RAW(3).xlsx:Zone.Identifier | data/lseg/raw/90_INTERMEDIATE/LSEG_PRICE_DEMAND/IT_DA_RAW.xlsx:Zone.Identifier | data/lseg/raw/90_INTERMEDIATE/LSEG_PRICE_DEMAND/IT_DEMAND_15M_ALL_ZONES_TEMPLATE.xlsx:Zone.Identifier | data/lseg/raw/90_INTERMEDIATE/LSEG_PRICE_DEMAND/IT_DEMAND_15M_NORTH.xlsx:Zone.Identifier | data/lseg/raw/90_INTERMEDIATE/LSEG_PRICE_DEMAND/Mappe1(1).xlsx:Zone.Identifier | data/lseg/raw/90_INTERMEDIATE/LSEG_PRICE_DEMAND/Mappe1(2).xlsx:Zone.Identifier | data/lseg/raw/90_INTERMEDIATE/LSEG_PRICE_DEMAND/Mappe1(3).xlsx:Zone.Identifier | data/lseg/raw/90_INTERMEDIATE/LSEG_PRICE_DEMAND/Mappe1(4).xlsx:Zone.Identifier | data/lseg/raw/90_INTERMEDIATE/LSEG_PRICE_DEMAND/Mappe1(5).xlsx:Zone.Identifier | data/lseg/raw/90_INTERMEDIATE/SCREENSHOTS/0a528483-087b-4a33-a2f3-ecdd62770a3a.png:Zone.Identifier | data/lseg/raw/90_INTERMEDIATE/SCREENSHOTS/1609bf25-22b3-4c50-817b-fa945dba6bfe.png:Zone.Identifier | data/lseg/raw/90_INTERMEDIATE/SCREENSHOTS/1d02b907-f21b-48aa-bff6-9bb501bffd31.png:Zone.Identifier | data/lseg/raw/90_INTERMEDIATE/SCREENSHOTS/2bf92681-8086-451b-ad79-2cf2aaa286bf.png:Zone.Identifier | data/lseg/raw/90_INTERMEDIATE/SCREENSHOTS/5048f972-71a5-4bbb-9ebf-495783170275.png:Zone.Identifier | data/lseg/raw/90_INTERMEDIATE/SCREENSHOTS/57688dd7-cfad-46f7-9d61-7173a480ab24.png:Zone.Identifier | data/lseg/raw/90_INTERMEDIATE/SCREENSHOTS/6a48aa3a-47d9-431b-a8d4-4b421a82f395.png:Zone.Identifier | data/lseg/raw/90_INTERMEDIATE/SCREENSHOTS/6b0bf7a6-4724-4c1c-98c7-10c623883a8b.png:Zone.Identifier | data/lseg/raw/90_INTERMEDIATE/SCREENSHOTS/7cdf8489-62e1-4566-9c92-ddde781dfc41.png:Zone.Identifier | data/lseg/raw/90_INTERMEDIATE/SCREENSHOTS/839b9904-b506-4600-a582-19546fc0d0dc.png:Zone.Identifier | data/lseg/raw/90_INTERMEDIATE/SCREENSHOTS/87b02fce-0b58-4ead-b793-267dd464b8ec.png:Zone.Identifier | data/lseg/raw/90_INTERMEDIATE/SCREENSHOTS/917dfe63-9fd2-4e78-89c4-b98dcf9f033f.png:Zone.Identifier | data/lseg/raw/90_INTERMEDIATE/SCREENSHOTS/990167dc-a3d5-4b22-acec-131b4e0f87c9.png:Zone.Identifier | data/lseg/raw/90_INTERMEDIATE/SCREENSHOTS/af6db8b3-1471-4a8e-9879-1e782574016e.png:Zone.Identifier | data/lseg/raw/90_INTERMEDIATE/SCREENSHOTS/b94c25b1-cacf-496f-802b-f74a6ec3c376.png:Zone.Identifier | data/lseg/raw/90_INTERMEDIATE/SCREENSHOTS/bc276a5b-6ae8-473b-abe3-2d17e33bcdd3.png:Zone.Identifier | data/lseg/raw/90_INTERMEDIATE/SCREENSHOTS/chart_100049390.embedded.png:Zone.Identifier | data/lseg/raw/90_INTERMEDIATE/SCREENSHOTS/chart_100127248.embedded.png:Zone.Identifier | data/lseg/raw/90_INTERMEDIATE/SCREENSHOTS/crop_che.png:Zone.Identifier | data/lseg/raw/90_INTERMEDIATE/SCREENSHOTS/de1ee218-60dc-4b11-b243-1f352c398785.png:Zone.Identifier | data/lseg/raw/99_UNCLASSIFIED_RETAINED/LSEG_DISCOVERY_RAW_NOTES.txt:Zone.Identifier | data/lseg/raw/99_UNCLASSIFIED_RETAINED/table_100016453.xls:Zone.Identifier | data/lseg/raw/CH_DA_RAW.xlsx:Zone.Identifier | data/lseg/raw/DE_DA_RAW.xlsx:Zone.Identifier | data/lseg/raw/EDF_NUCLEAR_OUTAGE_REVISIONS_PIT.csv:Zone.Identifier | data/lseg/raw/EDF_NUCLEAR_PIT_DAILY_2021_2026.csv:Zone.Identifier | data/lseg/raw/FR_15M_RAW.xlsx:Zone.Identifier | data/lseg/raw/FR_DA_RAW_COMBINED.xlsx:Zone.Identifier | data/lseg/raw/Historique des indispo des moyens de production - depuis 2015 - 07092026-full.csv:Zone.Identifier | data/lseg/raw/IT_DA_RAW (1).xlsx:Zone.Identifier | data/lseg/raw/IT_DA_RAW.xlsx:Zone.Identifier | data/lseg/raw/IT_DEMAND_15M_ALL_ZONES_TEMPLATE.xlsx:Zone.Identifier | data/lseg/raw/IT_DEMAND_15M_NORTH.xlsx:Zone.Identifier | data/lseg/raw/IT_DEMAND_HOURLY.xlsx:Zone.Identifier | data/lseg/raw/publications-transparence-et-remit-liste-des-messages-edf-sa.csv:Zone.Identifier,Windows download-origin sidecar; excluded from data analysis.
data/lseg/raw/04_CROSS_BORDER_REFERENCE/02_DEU_SELECTED_CONNECTIONS.png,02_DEU_SELECTED_CONNECTIONS.png,png,reference_image_or_report,LSEG reference report,LSEG reference report,Europe/unknown,Not applicable/non-tabular or not safely extractable,Not applicable or not declared,Not safely extractable,Not determined from file metadata,Not determined,Not determinable,Not safely extractable,Not safely extractable,Not safely extractable,66494,Not applicable/non-tabular,UNKNOWN,REFERENCE_ONLY,,,Non-tabular artifact; no reliable row-level schema inferred.
data/lseg/raw/04_CROSS_BORDER_REFERENCE/02_DEU_SELECTED_CONNECTIONS.png:Zone.Identifier,02_DEU_SELECTED_CONNECTIONS.png:Zone.Identifier,identifier,metadata_sidecar,ancillary file metadata,Zone.Identifier,UNKNOWN,Not applicable/non-tabular or not safely extractable,Not applicable or not declared,Not safely extractable,Not determined from file metadata,Not determined,Not determinable,Not safely extractable,Not safely extractable,Not safely extractable,25,Not applicable/non-tabular,UNKNOWN,None,,data/lseg/raw/00_START_HERE/ANONYMOUS_XLS_MAPPING.md:Zone.Identifier | data/lseg/raw/00_START_HERE/DATA_CATALOG.csv:Zone.Identifier | data/lseg/raw/00_START_HERE/EXTRACTION_STATUS_AND_GAPS.md:Zone.Identifier | data/lseg/raw/00_START_HERE/LICENSE_NOTES.md:Zone.Identifier | data/lseg/raw/00_START_HERE/MANIFEST_SHA256.csv:Zone.Identifier | data/lseg/raw/00_START_HERE/MISSING_CH_DE_RECOVERY.md:Zone.Identifier | data/lseg/raw/00_START_HERE/MISSING_CH_DE_RICS.csv:Zone.Identifier | data/lseg/raw/00_START_HERE/PROJECT_OBJECTIVE.txt:Zone.Identifier | data/lseg/raw/00_START_HERE/README_FIRST.md:Zone.Identifier | data/lseg/raw/00_START_HERE/RIC_FAMILIES.csv:Zone.Identifier | data/lseg/raw/01_CORE_HISTORICAL/FR_NUCLEAR_PIT/EDF_NUCLEAR_OUTAGE_REVISIONS_PIT.csv:Zone.Identifier | data/lseg/raw/01_CORE_HISTORICAL/FR_NUCLEAR_PIT/EDF_NUCLEAR_PIT_DAILY_2021_2026.csv:Zone.Identifier | data/lseg/raw/01_CORE_HISTORICAL/FR_NUCLEAR_PIT/EDF_NUCLEAR_PIT_SUMMARY.txt:Zone.Identifier | data/lseg/raw/01_CORE_HISTORICAL/LSEG_DEMAND/IT_DEMAND_15M_ALL_7_ZONES_2025_2026.xlsx:Zone.Identifier | data/lseg/raw/01_CORE_HISTORICAL/LSEG_DEMAND/IT_DEMAND_HOURLY_2021_2025.xlsx:Zone.Identifier | data/lseg/raw/01_CORE_HISTORICAL/LSEG_PRICES/FR_DAY_AHEAD_HOURLY_AND_15M.xlsx:Zone.Identifier | data/lseg/raw/01_CORE_HISTORICAL/LSEG_PRICES/IT_DAY_AHEAD_HOURLY_AND_15M.xlsx:Zone.Identifier | data/lseg/raw/02_SOURCE_RAW/FR_NUCLEAR/EDF_OUTAGE_HISTORY_RAW.csv:Zone.Identifier | data/lseg/raw/02_SOURCE_RAW/FR_NUCLEAR/EDF_TRANSPARENCY_REMIT_MESSAGES_RAW.csv:Zone.Identifier | data/lseg/raw/03_CURRENT_RECENT_LSEG/COST_CURVES/cost_curves_2026910_21432.xlsx:Zone.Identifier | data/lseg/raw/03_CURRENT_RECENT_LSEG/COST_CURVES/cost_curves_2026910_21543.xlsx:Zone.Identifier | data/lseg/raw/03_CURRENT_RECENT_LSEG/COST_CURVES/cost_curves_2026910_2164.xlsx:Zone.Identifier | data/lseg/raw/03_CURRENT_RECENT_LSEG/RESIDUAL_LOAD/CWE_RESIDUAL_LOAD_REPORT.pdf:Zone.Identifier | data/lseg/raw/03_CURRENT_RECENT_LSEG/RESIDUAL_LOAD/DE_RESIDUAL_LOAD_CURRENT_RECENT.xls:Zone.Identifier | data/lseg/raw/03_CURRENT_RECENT_LSEG/RESIDUAL_LOAD/DE_RESIDUAL_LOAD_REPORT.pdf:Zone.Identifier | data/lseg/raw/03_CURRENT_RECENT_LSEG/RESIDUAL_LOAD/FR_IT_RESIDUAL_LOAD_EXPORT_A.xls:Zone.Identifier | data/lseg/raw/03_CURRENT_RECENT_LSEG/RESIDUAL_LOAD/FR_IT_RESIDUAL_LOAD_EXPORT_B.xls:Zone.Identifier | data/lseg/raw/03_CURRENT_RECENT_LSEG/SUPPLY_WIND_SOLAR/GB_EMBEDDED_SOLAR_REPORT.pdf:Zone.Identifier | data/lseg/raw/03_CURRENT_RECENT_LSEG/SUPPLY_WIND_SOLAR/GB_EMBEDDED_WIND_REPORT.pdf:Zone.Identifier | data/lseg/raw/03_CURRENT_RECENT_LSEG/SUPPLY_WIND_SOLAR/SUPPLY_WIND_REPORT.pdf:Zone.Identifier | data/lseg/raw/03_CURRENT_RECENT_LSEG/WEATHER/CLOUD_COVER_CH.xls:Zone.Identifier | data/lseg/raw/03_CURRENT_RECENT_LSEG/WEATHER/CLOUD_COVER_REPORT.pdf:Zone.Identifier | data/lseg/raw/03_CURRENT_RECENT_LSEG/WEATHER/ECMWF_CLUSTER_REPORT.pdf:Zone.Identifier | data/lseg/raw/03_CURRENT_RECENT_LSEG/WEATHER/NAO_AO_REPORT.pdf:Zone.Identifier | data/lseg/raw/03_CURRENT_RECENT_LSEG/WEATHER/PRECIPITATION_ALP_AREA_REPORT.pdf:Zone.Identifier | data/lseg/raw/03_CURRENT_RECENT_LSEG/WEATHER/PRECIPITATION_CH_EFFECTIVE.xls:Zone.Identifier | data/lseg/raw/03_CURRENT_RECENT_LSEG/WEATHER/TEMPERATURE_DE_FR_AT_CH_TABLE.xls:Zone.Identifier | data/lseg/raw/03_CURRENT_RECENT_LSEG/WEATHER/TEMPERATURE_IT_CHART.xls:Zone.Identifier | data/lseg/raw/03_CURRENT_RECENT_LSEG/WEATHER/TEMPERATURE_REPORT.pdf:Zone.Identifier | data/lseg/raw/04_CROSS_BORDER_REFERENCE/01_PRICE_FLOW_GRAPH_CHE_VISIBLE.png:Zone.Identifier | data/lseg/raw/04_CROSS_BORDER_REFERENCE/02_DEU_SELECTED_CONNECTIONS.png:Zone.Identifier | data/lseg/raw/04_CROSS_BORDER_REFERENCE/03_NET_IMPORT_GRAPH.png:Zone.Identifier | data/lseg/raw/04_CROSS_BORDER_REFERENCE/04_NET_IMPORT_CHE_SELECTED_00.png:Zone.Identifier | data/lseg/raw/04_CROSS_BORDER_REFERENCE/05_NET_IMPORT_CHE_SELECTED_12.png:Zone.Identifier | data/lseg/raw/04_CROSS_BORDER_REFERENCE/06_CAPACITY_DIRECTION_1_CHE_SELECTED.png:Zone.Identifier | data/lseg/raw/04_CROSS_BORDER_REFERENCE/07_CAPACITY_DIRECTION_2_CHE_SELECTED_A.png:Zone.Identifier | data/lseg/raw/04_CROSS_BORDER_REFERENCE/08_CAPACITY_DIRECTION_2_CHE_SELECTED_B.png:Zone.Identifier | data/lseg/raw/04_CROSS_BORDER_REFERENCE/09_CAPACITY_DIRECTION_2_CHE_SELECTED_C.png:Zone.Identifier | data/lseg/raw/04_CROSS_BORDER_REFERENCE/10_SCHEDULED_EXCHANGE_NET_IMPORT_GRAPH.png:Zone.Identifier | data/lseg/raw/04_CROSS_BORDER_REFERENCE/11_SCHEDULED_EXCHANGE_CHE_SELECTED.png:Zone.Identifier | data/lseg/raw/04_CROSS_BORDER_REFERENCE/FLOWS_GRAPH_REPORT.pdf:Zone.Identifier | data/lseg/raw/05_LSEG_REFERENCE_PDFS/DEMAND_CONSUMPTION_OVERVIEW.pdf:Zone.Identifier | data/lseg/raw/90_INTERMEDIATE/LSEG_PRICE_DEMAND/FR_15M_RAW.xls.xlsx:Zone.Identifier | data/lseg/raw/90_INTERMEDIATE/LSEG_PRICE_DEMAND/FR_DA_RAW.xlsx:Zone.Identifier | data/lseg/raw/90_INTERMEDIATE/LSEG_PRICE_DEMAND/IT_DA_RAW(1).xlsx:Zone.Identifier | data/lseg/raw/90_INTERMEDIATE/LSEG_PRICE_DEMAND/IT_DA_RAW(2).xlsx:Zone.Identifier | data/lseg/raw/90_INTERMEDIATE/LSEG_PRICE_DEMAND/IT_DA_RAW(3).xlsx:Zone.Identifier | data/lseg/raw/90_INTERMEDIATE/LSEG_PRICE_DEMAND/IT_DA_RAW.xlsx:Zone.Identifier | data/lseg/raw/90_INTERMEDIATE/LSEG_PRICE_DEMAND/IT_DEMAND_15M_ALL_ZONES_TEMPLATE.xlsx:Zone.Identifier | data/lseg/raw/90_INTERMEDIATE/LSEG_PRICE_DEMAND/IT_DEMAND_15M_NORTH.xlsx:Zone.Identifier | data/lseg/raw/90_INTERMEDIATE/LSEG_PRICE_DEMAND/Mappe1(1).xlsx:Zone.Identifier | data/lseg/raw/90_INTERMEDIATE/LSEG_PRICE_DEMAND/Mappe1(2).xlsx:Zone.Identifier | data/lseg/raw/90_INTERMEDIATE/LSEG_PRICE_DEMAND/Mappe1(3).xlsx:Zone.Identifier | data/lseg/raw/90_INTERMEDIATE/LSEG_PRICE_DEMAND/Mappe1(4).xlsx:Zone.Identifier | data/lseg/raw/90_INTERMEDIATE/LSEG_PRICE_DEMAND/Mappe1(5).xlsx:Zone.Identifier | data/lseg/raw/90_INTERMEDIATE/SCREENSHOTS/0a528483-087b-4a33-a2f3-ecdd62770a3a.png:Zone.Identifier | data/lseg/raw/90_INTERMEDIATE/SCREENSHOTS/1609bf25-22b3-4c50-817b-fa945dba6bfe.png:Zone.Identifier | data/lseg/raw/90_INTERMEDIATE/SCREENSHOTS/1d02b907-f21b-48aa-bff6-9bb501bffd31.png:Zone.Identifier | data/lseg/raw/90_INTERMEDIATE/SCREENSHOTS/2bf92681-8086-451b-ad79-2cf2aaa286bf.png:Zone.Identifier | data/lseg/raw/90_INTERMEDIATE/SCREENSHOTS/5048f972-71a5-4bbb-9ebf-495783170275.png:Zone.Identifier | data/lseg/raw/90_INTERMEDIATE/SCREENSHOTS/57688dd7-cfad-46f7-9d61-7173a480ab24.png:Zone.Identifier | data/lseg/raw/90_INTERMEDIATE/SCREENSHOTS/6a48aa3a-47d9-431b-a8d4-4b421a82f395.png:Zone.Identifier | data/lseg/raw/90_INTERMEDIATE/SCREENSHOTS/6b0bf7a6-4724-4c1c-98c7-10c623883a8b.png:Zone.Identifier | data/lseg/raw/90_INTERMEDIATE/SCREENSHOTS/7cdf8489-62e1-4566-9c92-ddde781dfc41.png:Zone.Identifier | data/lseg/raw/90_INTERMEDIATE/SCREENSHOTS/839b9904-b506-4600-a582-19546fc0d0dc.png:Zone.Identifier | data/lseg/raw/90_INTERMEDIATE/SCREENSHOTS/87b02fce-0b58-4ead-b793-267dd464b8ec.png:Zone.Identifier | data/lseg/raw/90_INTERMEDIATE/SCREENSHOTS/917dfe63-9fd2-4e78-89c4-b98dcf9f033f.png:Zone.Identifier | data/lseg/raw/90_INTERMEDIATE/SCREENSHOTS/990167dc-a3d5-4b22-acec-131b4e0f87c9.png:Zone.Identifier | data/lseg/raw/90_INTERMEDIATE/SCREENSHOTS/af6db8b3-1471-4a8e-9879-1e782574016e.png:Zone.Identifier | data/lseg/raw/90_INTERMEDIATE/SCREENSHOTS/b94c25b1-cacf-496f-802b-f74a6ec3c376.png:Zone.Identifier | data/lseg/raw/90_INTERMEDIATE/SCREENSHOTS/bc276a5b-6ae8-473b-abe3-2d17e33bcdd3.png:Zone.Identifier | data/lseg/raw/90_INTERMEDIATE/SCREENSHOTS/chart_100049390.embedded.png:Zone.Identifier | data/lseg/raw/90_INTERMEDIATE/SCREENSHOTS/chart_100127248.embedded.png:Zone.Identifier | data/lseg/raw/90_INTERMEDIATE/SCREENSHOTS/crop_che.png:Zone.Identifier | data/lseg/raw/90_INTERMEDIATE/SCREENSHOTS/de1ee218-60dc-4b11-b243-1f352c398785.png:Zone.Identifier | data/lseg/raw/99_UNCLASSIFIED_RETAINED/LSEG_DISCOVERY_RAW_NOTES.txt:Zone.Identifier | data/lseg/raw/99_UNCLASSIFIED_RETAINED/table_100016453.xls:Zone.Identifier | data/lseg/raw/CH_DA_RAW.xlsx:Zone.Identifier | data/lseg/raw/DE_DA_RAW.xlsx:Zone.Identifier | data/lseg/raw/EDF_NUCLEAR_OUTAGE_REVISIONS_PIT.csv:Zone.Identifier | data/lseg/raw/EDF_NUCLEAR_PIT_DAILY_2021_2026.csv:Zone.Identifier | data/lseg/raw/FR_15M_RAW.xlsx:Zone.Identifier | data/lseg/raw/FR_DA_RAW_COMBINED.xlsx:Zone.Identifier | data/lseg/raw/Historique des indispo des moyens de production - depuis 2015 - 07092026-full.csv:Zone.Identifier | data/lseg/raw/IT_DA_RAW (1).xlsx:Zone.Identifier | data/lseg/raw/IT_DA_RAW.xlsx:Zone.Identifier | data/lseg/raw/IT_DEMAND_15M_ALL_ZONES_TEMPLATE.xlsx:Zone.Identifier | data/lseg/raw/IT_DEMAND_15M_NORTH.xlsx:Zone.Identifier | data/lseg/raw/IT_DEMAND_HOURLY.xlsx:Zone.Identifier | data/lseg/raw/publications-transparence-et-remit-liste-des-messages-edf-sa.csv:Zone.Identifier,Windows download-origin sidecar; excluded from data analysis.
data/lseg/raw/04_CROSS_BORDER_REFERENCE/03_NET_IMPORT_GRAPH.png,03_NET_IMPORT_GRAPH.png,png,reference_image_or_report,LSEG reference report,LSEG reference report,Europe/unknown,Not applicable/non-tabular or not safely extractable,Not applicable or not declared,Not safely extractable,Not determined from file metadata,Not determined,Not determinable,Not safely extractable,Not safely extractable,Not safely extractable,72279,Not applicable/non-tabular,UNKNOWN,REFERENCE_ONLY,,,Non-tabular artifact; no reliable row-level schema inferred.
data/lseg/raw/04_CROSS_BORDER_REFERENCE/03_NET_IMPORT_GRAPH.png:Zone.Identifier,03_NET_IMPORT_GRAPH.png:Zone.Identifier,identifier,metadata_sidecar,ancillary file metadata,Zone.Identifier,UNKNOWN,Not applicable/non-tabular or not safely extractable,Not applicable or not declared,Not safely extractable,Not determined from file metadata,Not determined,Not determinable,Not safely extractable,Not safely extractable,Not safely extractable,25,Not applicable/non-tabular,UNKNOWN,None,,data/lseg/raw/00_START_HERE/ANONYMOUS_XLS_MAPPING.md:Zone.Identifier | data/lseg/raw/00_START_HERE/DATA_CATALOG.csv:Zone.Identifier | data/lseg/raw/00_START_HERE/EXTRACTION_STATUS_AND_GAPS.md:Zone.Identifier | data/lseg/raw/00_START_HERE/LICENSE_NOTES.md:Zone.Identifier | data/lseg/raw/00_START_HERE/MANIFEST_SHA256.csv:Zone.Identifier | data/lseg/raw/00_START_HERE/MISSING_CH_DE_RECOVERY.md:Zone.Identifier | data/lseg/raw/00_START_HERE/MISSING_CH_DE_RICS.csv:Zone.Identifier | data/lseg/raw/00_START_HERE/PROJECT_OBJECTIVE.txt:Zone.Identifier | data/lseg/raw/00_START_HERE/README_FIRST.md:Zone.Identifier | data/lseg/raw/00_START_HERE/RIC_FAMILIES.csv:Zone.Identifier | data/lseg/raw/01_CORE_HISTORICAL/FR_NUCLEAR_PIT/EDF_NUCLEAR_OUTAGE_REVISIONS_PIT.csv:Zone.Identifier | data/lseg/raw/01_CORE_HISTORICAL/FR_NUCLEAR_PIT/EDF_NUCLEAR_PIT_DAILY_2021_2026.csv:Zone.Identifier | data/lseg/raw/01_CORE_HISTORICAL/FR_NUCLEAR_PIT/EDF_NUCLEAR_PIT_SUMMARY.txt:Zone.Identifier | data/lseg/raw/01_CORE_HISTORICAL/LSEG_DEMAND/IT_DEMAND_15M_ALL_7_ZONES_2025_2026.xlsx:Zone.Identifier | data/lseg/raw/01_CORE_HISTORICAL/LSEG_DEMAND/IT_DEMAND_HOURLY_2021_2025.xlsx:Zone.Identifier | data/lseg/raw/01_CORE_HISTORICAL/LSEG_PRICES/FR_DAY_AHEAD_HOURLY_AND_15M.xlsx:Zone.Identifier | data/lseg/raw/01_CORE_HISTORICAL/LSEG_PRICES/IT_DAY_AHEAD_HOURLY_AND_15M.xlsx:Zone.Identifier | data/lseg/raw/02_SOURCE_RAW/FR_NUCLEAR/EDF_OUTAGE_HISTORY_RAW.csv:Zone.Identifier | data/lseg/raw/02_SOURCE_RAW/FR_NUCLEAR/EDF_TRANSPARENCY_REMIT_MESSAGES_RAW.csv:Zone.Identifier | data/lseg/raw/03_CURRENT_RECENT_LSEG/COST_CURVES/cost_curves_2026910_21432.xlsx:Zone.Identifier | data/lseg/raw/03_CURRENT_RECENT_LSEG/COST_CURVES/cost_curves_2026910_21543.xlsx:Zone.Identifier | data/lseg/raw/03_CURRENT_RECENT_LSEG/COST_CURVES/cost_curves_2026910_2164.xlsx:Zone.Identifier | data/lseg/raw/03_CURRENT_RECENT_LSEG/RESIDUAL_LOAD/CWE_RESIDUAL_LOAD_REPORT.pdf:Zone.Identifier | data/lseg/raw/03_CURRENT_RECENT_LSEG/RESIDUAL_LOAD/DE_RESIDUAL_LOAD_CURRENT_RECENT.xls:Zone.Identifier | data/lseg/raw/03_CURRENT_RECENT_LSEG/RESIDUAL_LOAD/DE_RESIDUAL_LOAD_REPORT.pdf:Zone.Identifier | data/lseg/raw/03_CURRENT_RECENT_LSEG/RESIDUAL_LOAD/FR_IT_RESIDUAL_LOAD_EXPORT_A.xls:Zone.Identifier | data/lseg/raw/03_CURRENT_RECENT_LSEG/RESIDUAL_LOAD/FR_IT_RESIDUAL_LOAD_EXPORT_B.xls:Zone.Identifier | data/lseg/raw/03_CURRENT_RECENT_LSEG/SUPPLY_WIND_SOLAR/GB_EMBEDDED_SOLAR_REPORT.pdf:Zone.Identifier | data/lseg/raw/03_CURRENT_RECENT_LSEG/SUPPLY_WIND_SOLAR/GB_EMBEDDED_WIND_REPORT.pdf:Zone.Identifier | data/lseg/raw/03_CURRENT_RECENT_LSEG/SUPPLY_WIND_SOLAR/SUPPLY_WIND_REPORT.pdf:Zone.Identifier | data/lseg/raw/03_CURRENT_RECENT_LSEG/WEATHER/CLOUD_COVER_CH.xls:Zone.Identifier | data/lseg/raw/03_CURRENT_RECENT_LSEG/WEATHER/CLOUD_COVER_REPORT.pdf:Zone.Identifier | data/lseg/raw/03_CURRENT_RECENT_LSEG/WEATHER/ECMWF_CLUSTER_REPORT.pdf:Zone.Identifier | data/lseg/raw/03_CURRENT_RECENT_LSEG/WEATHER/NAO_AO_REPORT.pdf:Zone.Identifier | data/lseg/raw/03_CURRENT_RECENT_LSEG/WEATHER/PRECIPITATION_ALP_AREA_REPORT.pdf:Zone.Identifier | data/lseg/raw/03_CURRENT_RECENT_LSEG/WEATHER/PRECIPITATION_CH_EFFECTIVE.xls:Zone.Identifier | data/lseg/raw/03_CURRENT_RECENT_LSEG/WEATHER/TEMPERATURE_DE_FR_AT_CH_TABLE.xls:Zone.Identifier | data/lseg/raw/03_CURRENT_RECENT_LSEG/WEATHER/TEMPERATURE_IT_CHART.xls:Zone.Identifier | data/lseg/raw/03_CURRENT_RECENT_LSEG/WEATHER/TEMPERATURE_REPORT.pdf:Zone.Identifier | data/lseg/raw/04_CROSS_BORDER_REFERENCE/01_PRICE_FLOW_GRAPH_CHE_VISIBLE.png:Zone.Identifier | data/lseg/raw/04_CROSS_BORDER_REFERENCE/02_DEU_SELECTED_CONNECTIONS.png:Zone.Identifier | data/lseg/raw/04_CROSS_BORDER_REFERENCE/03_NET_IMPORT_GRAPH.png:Zone.Identifier | data/lseg/raw/04_CROSS_BORDER_REFERENCE/04_NET_IMPORT_CHE_SELECTED_00.png:Zone.Identifier | data/lseg/raw/04_CROSS_BORDER_REFERENCE/05_NET_IMPORT_CHE_SELECTED_12.png:Zone.Identifier | data/lseg/raw/04_CROSS_BORDER_REFERENCE/06_CAPACITY_DIRECTION_1_CHE_SELECTED.png:Zone.Identifier | data/lseg/raw/04_CROSS_BORDER_REFERENCE/07_CAPACITY_DIRECTION_2_CHE_SELECTED_A.png:Zone.Identifier | data/lseg/raw/04_CROSS_BORDER_REFERENCE/08_CAPACITY_DIRECTION_2_CHE_SELECTED_B.png:Zone.Identifier | data/lseg/raw/04_CROSS_BORDER_REFERENCE/09_CAPACITY_DIRECTION_2_CHE_SELECTED_C.png:Zone.Identifier | data/lseg/raw/04_CROSS_BORDER_REFERENCE/10_SCHEDULED_EXCHANGE_NET_IMPORT_GRAPH.png:Zone.Identifier | data/lseg/raw/04_CROSS_BORDER_REFERENCE/11_SCHEDULED_EXCHANGE_CHE_SELECTED.png:Zone.Identifier | data/lseg/raw/04_CROSS_BORDER_REFERENCE/FLOWS_GRAPH_REPORT.pdf:Zone.Identifier | data/lseg/raw/05_LSEG_REFERENCE_PDFS/DEMAND_CONSUMPTION_OVERVIEW.pdf:Zone.Identifier | data/lseg/raw/90_INTERMEDIATE/LSEG_PRICE_DEMAND/FR_15M_RAW.xls.xlsx:Zone.Identifier | data/lseg/raw/90_INTERMEDIATE/LSEG_PRICE_DEMAND/FR_DA_RAW.xlsx:Zone.Identifier | data/lseg/raw/90_INTERMEDIATE/LSEG_PRICE_DEMAND/IT_DA_RAW(1).xlsx:Zone.Identifier | data/lseg/raw/90_INTERMEDIATE/LSEG_PRICE_DEMAND/IT_DA_RAW(2).xlsx:Zone.Identifier | data/lseg/raw/90_INTERMEDIATE/LSEG_PRICE_DEMAND/IT_DA_RAW(3).xlsx:Zone.Identifier | data/lseg/raw/90_INTERMEDIATE/LSEG_PRICE_DEMAND/IT_DA_RAW.xlsx:Zone.Identifier | data/lseg/raw/90_INTERMEDIATE/LSEG_PRICE_DEMAND/IT_DEMAND_15M_ALL_ZONES_TEMPLATE.xlsx:Zone.Identifier | data/lseg/raw/90_INTERMEDIATE/LSEG_PRICE_DEMAND/IT_DEMAND_15M_NORTH.xlsx:Zone.Identifier | data/lseg/raw/90_INTERMEDIATE/LSEG_PRICE_DEMAND/Mappe1(1).xlsx:Zone.Identifier | data/lseg/raw/90_INTERMEDIATE/LSEG_PRICE_DEMAND/Mappe1(2).xlsx:Zone.Identifier | data/lseg/raw/90_INTERMEDIATE/LSEG_PRICE_DEMAND/Mappe1(3).xlsx:Zone.Identifier | data/lseg/raw/90_INTERMEDIATE/LSEG_PRICE_DEMAND/Mappe1(4).xlsx:Zone.Identifier | data/lseg/raw/90_INTERMEDIATE/LSEG_PRICE_DEMAND/Mappe1(5).xlsx:Zone.Identifier | data/lseg/raw/90_INTERMEDIATE/SCREENSHOTS/0a528483-087b-4a33-a2f3-ecdd62770a3a.png:Zone.Identifier | data/lseg/raw/90_INTERMEDIATE/SCREENSHOTS/1609bf25-22b3-4c50-817b-fa945dba6bfe.png:Zone.Identifier | data/lseg/raw/90_INTERMEDIATE/SCREENSHOTS/1d02b907-f21b-48aa-bff6-9bb501bffd31.png:Zone.Identifier | data/lseg/raw/90_INTERMEDIATE/SCREENSHOTS/2bf92681-8086-451b-ad79-2cf2aaa286bf.png:Zone.Identifier | data/lseg/raw/90_INTERMEDIATE/SCREENSHOTS/5048f972-71a5-4bbb-9ebf-495783170275.png:Zone.Identifier | data/lseg/raw/90_INTERMEDIATE/SCREENSHOTS/57688dd7-cfad-46f7-9d61-7173a480ab24.png:Zone.Identifier | data/lseg/raw/90_INTERMEDIATE/SCREENSHOTS/6a48aa3a-47d9-431b-a8d4-4b421a82f395.png:Zone.Identifier | data/lseg/raw/90_INTERMEDIATE/SCREENSHOTS/6b0bf7a6-4724-4c1c-98c7-10c623883a8b.png:Zone.Identifier | data/lseg/raw/90_INTERMEDIATE/SCREENSHOTS/7cdf8489-62e1-4566-9c92-ddde781dfc41.png:Zone.Identifier | data/lseg/raw/90_INTERMEDIATE/SCREENSHOTS/839b9904-b506-4600-a582-19546fc0d0dc.png:Zone.Identifier | data/lseg/raw/90_INTERMEDIATE/SCREENSHOTS/87b02fce-0b58-4ead-b793-267dd464b8ec.png:Zone.Identifier | data/lseg/raw/90_INTERMEDIATE/SCREENSHOTS/917dfe63-9fd2-4e78-89c4-b98dcf9f033f.png:Zone.Identifier | data/lseg/raw/90_INTERMEDIATE/SCREENSHOTS/990167dc-a3d5-4b22-acec-131b4e0f87c9.png:Zone.Identifier | data/lseg/raw/90_INTERMEDIATE/SCREENSHOTS/af6db8b3-1471-4a8e-9879-1e782574016e.png:Zone.Identifier | data/lseg/raw/90_INTERMEDIATE/SCREENSHOTS/b94c25b1-cacf-496f-802b-f74a6ec3c376.png:Zone.Identifier | data/lseg/raw/90_INTERMEDIATE/SCREENSHOTS/bc276a5b-6ae8-473b-abe3-2d17e33bcdd3.png:Zone.Identifier | data/lseg/raw/90_INTERMEDIATE/SCREENSHOTS/chart_100049390.embedded.png:Zone.Identifier | data/lseg/raw/90_INTERMEDIATE/SCREENSHOTS/chart_100127248.embedded.png:Zone.Identifier | data/lseg/raw/90_INTERMEDIATE/SCREENSHOTS/crop_che.png:Zone.Identifier | data/lseg/raw/90_INTERMEDIATE/SCREENSHOTS/de1ee218-60dc-4b11-b243-1f352c398785.png:Zone.Identifier | data/lseg/raw/99_UNCLASSIFIED_RETAINED/LSEG_DISCOVERY_RAW_NOTES.txt:Zone.Identifier | data/lseg/raw/99_UNCLASSIFIED_RETAINED/table_100016453.xls:Zone.Identifier | data/lseg/raw/CH_DA_RAW.xlsx:Zone.Identifier | data/lseg/raw/DE_DA_RAW.xlsx:Zone.Identifier | data/lseg/raw/EDF_NUCLEAR_OUTAGE_REVISIONS_PIT.csv:Zone.Identifier | data/lseg/raw/EDF_NUCLEAR_PIT_DAILY_2021_2026.csv:Zone.Identifier | data/lseg/raw/FR_15M_RAW.xlsx:Zone.Identifier | data/lseg/raw/FR_DA_RAW_COMBINED.xlsx:Zone.Identifier | data/lseg/raw/Historique des indispo des moyens de production - depuis 2015 - 07092026-full.csv:Zone.Identifier | data/lseg/raw/IT_DA_RAW (1).xlsx:Zone.Identifier | data/lseg/raw/IT_DA_RAW.xlsx:Zone.Identifier | data/lseg/raw/IT_DEMAND_15M_ALL_ZONES_TEMPLATE.xlsx:Zone.Identifier | data/lseg/raw/IT_DEMAND_15M_NORTH.xlsx:Zone.Identifier | data/lseg/raw/IT_DEMAND_HOURLY.xlsx:Zone.Identifier | data/lseg/raw/publications-transparence-et-remit-liste-des-messages-edf-sa.csv:Zone.Identifier,Windows download-origin sidecar; excluded from data analysis.
data/lseg/raw/04_CROSS_BORDER_REFERENCE/04_NET_IMPORT_CHE_SELECTED_00.png,04_NET_IMPORT_CHE_SELECTED_00.png,png,reference_image_or_report,LSEG reference report,LSEG reference report,Europe/unknown,Not applicable/non-tabular or not safely extractable,Not applicable or not declared,Not safely extractable,Not determined from file metadata,Not determined,Not determinable,Not safely extractable,Not safely extractable,Not safely extractable,77860,Not applicable/non-tabular,UNKNOWN,REFERENCE_ONLY,,,Non-tabular artifact; no reliable row-level schema inferred.
data/lseg/raw/04_CROSS_BORDER_REFERENCE/04_NET_IMPORT_CHE_SELECTED_00.png:Zone.Identifier,04_NET_IMPORT_CHE_SELECTED_00.png:Zone.Identifier,identifier,metadata_sidecar,ancillary file metadata,Zone.Identifier,UNKNOWN,Not applicable/non-tabular or not safely extractable,Not applicable or not declared,Not safely extractable,Not determined from file metadata,Not determined,Not determinable,Not safely extractable,Not safely extractable,Not safely extractable,25,Not applicable/non-tabular,UNKNOWN,None,,data/lseg/raw/00_START_HERE/ANONYMOUS_XLS_MAPPING.md:Zone.Identifier | data/lseg/raw/00_START_HERE/DATA_CATALOG.csv:Zone.Identifier | data/lseg/raw/00_START_HERE/EXTRACTION_STATUS_AND_GAPS.md:Zone.Identifier | data/lseg/raw/00_START_HERE/LICENSE_NOTES.md:Zone.Identifier | data/lseg/raw/00_START_HERE/MANIFEST_SHA256.csv:Zone.Identifier | data/lseg/raw/00_START_HERE/MISSING_CH_DE_RECOVERY.md:Zone.Identifier | data/lseg/raw/00_START_HERE/MISSING_CH_DE_RICS.csv:Zone.Identifier | data/lseg/raw/00_START_HERE/PROJECT_OBJECTIVE.txt:Zone.Identifier | data/lseg/raw/00_START_HERE/README_FIRST.md:Zone.Identifier | data/lseg/raw/00_START_HERE/RIC_FAMILIES.csv:Zone.Identifier | data/lseg/raw/01_CORE_HISTORICAL/FR_NUCLEAR_PIT/EDF_NUCLEAR_OUTAGE_REVISIONS_PIT.csv:Zone.Identifier | data/lseg/raw/01_CORE_HISTORICAL/FR_NUCLEAR_PIT/EDF_NUCLEAR_PIT_DAILY_2021_2026.csv:Zone.Identifier | data/lseg/raw/01_CORE_HISTORICAL/FR_NUCLEAR_PIT/EDF_NUCLEAR_PIT_SUMMARY.txt:Zone.Identifier | data/lseg/raw/01_CORE_HISTORICAL/LSEG_DEMAND/IT_DEMAND_15M_ALL_7_ZONES_2025_2026.xlsx:Zone.Identifier | data/lseg/raw/01_CORE_HISTORICAL/LSEG_DEMAND/IT_DEMAND_HOURLY_2021_2025.xlsx:Zone.Identifier | data/lseg/raw/01_CORE_HISTORICAL/LSEG_PRICES/FR_DAY_AHEAD_HOURLY_AND_15M.xlsx:Zone.Identifier | data/lseg/raw/01_CORE_HISTORICAL/LSEG_PRICES/IT_DAY_AHEAD_HOURLY_AND_15M.xlsx:Zone.Identifier | data/lseg/raw/02_SOURCE_RAW/FR_NUCLEAR/EDF_OUTAGE_HISTORY_RAW.csv:Zone.Identifier | data/lseg/raw/02_SOURCE_RAW/FR_NUCLEAR/EDF_TRANSPARENCY_REMIT_MESSAGES_RAW.csv:Zone.Identifier | data/lseg/raw/03_CURRENT_RECENT_LSEG/COST_CURVES/cost_curves_2026910_21432.xlsx:Zone.Identifier | data/lseg/raw/03_CURRENT_RECENT_LSEG/COST_CURVES/cost_curves_2026910_21543.xlsx:Zone.Identifier | data/lseg/raw/03_CURRENT_RECENT_LSEG/COST_CURVES/cost_curves_2026910_2164.xlsx:Zone.Identifier | data/lseg/raw/03_CURRENT_RECENT_LSEG/RESIDUAL_LOAD/CWE_RESIDUAL_LOAD_REPORT.pdf:Zone.Identifier | data/lseg/raw/03_CURRENT_RECENT_LSEG/RESIDUAL_LOAD/DE_RESIDUAL_LOAD_CURRENT_RECENT.xls:Zone.Identifier | data/lseg/raw/03_CURRENT_RECENT_LSEG/RESIDUAL_LOAD/DE_RESIDUAL_LOAD_REPORT.pdf:Zone.Identifier | data/lseg/raw/03_CURRENT_RECENT_LSEG/RESIDUAL_LOAD/FR_IT_RESIDUAL_LOAD_EXPORT_A.xls:Zone.Identifier | data/lseg/raw/03_CURRENT_RECENT_LSEG/RESIDUAL_LOAD/FR_IT_RESIDUAL_LOAD_EXPORT_B.xls:Zone.Identifier | data/lseg/raw/03_CURRENT_RECENT_LSEG/SUPPLY_WIND_SOLAR/GB_EMBEDDED_SOLAR_REPORT.pdf:Zone.Identifier | data/lseg/raw/03_CURRENT_RECENT_LSEG/SUPPLY_WIND_SOLAR/GB_EMBEDDED_WIND_REPORT.pdf:Zone.Identifier | data/lseg/raw/03_CURRENT_RECENT_LSEG/SUPPLY_WIND_SOLAR/SUPPLY_WIND_REPORT.pdf:Zone.Identifier | data/lseg/raw/03_CURRENT_RECENT_LSEG/WEATHER/CLOUD_COVER_CH.xls:Zone.Identifier | data/lseg/raw/03_CURRENT_RECENT_LSEG/WEATHER/CLOUD_COVER_REPORT.pdf:Zone.Identifier | data/lseg/raw/03_CURRENT_RECENT_LSEG/WEATHER/ECMWF_CLUSTER_REPORT.pdf:Zone.Identifier | data/lseg/raw/03_CURRENT_RECENT_LSEG/WEATHER/NAO_AO_REPORT.pdf:Zone.Identifier | data/lseg/raw/03_CURRENT_RECENT_LSEG/WEATHER/PRECIPITATION_ALP_AREA_REPORT.pdf:Zone.Identifier | data/lseg/raw/03_CURRENT_RECENT_LSEG/WEATHER/PRECIPITATION_CH_EFFECTIVE.xls:Zone.Identifier | data/lseg/raw/03_CURRENT_RECENT_LSEG/WEATHER/TEMPERATURE_DE_FR_AT_CH_TABLE.xls:Zone.Identifier | data/lseg/raw/03_CURRENT_RECENT_LSEG/WEATHER/TEMPERATURE_IT_CHART.xls:Zone.Identifier | data/lseg/raw/03_CURRENT_RECENT_LSEG/WEATHER/TEMPERATURE_REPORT.pdf:Zone.Identifier | data/lseg/raw/04_CROSS_BORDER_REFERENCE/01_PRICE_FLOW_GRAPH_CHE_VISIBLE.png:Zone.Identifier | data/lseg/raw/04_CROSS_BORDER_REFERENCE/02_DEU_SELECTED_CONNECTIONS.png:Zone.Identifier | data/lseg/raw/04_CROSS_BORDER_REFERENCE/03_NET_IMPORT_GRAPH.png:Zone.Identifier | data/lseg/raw/04_CROSS_BORDER_REFERENCE/04_NET_IMPORT_CHE_SELECTED_00.png:Zone.Identifier | data/lseg/raw/04_CROSS_BORDER_REFERENCE/05_NET_IMPORT_CHE_SELECTED_12.png:Zone.Identifier | data/lseg/raw/04_CROSS_BORDER_REFERENCE/06_CAPACITY_DIRECTION_1_CHE_SELECTED.png:Zone.Identifier | data/lseg/raw/04_CROSS_BORDER_REFERENCE/07_CAPACITY_DIRECTION_2_CHE_SELECTED_A.png:Zone.Identifier | data/lseg/raw/04_CROSS_BORDER_REFERENCE/08_CAPACITY_DIRECTION_2_CHE_SELECTED_B.png:Zone.Identifier | data/lseg/raw/04_CROSS_BORDER_REFERENCE/09_CAPACITY_DIRECTION_2_CHE_SELECTED_C.png:Zone.Identifier | data/lseg/raw/04_CROSS_BORDER_REFERENCE/10_SCHEDULED_EXCHANGE_NET_IMPORT_GRAPH.png:Zone.Identifier | data/lseg/raw/04_CROSS_BORDER_REFERENCE/11_SCHEDULED_EXCHANGE_CHE_SELECTED.png:Zone.Identifier | data/lseg/raw/04_CROSS_BORDER_REFERENCE/FLOWS_GRAPH_REPORT.pdf:Zone.Identifier | data/lseg/raw/05_LSEG_REFERENCE_PDFS/DEMAND_CONSUMPTION_OVERVIEW.pdf:Zone.Identifier | data/lseg/raw/90_INTERMEDIATE/LSEG_PRICE_DEMAND/FR_15M_RAW.xls.xlsx:Zone.Identifier | data/lseg/raw/90_INTERMEDIATE/LSEG_PRICE_DEMAND/FR_DA_RAW.xlsx:Zone.Identifier | data/lseg/raw/90_INTERMEDIATE/LSEG_PRICE_DEMAND/IT_DA_RAW(1).xlsx:Zone.Identifier | data/lseg/raw/90_INTERMEDIATE/LSEG_PRICE_DEMAND/IT_DA_RAW(2).xlsx:Zone.Identifier | data/lseg/raw/90_INTERMEDIATE/LSEG_PRICE_DEMAND/IT_DA_RAW(3).xlsx:Zone.Identifier | data/lseg/raw/90_INTERMEDIATE/LSEG_PRICE_DEMAND/IT_DA_RAW.xlsx:Zone.Identifier | data/lseg/raw/90_INTERMEDIATE/LSEG_PRICE_DEMAND/IT_DEMAND_15M_ALL_ZONES_TEMPLATE.xlsx:Zone.Identifier | data/lseg/raw/90_INTERMEDIATE/LSEG_PRICE_DEMAND/IT_DEMAND_15M_NORTH.xlsx:Zone.Identifier | data/lseg/raw/90_INTERMEDIATE/LSEG_PRICE_DEMAND/Mappe1(1).xlsx:Zone.Identifier | data/lseg/raw/90_INTERMEDIATE/LSEG_PRICE_DEMAND/Mappe1(2).xlsx:Zone.Identifier | data/lseg/raw/90_INTERMEDIATE/LSEG_PRICE_DEMAND/Mappe1(3).xlsx:Zone.Identifier | data/lseg/raw/90_INTERMEDIATE/LSEG_PRICE_DEMAND/Mappe1(4).xlsx:Zone.Identifier | data/lseg/raw/90_INTERMEDIATE/LSEG_PRICE_DEMAND/Mappe1(5).xlsx:Zone.Identifier | data/lseg/raw/90_INTERMEDIATE/SCREENSHOTS/0a528483-087b-4a33-a2f3-ecdd62770a3a.png:Zone.Identifier | data/lseg/raw/90_INTERMEDIATE/SCREENSHOTS/1609bf25-22b3-4c50-817b-fa945dba6bfe.png:Zone.Identifier | data/lseg/raw/90_INTERMEDIATE/SCREENSHOTS/1d02b907-f21b-48aa-bff6-9bb501bffd31.png:Zone.Identifier | data/lseg/raw/90_INTERMEDIATE/SCREENSHOTS/2bf92681-8086-451b-ad79-2cf2aaa286bf.png:Zone.Identifier | data/lseg/raw/90_INTERMEDIATE/SCREENSHOTS/5048f972-71a5-4bbb-9ebf-495783170275.png:Zone.Identifier | data/lseg/raw/90_INTERMEDIATE/SCREENSHOTS/57688dd7-cfad-46f7-9d61-7173a480ab24.png:Zone.Identifier | data/lseg/raw/90_INTERMEDIATE/SCREENSHOTS/6a48aa3a-47d9-431b-a8d4-4b421a82f395.png:Zone.Identifier | data/lseg/raw/90_INTERMEDIATE/SCREENSHOTS/6b0bf7a6-4724-4c1c-98c7-10c623883a8b.png:Zone.Identifier | data/lseg/raw/90_INTERMEDIATE/SCREENSHOTS/7cdf8489-62e1-4566-9c92-ddde781dfc41.png:Zone.Identifier | data/lseg/raw/90_INTERMEDIATE/SCREENSHOTS/839b9904-b506-4600-a582-19546fc0d0dc.png:Zone.Identifier | data/lseg/raw/90_INTERMEDIATE/SCREENSHOTS/87b02fce-0b58-4ead-b793-267dd464b8ec.png:Zone.Identifier | data/lseg/raw/90_INTERMEDIATE/SCREENSHOTS/917dfe63-9fd2-4e78-89c4-b98dcf9f033f.png:Zone.Identifier | data/lseg/raw/90_INTERMEDIATE/SCREENSHOTS/990167dc-a3d5-4b22-acec-131b4e0f87c9.png:Zone.Identifier | data/lseg/raw/90_INTERMEDIATE/SCREENSHOTS/af6db8b3-1471-4a8e-9879-1e782574016e.png:Zone.Identifier | data/lseg/raw/90_INTERMEDIATE/SCREENSHOTS/b94c25b1-cacf-496f-802b-f74a6ec3c376.png:Zone.Identifier | data/lseg/raw/90_INTERMEDIATE/SCREENSHOTS/bc276a5b-6ae8-473b-abe3-2d17e33bcdd3.png:Zone.Identifier | data/lseg/raw/90_INTERMEDIATE/SCREENSHOTS/chart_100049390.embedded.png:Zone.Identifier | data/lseg/raw/90_INTERMEDIATE/SCREENSHOTS/chart_100127248.embedded.png:Zone.Identifier | data/lseg/raw/90_INTERMEDIATE/SCREENSHOTS/crop_che.png:Zone.Identifier | data/lseg/raw/90_INTERMEDIATE/SCREENSHOTS/de1ee218-60dc-4b11-b243-1f352c398785.png:Zone.Identifier | data/lseg/raw/99_UNCLASSIFIED_RETAINED/LSEG_DISCOVERY_RAW_NOTES.txt:Zone.Identifier | data/lseg/raw/99_UNCLASSIFIED_RETAINED/table_100016453.xls:Zone.Identifier | data/lseg/raw/CH_DA_RAW.xlsx:Zone.Identifier | data/lseg/raw/DE_DA_RAW.xlsx:Zone.Identifier | data/lseg/raw/EDF_NUCLEAR_OUTAGE_REVISIONS_PIT.csv:Zone.Identifier | data/lseg/raw/EDF_NUCLEAR_PIT_DAILY_2021_2026.csv:Zone.Identifier | data/lseg/raw/FR_15M_RAW.xlsx:Zone.Identifier | data/lseg/raw/FR_DA_RAW_COMBINED.xlsx:Zone.Identifier | data/lseg/raw/Historique des indispo des moyens de production - depuis 2015 - 07092026-full.csv:Zone.Identifier | data/lseg/raw/IT_DA_RAW (1).xlsx:Zone.Identifier | data/lseg/raw/IT_DA_RAW.xlsx:Zone.Identifier | data/lseg/raw/IT_DEMAND_15M_ALL_ZONES_TEMPLATE.xlsx:Zone.Identifier | data/lseg/raw/IT_DEMAND_15M_NORTH.xlsx:Zone.Identifier | data/lseg/raw/IT_DEMAND_HOURLY.xlsx:Zone.Identifier | data/lseg/raw/publications-transparence-et-remit-liste-des-messages-edf-sa.csv:Zone.Identifier,Windows download-origin sidecar; excluded from data analysis.
data/lseg/raw/04_CROSS_BORDER_REFERENCE/05_NET_IMPORT_CHE_SELECTED_12.png,05_NET_IMPORT_CHE_SELECTED_12.png,png,reference_image_or_report,LSEG reference report,LSEG reference report,Europe/unknown,Not applicable/non-tabular or not safely extractable,Not applicable or not declared,Not safely extractable,Not determined from file metadata,Not determined,Not determinable,Not safely extractable,Not safely extractable,Not safely extractable,98164,Not applicable/non-tabular,UNKNOWN,REFERENCE_ONLY,,,Non-tabular artifact; no reliable row-level schema inferred.
data/lseg/raw/04_CROSS_BORDER_REFERENCE/05_NET_IMPORT_CHE_SELECTED_12.png:Zone.Identifier,05_NET_IMPORT_CHE_SELECTED_12.png:Zone.Identifier,identifier,metadata_sidecar,ancillary file metadata,Zone.Identifier,UNKNOWN,Not applicable/non-tabular or not safely extractable,Not applicable or not declared,Not safely extractable,Not determined from file metadata,Not determined,Not determinable,Not safely extractable,Not safely extractable,Not safely extractable,25,Not applicable/non-tabular,UNKNOWN,None,,data/lseg/raw/00_START_HERE/ANONYMOUS_XLS_MAPPING.md:Zone.Identifier | data/lseg/raw/00_START_HERE/DATA_CATALOG.csv:Zone.Identifier | data/lseg/raw/00_START_HERE/EXTRACTION_STATUS_AND_GAPS.md:Zone.Identifier | data/lseg/raw/00_START_HERE/LICENSE_NOTES.md:Zone.Identifier | data/lseg/raw/00_START_HERE/MANIFEST_SHA256.csv:Zone.Identifier | data/lseg/raw/00_START_HERE/MISSING_CH_DE_RECOVERY.md:Zone.Identifier | data/lseg/raw/00_START_HERE/MISSING_CH_DE_RICS.csv:Zone.Identifier | data/lseg/raw/00_START_HERE/PROJECT_OBJECTIVE.txt:Zone.Identifier | data/lseg/raw/00_START_HERE/README_FIRST.md:Zone.Identifier | data/lseg/raw/00_START_HERE/RIC_FAMILIES.csv:Zone.Identifier | data/lseg/raw/01_CORE_HISTORICAL/FR_NUCLEAR_PIT/EDF_NUCLEAR_OUTAGE_REVISIONS_PIT.csv:Zone.Identifier | data/lseg/raw/01_CORE_HISTORICAL/FR_NUCLEAR_PIT/EDF_NUCLEAR_PIT_DAILY_2021_2026.csv:Zone.Identifier | data/lseg/raw/01_CORE_HISTORICAL/FR_NUCLEAR_PIT/EDF_NUCLEAR_PIT_SUMMARY.txt:Zone.Identifier | data/lseg/raw/01_CORE_HISTORICAL/LSEG_DEMAND/IT_DEMAND_15M_ALL_7_ZONES_2025_2026.xlsx:Zone.Identifier | data/lseg/raw/01_CORE_HISTORICAL/LSEG_DEMAND/IT_DEMAND_HOURLY_2021_2025.xlsx:Zone.Identifier | data/lseg/raw/01_CORE_HISTORICAL/LSEG_PRICES/FR_DAY_AHEAD_HOURLY_AND_15M.xlsx:Zone.Identifier | data/lseg/raw/01_CORE_HISTORICAL/LSEG_PRICES/IT_DAY_AHEAD_HOURLY_AND_15M.xlsx:Zone.Identifier | data/lseg/raw/02_SOURCE_RAW/FR_NUCLEAR/EDF_OUTAGE_HISTORY_RAW.csv:Zone.Identifier | data/lseg/raw/02_SOURCE_RAW/FR_NUCLEAR/EDF_TRANSPARENCY_REMIT_MESSAGES_RAW.csv:Zone.Identifier | data/lseg/raw/03_CURRENT_RECENT_LSEG/COST_CURVES/cost_curves_2026910_21432.xlsx:Zone.Identifier | data/lseg/raw/03_CURRENT_RECENT_LSEG/COST_CURVES/cost_curves_2026910_21543.xlsx:Zone.Identifier | data/lseg/raw/03_CURRENT_RECENT_LSEG/COST_CURVES/cost_curves_2026910_2164.xlsx:Zone.Identifier | data/lseg/raw/03_CURRENT_RECENT_LSEG/RESIDUAL_LOAD/CWE_RESIDUAL_LOAD_REPORT.pdf:Zone.Identifier | data/lseg/raw/03_CURRENT_RECENT_LSEG/RESIDUAL_LOAD/DE_RESIDUAL_LOAD_CURRENT_RECENT.xls:Zone.Identifier | data/lseg/raw/03_CURRENT_RECENT_LSEG/RESIDUAL_LOAD/DE_RESIDUAL_LOAD_REPORT.pdf:Zone.Identifier | data/lseg/raw/03_CURRENT_RECENT_LSEG/RESIDUAL_LOAD/FR_IT_RESIDUAL_LOAD_EXPORT_A.xls:Zone.Identifier | data/lseg/raw/03_CURRENT_RECENT_LSEG/RESIDUAL_LOAD/FR_IT_RESIDUAL_LOAD_EXPORT_B.xls:Zone.Identifier | data/lseg/raw/03_CURRENT_RECENT_LSEG/SUPPLY_WIND_SOLAR/GB_EMBEDDED_SOLAR_REPORT.pdf:Zone.Identifier | data/lseg/raw/03_CURRENT_RECENT_LSEG/SUPPLY_WIND_SOLAR/GB_EMBEDDED_WIND_REPORT.pdf:Zone.Identifier | data/lseg/raw/03_CURRENT_RECENT_LSEG/SUPPLY_WIND_SOLAR/SUPPLY_WIND_REPORT.pdf:Zone.Identifier | data/lseg/raw/03_CURRENT_RECENT_LSEG/WEATHER/CLOUD_COVER_CH.xls:Zone.Identifier | data/lseg/raw/03_CURRENT_RECENT_LSEG/WEATHER/CLOUD_COVER_REPORT.pdf:Zone.Identifier | data/lseg/raw/03_CURRENT_RECENT_LSEG/WEATHER/ECMWF_CLUSTER_REPORT.pdf:Zone.Identifier | data/lseg/raw/03_CURRENT_RECENT_LSEG/WEATHER/NAO_AO_REPORT.pdf:Zone.Identifier | data/lseg/raw/03_CURRENT_RECENT_LSEG/WEATHER/PRECIPITATION_ALP_AREA_REPORT.pdf:Zone.Identifier | data/lseg/raw/03_CURRENT_RECENT_LSEG/WEATHER/PRECIPITATION_CH_EFFECTIVE.xls:Zone.Identifier | data/lseg/raw/03_CURRENT_RECENT_LSEG/WEATHER/TEMPERATURE_DE_FR_AT_CH_TABLE.xls:Zone.Identifier | data/lseg/raw/03_CURRENT_RECENT_LSEG/WEATHER/TEMPERATURE_IT_CHART.xls:Zone.Identifier | data/lseg/raw/03_CURRENT_RECENT_LSEG/WEATHER/TEMPERATURE_REPORT.pdf:Zone.Identifier | data/lseg/raw/04_CROSS_BORDER_REFERENCE/01_PRICE_FLOW_GRAPH_CHE_VISIBLE.png:Zone.Identifier | data/lseg/raw/04_CROSS_BORDER_REFERENCE/02_DEU_SELECTED_CONNECTIONS.png:Zone.Identifier | data/lseg/raw/04_CROSS_BORDER_REFERENCE/03_NET_IMPORT_GRAPH.png:Zone.Identifier | data/lseg/raw/04_CROSS_BORDER_REFERENCE/04_NET_IMPORT_CHE_SELECTED_00.png:Zone.Identifier | data/lseg/raw/04_CROSS_BORDER_REFERENCE/05_NET_IMPORT_CHE_SELECTED_12.png:Zone.Identifier | data/lseg/raw/04_CROSS_BORDER_REFERENCE/06_CAPACITY_DIRECTION_1_CHE_SELECTED.png:Zone.Identifier | data/lseg/raw/04_CROSS_BORDER_REFERENCE/07_CAPACITY_DIRECTION_2_CHE_SELECTED_A.png:Zone.Identifier | data/lseg/raw/04_CROSS_BORDER_REFERENCE/08_CAPACITY_DIRECTION_2_CHE_SELECTED_B.png:Zone.Identifier | data/lseg/raw/04_CROSS_BORDER_REFERENCE/09_CAPACITY_DIRECTION_2_CHE_SELECTED_C.png:Zone.Identifier | data/lseg/raw/04_CROSS_BORDER_REFERENCE/10_SCHEDULED_EXCHANGE_NET_IMPORT_GRAPH.png:Zone.Identifier | data/lseg/raw/04_CROSS_BORDER_REFERENCE/11_SCHEDULED_EXCHANGE_CHE_SELECTED.png:Zone.Identifier | data/lseg/raw/04_CROSS_BORDER_REFERENCE/FLOWS_GRAPH_REPORT.pdf:Zone.Identifier | data/lseg/raw/05_LSEG_REFERENCE_PDFS/DEMAND_CONSUMPTION_OVERVIEW.pdf:Zone.Identifier | data/lseg/raw/90_INTERMEDIATE/LSEG_PRICE_DEMAND/FR_15M_RAW.xls.xlsx:Zone.Identifier | data/lseg/raw/90_INTERMEDIATE/LSEG_PRICE_DEMAND/FR_DA_RAW.xlsx:Zone.Identifier | data/lseg/raw/90_INTERMEDIATE/LSEG_PRICE_DEMAND/IT_DA_RAW(1).xlsx:Zone.Identifier | data/lseg/raw/90_INTERMEDIATE/LSEG_PRICE_DEMAND/IT_DA_RAW(2).xlsx:Zone.Identifier | data/lseg/raw/90_INTERMEDIATE/LSEG_PRICE_DEMAND/IT_DA_RAW(3).xlsx:Zone.Identifier | data/lseg/raw/90_INTERMEDIATE/LSEG_PRICE_DEMAND/IT_DA_RAW.xlsx:Zone.Identifier | data/lseg/raw/90_INTERMEDIATE/LSEG_PRICE_DEMAND/IT_DEMAND_15M_ALL_ZONES_TEMPLATE.xlsx:Zone.Identifier | data/lseg/raw/90_INTERMEDIATE/LSEG_PRICE_DEMAND/IT_DEMAND_15M_NORTH.xlsx:Zone.Identifier | data/lseg/raw/90_INTERMEDIATE/LSEG_PRICE_DEMAND/Mappe1(1).xlsx:Zone.Identifier | data/lseg/raw/90_INTERMEDIATE/LSEG_PRICE_DEMAND/Mappe1(2).xlsx:Zone.Identifier | data/lseg/raw/90_INTERMEDIATE/LSEG_PRICE_DEMAND/Mappe1(3).xlsx:Zone.Identifier | data/lseg/raw/90_INTERMEDIATE/LSEG_PRICE_DEMAND/Mappe1(4).xlsx:Zone.Identifier | data/lseg/raw/90_INTERMEDIATE/LSEG_PRICE_DEMAND/Mappe1(5).xlsx:Zone.Identifier | data/lseg/raw/90_INTERMEDIATE/SCREENSHOTS/0a528483-087b-4a33-a2f3-ecdd62770a3a.png:Zone.Identifier | data/lseg/raw/90_INTERMEDIATE/SCREENSHOTS/1609bf25-22b3-4c50-817b-fa945dba6bfe.png:Zone.Identifier | data/lseg/raw/90_INTERMEDIATE/SCREENSHOTS/1d02b907-f21b-48aa-bff6-9bb501bffd31.png:Zone.Identifier | data/lseg/raw/90_INTERMEDIATE/SCREENSHOTS/2bf92681-8086-451b-ad79-2cf2aaa286bf.png:Zone.Identifier | data/lseg/raw/90_INTERMEDIATE/SCREENSHOTS/5048f972-71a5-4bbb-9ebf-495783170275.png:Zone.Identifier | data/lseg/raw/90_INTERMEDIATE/SCREENSHOTS/57688dd7-cfad-46f7-9d61-7173a480ab24.png:Zone.Identifier | data/lseg/raw/90_INTERMEDIATE/SCREENSHOTS/6a48aa3a-47d9-431b-a8d4-4b421a82f395.png:Zone.Identifier | data/lseg/raw/90_INTERMEDIATE/SCREENSHOTS/6b0bf7a6-4724-4c1c-98c7-10c623883a8b.png:Zone.Identifier | data/lseg/raw/90_INTERMEDIATE/SCREENSHOTS/7cdf8489-62e1-4566-9c92-ddde781dfc41.png:Zone.Identifier | data/lseg/raw/90_INTERMEDIATE/SCREENSHOTS/839b9904-b506-4600-a582-19546fc0d0dc.png:Zone.Identifier | data/lseg/raw/90_INTERMEDIATE/SCREENSHOTS/87b02fce-0b58-4ead-b793-267dd464b8ec.png:Zone.Identifier | data/lseg/raw/90_INTERMEDIATE/SCREENSHOTS/917dfe63-9fd2-4e78-89c4-b98dcf9f033f.png:Zone.Identifier | data/lseg/raw/90_INTERMEDIATE/SCREENSHOTS/990167dc-a3d5-4b22-acec-131b4e0f87c9.png:Zone.Identifier | data/lseg/raw/90_INTERMEDIATE/SCREENSHOTS/af6db8b3-1471-4a8e-9879-1e782574016e.png:Zone.Identifier | data/lseg/raw/90_INTERMEDIATE/SCREENSHOTS/b94c25b1-cacf-496f-802b-f74a6ec3c376.png:Zone.Identifier | data/lseg/raw/90_INTERMEDIATE/SCREENSHOTS/bc276a5b-6ae8-473b-abe3-2d17e33bcdd3.png:Zone.Identifier | data/lseg/raw/90_INTERMEDIATE/SCREENSHOTS/chart_100049390.embedded.png:Zone.Identifier | data/lseg/raw/90_INTERMEDIATE/SCREENSHOTS/chart_100127248.embedded.png:Zone.Identifier | data/lseg/raw/90_INTERMEDIATE/SCREENSHOTS/crop_che.png:Zone.Identifier | data/lseg/raw/90_INTERMEDIATE/SCREENSHOTS/de1ee218-60dc-4b11-b243-1f352c398785.png:Zone.Identifier | data/lseg/raw/99_UNCLASSIFIED_RETAINED/LSEG_DISCOVERY_RAW_NOTES.txt:Zone.Identifier | data/lseg/raw/99_UNCLASSIFIED_RETAINED/table_100016453.xls:Zone.Identifier | data/lseg/raw/CH_DA_RAW.xlsx:Zone.Identifier | data/lseg/raw/DE_DA_RAW.xlsx:Zone.Identifier | data/lseg/raw/EDF_NUCLEAR_OUTAGE_REVISIONS_PIT.csv:Zone.Identifier | data/lseg/raw/EDF_NUCLEAR_PIT_DAILY_2021_2026.csv:Zone.Identifier | data/lseg/raw/FR_15M_RAW.xlsx:Zone.Identifier | data/lseg/raw/FR_DA_RAW_COMBINED.xlsx:Zone.Identifier | data/lseg/raw/Historique des indispo des moyens de production - depuis 2015 - 07092026-full.csv:Zone.Identifier | data/lseg/raw/IT_DA_RAW (1).xlsx:Zone.Identifier | data/lseg/raw/IT_DA_RAW.xlsx:Zone.Identifier | data/lseg/raw/IT_DEMAND_15M_ALL_ZONES_TEMPLATE.xlsx:Zone.Identifier | data/lseg/raw/IT_DEMAND_15M_NORTH.xlsx:Zone.Identifier | data/lseg/raw/IT_DEMAND_HOURLY.xlsx:Zone.Identifier | data/lseg/raw/publications-transparence-et-remit-liste-des-messages-edf-sa.csv:Zone.Identifier,Windows download-origin sidecar; excluded from data analysis.
data/lseg/raw/04_CROSS_BORDER_REFERENCE/06_CAPACITY_DIRECTION_1_CHE_SELECTED.png,06_CAPACITY_DIRECTION_1_CHE_SELECTED.png,png,reference_image_or_report,LSEG reference report,LSEG reference report,Europe/unknown,Not applicable/non-tabular or not safely extractable,Not applicable or not declared,Not safely extractable,Not determined from file metadata,Not determined,Not determinable,Not safely extractable,Not safely extractable,Not safely extractable,52006,Not applicable/non-tabular,UNKNOWN,REFERENCE_ONLY,,,Non-tabular artifact; no reliable row-level schema inferred.
data/lseg/raw/04_CROSS_BORDER_REFERENCE/06_CAPACITY_DIRECTION_1_CHE_SELECTED.png:Zone.Identifier,06_CAPACITY_DIRECTION_1_CHE_SELECTED.png:Zone.Identifier,identifier,metadata_sidecar,ancillary file metadata,Zone.Identifier,UNKNOWN,Not applicable/non-tabular or not safely extractable,Not applicable or not declared,Not safely extractable,Not determined from file metadata,Not determined,Not determinable,Not safely extractable,Not safely extractable,Not safely extractable,25,Not applicable/non-tabular,UNKNOWN,None,,data/lseg/raw/00_START_HERE/ANONYMOUS_XLS_MAPPING.md:Zone.Identifier | data/lseg/raw/00_START_HERE/DATA_CATALOG.csv:Zone.Identifier | data/lseg/raw/00_START_HERE/EXTRACTION_STATUS_AND_GAPS.md:Zone.Identifier | data/lseg/raw/00_START_HERE/LICENSE_NOTES.md:Zone.Identifier | data/lseg/raw/00_START_HERE/MANIFEST_SHA256.csv:Zone.Identifier | data/lseg/raw/00_START_HERE/MISSING_CH_DE_RECOVERY.md:Zone.Identifier | data/lseg/raw/00_START_HERE/MISSING_CH_DE_RICS.csv:Zone.Identifier | data/lseg/raw/00_START_HERE/PROJECT_OBJECTIVE.txt:Zone.Identifier | data/lseg/raw/00_START_HERE/README_FIRST.md:Zone.Identifier | data/lseg/raw/00_START_HERE/RIC_FAMILIES.csv:Zone.Identifier | data/lseg/raw/01_CORE_HISTORICAL/FR_NUCLEAR_PIT/EDF_NUCLEAR_OUTAGE_REVISIONS_PIT.csv:Zone.Identifier | data/lseg/raw/01_CORE_HISTORICAL/FR_NUCLEAR_PIT/EDF_NUCLEAR_PIT_DAILY_2021_2026.csv:Zone.Identifier | data/lseg/raw/01_CORE_HISTORICAL/FR_NUCLEAR_PIT/EDF_NUCLEAR_PIT_SUMMARY.txt:Zone.Identifier | data/lseg/raw/01_CORE_HISTORICAL/LSEG_DEMAND/IT_DEMAND_15M_ALL_7_ZONES_2025_2026.xlsx:Zone.Identifier | data/lseg/raw/01_CORE_HISTORICAL/LSEG_DEMAND/IT_DEMAND_HOURLY_2021_2025.xlsx:Zone.Identifier | data/lseg/raw/01_CORE_HISTORICAL/LSEG_PRICES/FR_DAY_AHEAD_HOURLY_AND_15M.xlsx:Zone.Identifier | data/lseg/raw/01_CORE_HISTORICAL/LSEG_PRICES/IT_DAY_AHEAD_HOURLY_AND_15M.xlsx:Zone.Identifier | data/lseg/raw/02_SOURCE_RAW/FR_NUCLEAR/EDF_OUTAGE_HISTORY_RAW.csv:Zone.Identifier | data/lseg/raw/02_SOURCE_RAW/FR_NUCLEAR/EDF_TRANSPARENCY_REMIT_MESSAGES_RAW.csv:Zone.Identifier | data/lseg/raw/03_CURRENT_RECENT_LSEG/COST_CURVES/cost_curves_2026910_21432.xlsx:Zone.Identifier | data/lseg/raw/03_CURRENT_RECENT_LSEG/COST_CURVES/cost_curves_2026910_21543.xlsx:Zone.Identifier | data/lseg/raw/03_CURRENT_RECENT_LSEG/COST_CURVES/cost_curves_2026910_2164.xlsx:Zone.Identifier | data/lseg/raw/03_CURRENT_RECENT_LSEG/RESIDUAL_LOAD/CWE_RESIDUAL_LOAD_REPORT.pdf:Zone.Identifier | data/lseg/raw/03_CURRENT_RECENT_LSEG/RESIDUAL_LOAD/DE_RESIDUAL_LOAD_CURRENT_RECENT.xls:Zone.Identifier | data/lseg/raw/03_CURRENT_RECENT_LSEG/RESIDUAL_LOAD/DE_RESIDUAL_LOAD_REPORT.pdf:Zone.Identifier | data/lseg/raw/03_CURRENT_RECENT_LSEG/RESIDUAL_LOAD/FR_IT_RESIDUAL_LOAD_EXPORT_A.xls:Zone.Identifier | data/lseg/raw/03_CURRENT_RECENT_LSEG/RESIDUAL_LOAD/FR_IT_RESIDUAL_LOAD_EXPORT_B.xls:Zone.Identifier | data/lseg/raw/03_CURRENT_RECENT_LSEG/SUPPLY_WIND_SOLAR/GB_EMBEDDED_SOLAR_REPORT.pdf:Zone.Identifier | data/lseg/raw/03_CURRENT_RECENT_LSEG/SUPPLY_WIND_SOLAR/GB_EMBEDDED_WIND_REPORT.pdf:Zone.Identifier | data/lseg/raw/03_CURRENT_RECENT_LSEG/SUPPLY_WIND_SOLAR/SUPPLY_WIND_REPORT.pdf:Zone.Identifier | data/lseg/raw/03_CURRENT_RECENT_LSEG/WEATHER/CLOUD_COVER_CH.xls:Zone.Identifier | data/lseg/raw/03_CURRENT_RECENT_LSEG/WEATHER/CLOUD_COVER_REPORT.pdf:Zone.Identifier | data/lseg/raw/03_CURRENT_RECENT_LSEG/WEATHER/ECMWF_CLUSTER_REPORT.pdf:Zone.Identifier | data/lseg/raw/03_CURRENT_RECENT_LSEG/WEATHER/NAO_AO_REPORT.pdf:Zone.Identifier | data/lseg/raw/03_CURRENT_RECENT_LSEG/WEATHER/PRECIPITATION_ALP_AREA_REPORT.pdf:Zone.Identifier | data/lseg/raw/03_CURRENT_RECENT_LSEG/WEATHER/PRECIPITATION_CH_EFFECTIVE.xls:Zone.Identifier | data/lseg/raw/03_CURRENT_RECENT_LSEG/WEATHER/TEMPERATURE_DE_FR_AT_CH_TABLE.xls:Zone.Identifier | data/lseg/raw/03_CURRENT_RECENT_LSEG/WEATHER/TEMPERATURE_IT_CHART.xls:Zone.Identifier | data/lseg/raw/03_CURRENT_RECENT_LSEG/WEATHER/TEMPERATURE_REPORT.pdf:Zone.Identifier | data/lseg/raw/04_CROSS_BORDER_REFERENCE/01_PRICE_FLOW_GRAPH_CHE_VISIBLE.png:Zone.Identifier | data/lseg/raw/04_CROSS_BORDER_REFERENCE/02_DEU_SELECTED_CONNECTIONS.png:Zone.Identifier | data/lseg/raw/04_CROSS_BORDER_REFERENCE/03_NET_IMPORT_GRAPH.png:Zone.Identifier | data/lseg/raw/04_CROSS_BORDER_REFERENCE/04_NET_IMPORT_CHE_SELECTED_00.png:Zone.Identifier | data/lseg/raw/04_CROSS_BORDER_REFERENCE/05_NET_IMPORT_CHE_SELECTED_12.png:Zone.Identifier | data/lseg/raw/04_CROSS_BORDER_REFERENCE/06_CAPACITY_DIRECTION_1_CHE_SELECTED.png:Zone.Identifier | data/lseg/raw/04_CROSS_BORDER_REFERENCE/07_CAPACITY_DIRECTION_2_CHE_SELECTED_A.png:Zone.Identifier | data/lseg/raw/04_CROSS_BORDER_REFERENCE/08_CAPACITY_DIRECTION_2_CHE_SELECTED_B.png:Zone.Identifier | data/lseg/raw/04_CROSS_BORDER_REFERENCE/09_CAPACITY_DIRECTION_2_CHE_SELECTED_C.png:Zone.Identifier | data/lseg/raw/04_CROSS_BORDER_REFERENCE/10_SCHEDULED_EXCHANGE_NET_IMPORT_GRAPH.png:Zone.Identifier | data/lseg/raw/04_CROSS_BORDER_REFERENCE/11_SCHEDULED_EXCHANGE_CHE_SELECTED.png:Zone.Identifier | data/lseg/raw/04_CROSS_BORDER_REFERENCE/FLOWS_GRAPH_REPORT.pdf:Zone.Identifier | data/lseg/raw/05_LSEG_REFERENCE_PDFS/DEMAND_CONSUMPTION_OVERVIEW.pdf:Zone.Identifier | data/lseg/raw/90_INTERMEDIATE/LSEG_PRICE_DEMAND/FR_15M_RAW.xls.xlsx:Zone.Identifier | data/lseg/raw/90_INTERMEDIATE/LSEG_PRICE_DEMAND/FR_DA_RAW.xlsx:Zone.Identifier | data/lseg/raw/90_INTERMEDIATE/LSEG_PRICE_DEMAND/IT_DA_RAW(1).xlsx:Zone.Identifier | data/lseg/raw/90_INTERMEDIATE/LSEG_PRICE_DEMAND/IT_DA_RAW(2).xlsx:Zone.Identifier | data/lseg/raw/90_INTERMEDIATE/LSEG_PRICE_DEMAND/IT_DA_RAW(3).xlsx:Zone.Identifier | data/lseg/raw/90_INTERMEDIATE/LSEG_PRICE_DEMAND/IT_DA_RAW.xlsx:Zone.Identifier | data/lseg/raw/90_INTERMEDIATE/LSEG_PRICE_DEMAND/IT_DEMAND_15M_ALL_ZONES_TEMPLATE.xlsx:Zone.Identifier | data/lseg/raw/90_INTERMEDIATE/LSEG_PRICE_DEMAND/IT_DEMAND_15M_NORTH.xlsx:Zone.Identifier | data/lseg/raw/90_INTERMEDIATE/LSEG_PRICE_DEMAND/Mappe1(1).xlsx:Zone.Identifier | data/lseg/raw/90_INTERMEDIATE/LSEG_PRICE_DEMAND/Mappe1(2).xlsx:Zone.Identifier | data/lseg/raw/90_INTERMEDIATE/LSEG_PRICE_DEMAND/Mappe1(3).xlsx:Zone.Identifier | data/lseg/raw/90_INTERMEDIATE/LSEG_PRICE_DEMAND/Mappe1(4).xlsx:Zone.Identifier | data/lseg/raw/90_INTERMEDIATE/LSEG_PRICE_DEMAND/Mappe1(5).xlsx:Zone.Identifier | data/lseg/raw/90_INTERMEDIATE/SCREENSHOTS/0a528483-087b-4a33-a2f3-ecdd62770a3a.png:Zone.Identifier | data/lseg/raw/90_INTERMEDIATE/SCREENSHOTS/1609bf25-22b3-4c50-817b-fa945dba6bfe.png:Zone.Identifier | data/lseg/raw/90_INTERMEDIATE/SCREENSHOTS/1d02b907-f21b-48aa-bff6-9bb501bffd31.png:Zone.Identifier | data/lseg/raw/90_INTERMEDIATE/SCREENSHOTS/2bf92681-8086-451b-ad79-2cf2aaa286bf.png:Zone.Identifier | data/lseg/raw/90_INTERMEDIATE/SCREENSHOTS/5048f972-71a5-4bbb-9ebf-495783170275.png:Zone.Identifier | data/lseg/raw/90_INTERMEDIATE/SCREENSHOTS/57688dd7-cfad-46f7-9d61-7173a480ab24.png:Zone.Identifier | data/lseg/raw/90_INTERMEDIATE/SCREENSHOTS/6a48aa3a-47d9-431b-a8d4-4b421a82f395.png:Zone.Identifier | data/lseg/raw/90_INTERMEDIATE/SCREENSHOTS/6b0bf7a6-4724-4c1c-98c7-10c623883a8b.png:Zone.Identifier | data/lseg/raw/90_INTERMEDIATE/SCREENSHOTS/7cdf8489-62e1-4566-9c92-ddde781dfc41.png:Zone.Identifier | data/lseg/raw/90_INTERMEDIATE/SCREENSHOTS/839b9904-b506-4600-a582-19546fc0d0dc.png:Zone.Identifier | data/lseg/raw/90_INTERMEDIATE/SCREENSHOTS/87b02fce-0b58-4ead-b793-267dd464b8ec.png:Zone.Identifier | data/lseg/raw/90_INTERMEDIATE/SCREENSHOTS/917dfe63-9fd2-4e78-89c4-b98dcf9f033f.png:Zone.Identifier | data/lseg/raw/90_INTERMEDIATE/SCREENSHOTS/990167dc-a3d5-4b22-acec-131b4e0f87c9.png:Zone.Identifier | data/lseg/raw/90_INTERMEDIATE/SCREENSHOTS/af6db8b3-1471-4a8e-9879-1e782574016e.png:Zone.Identifier | data/lseg/raw/90_INTERMEDIATE/SCREENSHOTS/b94c25b1-cacf-496f-802b-f74a6ec3c376.png:Zone.Identifier | data/lseg/raw/90_INTERMEDIATE/SCREENSHOTS/bc276a5b-6ae8-473b-abe3-2d17e33bcdd3.png:Zone.Identifier | data/lseg/raw/90_INTERMEDIATE/SCREENSHOTS/chart_100049390.embedded.png:Zone.Identifier | data/lseg/raw/90_INTERMEDIATE/SCREENSHOTS/chart_100127248.embedded.png:Zone.Identifier | data/lseg/raw/90_INTERMEDIATE/SCREENSHOTS/crop_che.png:Zone.Identifier | data/lseg/raw/90_INTERMEDIATE/SCREENSHOTS/de1ee218-60dc-4b11-b243-1f352c398785.png:Zone.Identifier | data/lseg/raw/99_UNCLASSIFIED_RETAINED/LSEG_DISCOVERY_RAW_NOTES.txt:Zone.Identifier | data/lseg/raw/99_UNCLASSIFIED_RETAINED/table_100016453.xls:Zone.Identifier | data/lseg/raw/CH_DA_RAW.xlsx:Zone.Identifier | data/lseg/raw/DE_DA_RAW.xlsx:Zone.Identifier | data/lseg/raw/EDF_NUCLEAR_OUTAGE_REVISIONS_PIT.csv:Zone.Identifier | data/lseg/raw/EDF_NUCLEAR_PIT_DAILY_2021_2026.csv:Zone.Identifier | data/lseg/raw/FR_15M_RAW.xlsx:Zone.Identifier | data/lseg/raw/FR_DA_RAW_COMBINED.xlsx:Zone.Identifier | data/lseg/raw/Historique des indispo des moyens de production - depuis 2015 - 07092026-full.csv:Zone.Identifier | data/lseg/raw/IT_DA_RAW (1).xlsx:Zone.Identifier | data/lseg/raw/IT_DA_RAW.xlsx:Zone.Identifier | data/lseg/raw/IT_DEMAND_15M_ALL_ZONES_TEMPLATE.xlsx:Zone.Identifier | data/lseg/raw/IT_DEMAND_15M_NORTH.xlsx:Zone.Identifier | data/lseg/raw/IT_DEMAND_HOURLY.xlsx:Zone.Identifier | data/lseg/raw/publications-transparence-et-remit-liste-des-messages-edf-sa.csv:Zone.Identifier,Windows download-origin sidecar; excluded from data analysis.
data/lseg/raw/04_CROSS_BORDER_REFERENCE/07_CAPACITY_DIRECTION_2_CHE_SELECTED_A.png,07_CAPACITY_DIRECTION_2_CHE_SELECTED_A.png,png,reference_image_or_report,LSEG reference report,LSEG reference report,Europe/unknown,Not applicable/non-tabular or not safely extractable,Not applicable or not declared,Not safely extractable,Not determined from file metadata,Not determined,Not determinable,Not safely extractable,Not safely extractable,Not safely extractable,52133,Not applicable/non-tabular,UNKNOWN,REFERENCE_ONLY,,,Non-tabular artifact; no reliable row-level schema inferred.
data/lseg/raw/04_CROSS_BORDER_REFERENCE/07_CAPACITY_DIRECTION_2_CHE_SELECTED_A.png:Zone.Identifier,07_CAPACITY_DIRECTION_2_CHE_SELECTED_A.png:Zone.Identifier,identifier,metadata_sidecar,ancillary file metadata,Zone.Identifier,UNKNOWN,Not applicable/non-tabular or not safely extractable,Not applicable or not declared,Not safely extractable,Not determined from file metadata,Not determined,Not determinable,Not safely extractable,Not safely extractable,Not safely extractable,25,Not applicable/non-tabular,UNKNOWN,None,,data/lseg/raw/00_START_HERE/ANONYMOUS_XLS_MAPPING.md:Zone.Identifier | data/lseg/raw/00_START_HERE/DATA_CATALOG.csv:Zone.Identifier | data/lseg/raw/00_START_HERE/EXTRACTION_STATUS_AND_GAPS.md:Zone.Identifier | data/lseg/raw/00_START_HERE/LICENSE_NOTES.md:Zone.Identifier | data/lseg/raw/00_START_HERE/MANIFEST_SHA256.csv:Zone.Identifier | data/lseg/raw/00_START_HERE/MISSING_CH_DE_RECOVERY.md:Zone.Identifier | data/lseg/raw/00_START_HERE/MISSING_CH_DE_RICS.csv:Zone.Identifier | data/lseg/raw/00_START_HERE/PROJECT_OBJECTIVE.txt:Zone.Identifier | data/lseg/raw/00_START_HERE/README_FIRST.md:Zone.Identifier | data/lseg/raw/00_START_HERE/RIC_FAMILIES.csv:Zone.Identifier | data/lseg/raw/01_CORE_HISTORICAL/FR_NUCLEAR_PIT/EDF_NUCLEAR_OUTAGE_REVISIONS_PIT.csv:Zone.Identifier | data/lseg/raw/01_CORE_HISTORICAL/FR_NUCLEAR_PIT/EDF_NUCLEAR_PIT_DAILY_2021_2026.csv:Zone.Identifier | data/lseg/raw/01_CORE_HISTORICAL/FR_NUCLEAR_PIT/EDF_NUCLEAR_PIT_SUMMARY.txt:Zone.Identifier | data/lseg/raw/01_CORE_HISTORICAL/LSEG_DEMAND/IT_DEMAND_15M_ALL_7_ZONES_2025_2026.xlsx:Zone.Identifier | data/lseg/raw/01_CORE_HISTORICAL/LSEG_DEMAND/IT_DEMAND_HOURLY_2021_2025.xlsx:Zone.Identifier | data/lseg/raw/01_CORE_HISTORICAL/LSEG_PRICES/FR_DAY_AHEAD_HOURLY_AND_15M.xlsx:Zone.Identifier | data/lseg/raw/01_CORE_HISTORICAL/LSEG_PRICES/IT_DAY_AHEAD_HOURLY_AND_15M.xlsx:Zone.Identifier | data/lseg/raw/02_SOURCE_RAW/FR_NUCLEAR/EDF_OUTAGE_HISTORY_RAW.csv:Zone.Identifier | data/lseg/raw/02_SOURCE_RAW/FR_NUCLEAR/EDF_TRANSPARENCY_REMIT_MESSAGES_RAW.csv:Zone.Identifier | data/lseg/raw/03_CURRENT_RECENT_LSEG/COST_CURVES/cost_curves_2026910_21432.xlsx:Zone.Identifier | data/lseg/raw/03_CURRENT_RECENT_LSEG/COST_CURVES/cost_curves_2026910_21543.xlsx:Zone.Identifier | data/lseg/raw/03_CURRENT_RECENT_LSEG/COST_CURVES/cost_curves_2026910_2164.xlsx:Zone.Identifier | data/lseg/raw/03_CURRENT_RECENT_LSEG/RESIDUAL_LOAD/CWE_RESIDUAL_LOAD_REPORT.pdf:Zone.Identifier | data/lseg/raw/03_CURRENT_RECENT_LSEG/RESIDUAL_LOAD/DE_RESIDUAL_LOAD_CURRENT_RECENT.xls:Zone.Identifier | data/lseg/raw/03_CURRENT_RECENT_LSEG/RESIDUAL_LOAD/DE_RESIDUAL_LOAD_REPORT.pdf:Zone.Identifier | data/lseg/raw/03_CURRENT_RECENT_LSEG/RESIDUAL_LOAD/FR_IT_RESIDUAL_LOAD_EXPORT_A.xls:Zone.Identifier | data/lseg/raw/03_CURRENT_RECENT_LSEG/RESIDUAL_LOAD/FR_IT_RESIDUAL_LOAD_EXPORT_B.xls:Zone.Identifier | data/lseg/raw/03_CURRENT_RECENT_LSEG/SUPPLY_WIND_SOLAR/GB_EMBEDDED_SOLAR_REPORT.pdf:Zone.Identifier | data/lseg/raw/03_CURRENT_RECENT_LSEG/SUPPLY_WIND_SOLAR/GB_EMBEDDED_WIND_REPORT.pdf:Zone.Identifier | data/lseg/raw/03_CURRENT_RECENT_LSEG/SUPPLY_WIND_SOLAR/SUPPLY_WIND_REPORT.pdf:Zone.Identifier | data/lseg/raw/03_CURRENT_RECENT_LSEG/WEATHER/CLOUD_COVER_CH.xls:Zone.Identifier | data/lseg/raw/03_CURRENT_RECENT_LSEG/WEATHER/CLOUD_COVER_REPORT.pdf:Zone.Identifier | data/lseg/raw/03_CURRENT_RECENT_LSEG/WEATHER/ECMWF_CLUSTER_REPORT.pdf:Zone.Identifier | data/lseg/raw/03_CURRENT_RECENT_LSEG/WEATHER/NAO_AO_REPORT.pdf:Zone.Identifier | data/lseg/raw/03_CURRENT_RECENT_LSEG/WEATHER/PRECIPITATION_ALP_AREA_REPORT.pdf:Zone.Identifier | data/lseg/raw/03_CURRENT_RECENT_LSEG/WEATHER/PRECIPITATION_CH_EFFECTIVE.xls:Zone.Identifier | data/lseg/raw/03_CURRENT_RECENT_LSEG/WEATHER/TEMPERATURE_DE_FR_AT_CH_TABLE.xls:Zone.Identifier | data/lseg/raw/03_CURRENT_RECENT_LSEG/WEATHER/TEMPERATURE_IT_CHART.xls:Zone.Identifier | data/lseg/raw/03_CURRENT_RECENT_LSEG/WEATHER/TEMPERATURE_REPORT.pdf:Zone.Identifier | data/lseg/raw/04_CROSS_BORDER_REFERENCE/01_PRICE_FLOW_GRAPH_CHE_VISIBLE.png:Zone.Identifier | data/lseg/raw/04_CROSS_BORDER_REFERENCE/02_DEU_SELECTED_CONNECTIONS.png:Zone.Identifier | data/lseg/raw/04_CROSS_BORDER_REFERENCE/03_NET_IMPORT_GRAPH.png:Zone.Identifier | data/lseg/raw/04_CROSS_BORDER_REFERENCE/04_NET_IMPORT_CHE_SELECTED_00.png:Zone.Identifier | data/lseg/raw/04_CROSS_BORDER_REFERENCE/05_NET_IMPORT_CHE_SELECTED_12.png:Zone.Identifier | data/lseg/raw/04_CROSS_BORDER_REFERENCE/06_CAPACITY_DIRECTION_1_CHE_SELECTED.png:Zone.Identifier | data/lseg/raw/04_CROSS_BORDER_REFERENCE/07_CAPACITY_DIRECTION_2_CHE_SELECTED_A.png:Zone.Identifier | data/lseg/raw/04_CROSS_BORDER_REFERENCE/08_CAPACITY_DIRECTION_2_CHE_SELECTED_B.png:Zone.Identifier | data/lseg/raw/04_CROSS_BORDER_REFERENCE/09_CAPACITY_DIRECTION_2_CHE_SELECTED_C.png:Zone.Identifier | data/lseg/raw/04_CROSS_BORDER_REFERENCE/10_SCHEDULED_EXCHANGE_NET_IMPORT_GRAPH.png:Zone.Identifier | data/lseg/raw/04_CROSS_BORDER_REFERENCE/11_SCHEDULED_EXCHANGE_CHE_SELECTED.png:Zone.Identifier | data/lseg/raw/04_CROSS_BORDER_REFERENCE/FLOWS_GRAPH_REPORT.pdf:Zone.Identifier | data/lseg/raw/05_LSEG_REFERENCE_PDFS/DEMAND_CONSUMPTION_OVERVIEW.pdf:Zone.Identifier | data/lseg/raw/90_INTERMEDIATE/LSEG_PRICE_DEMAND/FR_15M_RAW.xls.xlsx:Zone.Identifier | data/lseg/raw/90_INTERMEDIATE/LSEG_PRICE_DEMAND/FR_DA_RAW.xlsx:Zone.Identifier | data/lseg/raw/90_INTERMEDIATE/LSEG_PRICE_DEMAND/IT_DA_RAW(1).xlsx:Zone.Identifier | data/lseg/raw/90_INTERMEDIATE/LSEG_PRICE_DEMAND/IT_DA_RAW(2).xlsx:Zone.Identifier | data/lseg/raw/90_INTERMEDIATE/LSEG_PRICE_DEMAND/IT_DA_RAW(3).xlsx:Zone.Identifier | data/lseg/raw/90_INTERMEDIATE/LSEG_PRICE_DEMAND/IT_DA_RAW.xlsx:Zone.Identifier | data/lseg/raw/90_INTERMEDIATE/LSEG_PRICE_DEMAND/IT_DEMAND_15M_ALL_ZONES_TEMPLATE.xlsx:Zone.Identifier | data/lseg/raw/90_INTERMEDIATE/LSEG_PRICE_DEMAND/IT_DEMAND_15M_NORTH.xlsx:Zone.Identifier | data/lseg/raw/90_INTERMEDIATE/LSEG_PRICE_DEMAND/Mappe1(1).xlsx:Zone.Identifier | data/lseg/raw/90_INTERMEDIATE/LSEG_PRICE_DEMAND/Mappe1(2).xlsx:Zone.Identifier | data/lseg/raw/90_INTERMEDIATE/LSEG_PRICE_DEMAND/Mappe1(3).xlsx:Zone.Identifier | data/lseg/raw/90_INTERMEDIATE/LSEG_PRICE_DEMAND/Mappe1(4).xlsx:Zone.Identifier | data/lseg/raw/90_INTERMEDIATE/LSEG_PRICE_DEMAND/Mappe1(5).xlsx:Zone.Identifier | data/lseg/raw/90_INTERMEDIATE/SCREENSHOTS/0a528483-087b-4a33-a2f3-ecdd62770a3a.png:Zone.Identifier | data/lseg/raw/90_INTERMEDIATE/SCREENSHOTS/1609bf25-22b3-4c50-817b-fa945dba6bfe.png:Zone.Identifier | data/lseg/raw/90_INTERMEDIATE/SCREENSHOTS/1d02b907-f21b-48aa-bff6-9bb501bffd31.png:Zone.Identifier | data/lseg/raw/90_INTERMEDIATE/SCREENSHOTS/2bf92681-8086-451b-ad79-2cf2aaa286bf.png:Zone.Identifier | data/lseg/raw/90_INTERMEDIATE/SCREENSHOTS/5048f972-71a5-4bbb-9ebf-495783170275.png:Zone.Identifier | data/lseg/raw/90_INTERMEDIATE/SCREENSHOTS/57688dd7-cfad-46f7-9d61-7173a480ab24.png:Zone.Identifier | data/lseg/raw/90_INTERMEDIATE/SCREENSHOTS/6a48aa3a-47d9-431b-a8d4-4b421a82f395.png:Zone.Identifier | data/lseg/raw/90_INTERMEDIATE/SCREENSHOTS/6b0bf7a6-4724-4c1c-98c7-10c623883a8b.png:Zone.Identifier | data/lseg/raw/90_INTERMEDIATE/SCREENSHOTS/7cdf8489-62e1-4566-9c92-ddde781dfc41.png:Zone.Identifier | data/lseg/raw/90_INTERMEDIATE/SCREENSHOTS/839b9904-b506-4600-a582-19546fc0d0dc.png:Zone.Identifier | data/lseg/raw/90_INTERMEDIATE/SCREENSHOTS/87b02fce-0b58-4ead-b793-267dd464b8ec.png:Zone.Identifier | data/lseg/raw/90_INTERMEDIATE/SCREENSHOTS/917dfe63-9fd2-4e78-89c4-b98dcf9f033f.png:Zone.Identifier | data/lseg/raw/90_INTERMEDIATE/SCREENSHOTS/990167dc-a3d5-4b22-acec-131b4e0f87c9.png:Zone.Identifier | data/lseg/raw/90_INTERMEDIATE/SCREENSHOTS/af6db8b3-1471-4a8e-9879-1e782574016e.png:Zone.Identifier | data/lseg/raw/90_INTERMEDIATE/SCREENSHOTS/b94c25b1-cacf-496f-802b-f74a6ec3c376.png:Zone.Identifier | data/lseg/raw/90_INTERMEDIATE/SCREENSHOTS/bc276a5b-6ae8-473b-abe3-2d17e33bcdd3.png:Zone.Identifier | data/lseg/raw/90_INTERMEDIATE/SCREENSHOTS/chart_100049390.embedded.png:Zone.Identifier | data/lseg/raw/90_INTERMEDIATE/SCREENSHOTS/chart_100127248.embedded.png:Zone.Identifier | data/lseg/raw/90_INTERMEDIATE/SCREENSHOTS/crop_che.png:Zone.Identifier | data/lseg/raw/90_INTERMEDIATE/SCREENSHOTS/de1ee218-60dc-4b11-b243-1f352c398785.png:Zone.Identifier | data/lseg/raw/99_UNCLASSIFIED_RETAINED/LSEG_DISCOVERY_RAW_NOTES.txt:Zone.Identifier | data/lseg/raw/99_UNCLASSIFIED_RETAINED/table_100016453.xls:Zone.Identifier | data/lseg/raw/CH_DA_RAW.xlsx:Zone.Identifier | data/lseg/raw/DE_DA_RAW.xlsx:Zone.Identifier | data/lseg/raw/EDF_NUCLEAR_OUTAGE_REVISIONS_PIT.csv:Zone.Identifier | data/lseg/raw/EDF_NUCLEAR_PIT_DAILY_2021_2026.csv:Zone.Identifier | data/lseg/raw/FR_15M_RAW.xlsx:Zone.Identifier | data/lseg/raw/FR_DA_RAW_COMBINED.xlsx:Zone.Identifier | data/lseg/raw/Historique des indispo des moyens de production - depuis 2015 - 07092026-full.csv:Zone.Identifier | data/lseg/raw/IT_DA_RAW (1).xlsx:Zone.Identifier | data/lseg/raw/IT_DA_RAW.xlsx:Zone.Identifier | data/lseg/raw/IT_DEMAND_15M_ALL_ZONES_TEMPLATE.xlsx:Zone.Identifier | data/lseg/raw/IT_DEMAND_15M_NORTH.xlsx:Zone.Identifier | data/lseg/raw/IT_DEMAND_HOURLY.xlsx:Zone.Identifier | data/lseg/raw/publications-transparence-et-remit-liste-des-messages-edf-sa.csv:Zone.Identifier,Windows download-origin sidecar; excluded from data analysis.
data/lseg/raw/04_CROSS_BORDER_REFERENCE/08_CAPACITY_DIRECTION_2_CHE_SELECTED_B.png,08_CAPACITY_DIRECTION_2_CHE_SELECTED_B.png,png,reference_image_or_report,LSEG reference report,LSEG reference report,Europe/unknown,Not applicable/non-tabular or not safely extractable,Not applicable or not declared,Not safely extractable,Not determined from file metadata,Not determined,Not determinable,Not safely extractable,Not safely extractable,Not safely extractable,55993,Not applicable/non-tabular,UNKNOWN,REFERENCE_ONLY,,,Non-tabular artifact; no reliable row-level schema inferred.
data/lseg/raw/04_CROSS_BORDER_REFERENCE/08_CAPACITY_DIRECTION_2_CHE_SELECTED_B.png:Zone.Identifier,08_CAPACITY_DIRECTION_2_CHE_SELECTED_B.png:Zone.Identifier,identifier,metadata_sidecar,ancillary file metadata,Zone.Identifier,UNKNOWN,Not applicable/non-tabular or not safely extractable,Not applicable or not declared,Not safely extractable,Not determined from file metadata,Not determined,Not determinable,Not safely extractable,Not safely extractable,Not safely extractable,25,Not applicable/non-tabular,UNKNOWN,None,,data/lseg/raw/00_START_HERE/ANONYMOUS_XLS_MAPPING.md:Zone.Identifier | data/lseg/raw/00_START_HERE/DATA_CATALOG.csv:Zone.Identifier | data/lseg/raw/00_START_HERE/EXTRACTION_STATUS_AND_GAPS.md:Zone.Identifier | data/lseg/raw/00_START_HERE/LICENSE_NOTES.md:Zone.Identifier | data/lseg/raw/00_START_HERE/MANIFEST_SHA256.csv:Zone.Identifier | data/lseg/raw/00_START_HERE/MISSING_CH_DE_RECOVERY.md:Zone.Identifier | data/lseg/raw/00_START_HERE/MISSING_CH_DE_RICS.csv:Zone.Identifier | data/lseg/raw/00_START_HERE/PROJECT_OBJECTIVE.txt:Zone.Identifier | data/lseg/raw/00_START_HERE/README_FIRST.md:Zone.Identifier | data/lseg/raw/00_START_HERE/RIC_FAMILIES.csv:Zone.Identifier | data/lseg/raw/01_CORE_HISTORICAL/FR_NUCLEAR_PIT/EDF_NUCLEAR_OUTAGE_REVISIONS_PIT.csv:Zone.Identifier | data/lseg/raw/01_CORE_HISTORICAL/FR_NUCLEAR_PIT/EDF_NUCLEAR_PIT_DAILY_2021_2026.csv:Zone.Identifier | data/lseg/raw/01_CORE_HISTORICAL/FR_NUCLEAR_PIT/EDF_NUCLEAR_PIT_SUMMARY.txt:Zone.Identifier | data/lseg/raw/01_CORE_HISTORICAL/LSEG_DEMAND/IT_DEMAND_15M_ALL_7_ZONES_2025_2026.xlsx:Zone.Identifier | data/lseg/raw/01_CORE_HISTORICAL/LSEG_DEMAND/IT_DEMAND_HOURLY_2021_2025.xlsx:Zone.Identifier | data/lseg/raw/01_CORE_HISTORICAL/LSEG_PRICES/FR_DAY_AHEAD_HOURLY_AND_15M.xlsx:Zone.Identifier | data/lseg/raw/01_CORE_HISTORICAL/LSEG_PRICES/IT_DAY_AHEAD_HOURLY_AND_15M.xlsx:Zone.Identifier | data/lseg/raw/02_SOURCE_RAW/FR_NUCLEAR/EDF_OUTAGE_HISTORY_RAW.csv:Zone.Identifier | data/lseg/raw/02_SOURCE_RAW/FR_NUCLEAR/EDF_TRANSPARENCY_REMIT_MESSAGES_RAW.csv:Zone.Identifier | data/lseg/raw/03_CURRENT_RECENT_LSEG/COST_CURVES/cost_curves_2026910_21432.xlsx:Zone.Identifier | data/lseg/raw/03_CURRENT_RECENT_LSEG/COST_CURVES/cost_curves_2026910_21543.xlsx:Zone.Identifier | data/lseg/raw/03_CURRENT_RECENT_LSEG/COST_CURVES/cost_curves_2026910_2164.xlsx:Zone.Identifier | data/lseg/raw/03_CURRENT_RECENT_LSEG/RESIDUAL_LOAD/CWE_RESIDUAL_LOAD_REPORT.pdf:Zone.Identifier | data/lseg/raw/03_CURRENT_RECENT_LSEG/RESIDUAL_LOAD/DE_RESIDUAL_LOAD_CURRENT_RECENT.xls:Zone.Identifier | data/lseg/raw/03_CURRENT_RECENT_LSEG/RESIDUAL_LOAD/DE_RESIDUAL_LOAD_REPORT.pdf:Zone.Identifier | data/lseg/raw/03_CURRENT_RECENT_LSEG/RESIDUAL_LOAD/FR_IT_RESIDUAL_LOAD_EXPORT_A.xls:Zone.Identifier | data/lseg/raw/03_CURRENT_RECENT_LSEG/RESIDUAL_LOAD/FR_IT_RESIDUAL_LOAD_EXPORT_B.xls:Zone.Identifier | data/lseg/raw/03_CURRENT_RECENT_LSEG/SUPPLY_WIND_SOLAR/GB_EMBEDDED_SOLAR_REPORT.pdf:Zone.Identifier | data/lseg/raw/03_CURRENT_RECENT_LSEG/SUPPLY_WIND_SOLAR/GB_EMBEDDED_WIND_REPORT.pdf:Zone.Identifier | data/lseg/raw/03_CURRENT_RECENT_LSEG/SUPPLY_WIND_SOLAR/SUPPLY_WIND_REPORT.pdf:Zone.Identifier | data/lseg/raw/03_CURRENT_RECENT_LSEG/WEATHER/CLOUD_COVER_CH.xls:Zone.Identifier | data/lseg/raw/03_CURRENT_RECENT_LSEG/WEATHER/CLOUD_COVER_REPORT.pdf:Zone.Identifier | data/lseg/raw/03_CURRENT_RECENT_LSEG/WEATHER/ECMWF_CLUSTER_REPORT.pdf:Zone.Identifier | data/lseg/raw/03_CURRENT_RECENT_LSEG/WEATHER/NAO_AO_REPORT.pdf:Zone.Identifier | data/lseg/raw/03_CURRENT_RECENT_LSEG/WEATHER/PRECIPITATION_ALP_AREA_REPORT.pdf:Zone.Identifier | data/lseg/raw/03_CURRENT_RECENT_LSEG/WEATHER/PRECIPITATION_CH_EFFECTIVE.xls:Zone.Identifier | data/lseg/raw/03_CURRENT_RECENT_LSEG/WEATHER/TEMPERATURE_DE_FR_AT_CH_TABLE.xls:Zone.Identifier | data/lseg/raw/03_CURRENT_RECENT_LSEG/WEATHER/TEMPERATURE_IT_CHART.xls:Zone.Identifier | data/lseg/raw/03_CURRENT_RECENT_LSEG/WEATHER/TEMPERATURE_REPORT.pdf:Zone.Identifier | data/lseg/raw/04_CROSS_BORDER_REFERENCE/01_PRICE_FLOW_GRAPH_CHE_VISIBLE.png:Zone.Identifier | data/lseg/raw/04_CROSS_BORDER_REFERENCE/02_DEU_SELECTED_CONNECTIONS.png:Zone.Identifier | data/lseg/raw/04_CROSS_BORDER_REFERENCE/03_NET_IMPORT_GRAPH.png:Zone.Identifier | data/lseg/raw/04_CROSS_BORDER_REFERENCE/04_NET_IMPORT_CHE_SELECTED_00.png:Zone.Identifier | data/lseg/raw/04_CROSS_BORDER_REFERENCE/05_NET_IMPORT_CHE_SELECTED_12.png:Zone.Identifier | data/lseg/raw/04_CROSS_BORDER_REFERENCE/06_CAPACITY_DIRECTION_1_CHE_SELECTED.png:Zone.Identifier | data/lseg/raw/04_CROSS_BORDER_REFERENCE/07_CAPACITY_DIRECTION_2_CHE_SELECTED_A.png:Zone.Identifier | data/lseg/raw/04_CROSS_BORDER_REFERENCE/08_CAPACITY_DIRECTION_2_CHE_SELECTED_B.png:Zone.Identifier | data/lseg/raw/04_CROSS_BORDER_REFERENCE/09_CAPACITY_DIRECTION_2_CHE_SELECTED_C.png:Zone.Identifier | data/lseg/raw/04_CROSS_BORDER_REFERENCE/10_SCHEDULED_EXCHANGE_NET_IMPORT_GRAPH.png:Zone.Identifier | data/lseg/raw/04_CROSS_BORDER_REFERENCE/11_SCHEDULED_EXCHANGE_CHE_SELECTED.png:Zone.Identifier | data/lseg/raw/04_CROSS_BORDER_REFERENCE/FLOWS_GRAPH_REPORT.pdf:Zone.Identifier | data/lseg/raw/05_LSEG_REFERENCE_PDFS/DEMAND_CONSUMPTION_OVERVIEW.pdf:Zone.Identifier | data/lseg/raw/90_INTERMEDIATE/LSEG_PRICE_DEMAND/FR_15M_RAW.xls.xlsx:Zone.Identifier | data/lseg/raw/90_INTERMEDIATE/LSEG_PRICE_DEMAND/FR_DA_RAW.xlsx:Zone.Identifier | data/lseg/raw/90_INTERMEDIATE/LSEG_PRICE_DEMAND/IT_DA_RAW(1).xlsx:Zone.Identifier | data/lseg/raw/90_INTERMEDIATE/LSEG_PRICE_DEMAND/IT_DA_RAW(2).xlsx:Zone.Identifier | data/lseg/raw/90_INTERMEDIATE/LSEG_PRICE_DEMAND/IT_DA_RAW(3).xlsx:Zone.Identifier | data/lseg/raw/90_INTERMEDIATE/LSEG_PRICE_DEMAND/IT_DA_RAW.xlsx:Zone.Identifier | data/lseg/raw/90_INTERMEDIATE/LSEG_PRICE_DEMAND/IT_DEMAND_15M_ALL_ZONES_TEMPLATE.xlsx:Zone.Identifier | data/lseg/raw/90_INTERMEDIATE/LSEG_PRICE_DEMAND/IT_DEMAND_15M_NORTH.xlsx:Zone.Identifier | data/lseg/raw/90_INTERMEDIATE/LSEG_PRICE_DEMAND/Mappe1(1).xlsx:Zone.Identifier | data/lseg/raw/90_INTERMEDIATE/LSEG_PRICE_DEMAND/Mappe1(2).xlsx:Zone.Identifier | data/lseg/raw/90_INTERMEDIATE/LSEG_PRICE_DEMAND/Mappe1(3).xlsx:Zone.Identifier | data/lseg/raw/90_INTERMEDIATE/LSEG_PRICE_DEMAND/Mappe1(4).xlsx:Zone.Identifier | data/lseg/raw/90_INTERMEDIATE/LSEG_PRICE_DEMAND/Mappe1(5).xlsx:Zone.Identifier | data/lseg/raw/90_INTERMEDIATE/SCREENSHOTS/0a528483-087b-4a33-a2f3-ecdd62770a3a.png:Zone.Identifier | data/lseg/raw/90_INTERMEDIATE/SCREENSHOTS/1609bf25-22b3-4c50-817b-fa945dba6bfe.png:Zone.Identifier | data/lseg/raw/90_INTERMEDIATE/SCREENSHOTS/1d02b907-f21b-48aa-bff6-9bb501bffd31.png:Zone.Identifier | data/lseg/raw/90_INTERMEDIATE/SCREENSHOTS/2bf92681-8086-451b-ad79-2cf2aaa286bf.png:Zone.Identifier | data/lseg/raw/90_INTERMEDIATE/SCREENSHOTS/5048f972-71a5-4bbb-9ebf-495783170275.png:Zone.Identifier | data/lseg/raw/90_INTERMEDIATE/SCREENSHOTS/57688dd7-cfad-46f7-9d61-7173a480ab24.png:Zone.Identifier | data/lseg/raw/90_INTERMEDIATE/SCREENSHOTS/6a48aa3a-47d9-431b-a8d4-4b421a82f395.png:Zone.Identifier | data/lseg/raw/90_INTERMEDIATE/SCREENSHOTS/6b0bf7a6-4724-4c1c-98c7-10c623883a8b.png:Zone.Identifier | data/lseg/raw/90_INTERMEDIATE/SCREENSHOTS/7cdf8489-62e1-4566-9c92-ddde781dfc41.png:Zone.Identifier | data/lseg/raw/90_INTERMEDIATE/SCREENSHOTS/839b9904-b506-4600-a582-19546fc0d0dc.png:Zone.Identifier | data/lseg/raw/90_INTERMEDIATE/SCREENSHOTS/87b02fce-0b58-4ead-b793-267dd464b8ec.png:Zone.Identifier | data/lseg/raw/90_INTERMEDIATE/SCREENSHOTS/917dfe63-9fd2-4e78-89c4-b98dcf9f033f.png:Zone.Identifier | data/lseg/raw/90_INTERMEDIATE/SCREENSHOTS/990167dc-a3d5-4b22-acec-131b4e0f87c9.png:Zone.Identifier | data/lseg/raw/90_INTERMEDIATE/SCREENSHOTS/af6db8b3-1471-4a8e-9879-1e782574016e.png:Zone.Identifier | data/lseg/raw/90_INTERMEDIATE/SCREENSHOTS/b94c25b1-cacf-496f-802b-f74a6ec3c376.png:Zone.Identifier | data/lseg/raw/90_INTERMEDIATE/SCREENSHOTS/bc276a5b-6ae8-473b-abe3-2d17e33bcdd3.png:Zone.Identifier | data/lseg/raw/90_INTERMEDIATE/SCREENSHOTS/chart_100049390.embedded.png:Zone.Identifier | data/lseg/raw/90_INTERMEDIATE/SCREENSHOTS/chart_100127248.embedded.png:Zone.Identifier | data/lseg/raw/90_INTERMEDIATE/SCREENSHOTS/crop_che.png:Zone.Identifier | data/lseg/raw/90_INTERMEDIATE/SCREENSHOTS/de1ee218-60dc-4b11-b243-1f352c398785.png:Zone.Identifier | data/lseg/raw/99_UNCLASSIFIED_RETAINED/LSEG_DISCOVERY_RAW_NOTES.txt:Zone.Identifier | data/lseg/raw/99_UNCLASSIFIED_RETAINED/table_100016453.xls:Zone.Identifier | data/lseg/raw/CH_DA_RAW.xlsx:Zone.Identifier | data/lseg/raw/DE_DA_RAW.xlsx:Zone.Identifier | data/lseg/raw/EDF_NUCLEAR_OUTAGE_REVISIONS_PIT.csv:Zone.Identifier | data/lseg/raw/EDF_NUCLEAR_PIT_DAILY_2021_2026.csv:Zone.Identifier | data/lseg/raw/FR_15M_RAW.xlsx:Zone.Identifier | data/lseg/raw/FR_DA_RAW_COMBINED.xlsx:Zone.Identifier | data/lseg/raw/Historique des indispo des moyens de production - depuis 2015 - 07092026-full.csv:Zone.Identifier | data/lseg/raw/IT_DA_RAW (1).xlsx:Zone.Identifier | data/lseg/raw/IT_DA_RAW.xlsx:Zone.Identifier | data/lseg/raw/IT_DEMAND_15M_ALL_ZONES_TEMPLATE.xlsx:Zone.Identifier | data/lseg/raw/IT_DEMAND_15M_NORTH.xlsx:Zone.Identifier | data/lseg/raw/IT_DEMAND_HOURLY.xlsx:Zone.Identifier | data/lseg/raw/publications-transparence-et-remit-liste-des-messages-edf-sa.csv:Zone.Identifier,Windows download-origin sidecar; excluded from data analysis.
data/lseg/raw/04_CROSS_BORDER_REFERENCE/09_CAPACITY_DIRECTION_2_CHE_SELECTED_C.png,09_CAPACITY_DIRECTION_2_CHE_SELECTED_C.png,png,reference_image_or_report,LSEG reference report,LSEG reference report,Europe/unknown,Not applicable/non-tabular or not safely extractable,Not applicable or not declared,Not safely extractable,Not determined from file metadata,Not determined,Not determinable,Not safely extractable,Not safely extractable,Not safely extractable,48951,Not applicable/non-tabular,UNKNOWN,REFERENCE_ONLY,,,Non-tabular artifact; no reliable row-level schema inferred.
data/lseg/raw/04_CROSS_BORDER_REFERENCE/09_CAPACITY_DIRECTION_2_CHE_SELECTED_C.png:Zone.Identifier,09_CAPACITY_DIRECTION_2_CHE_SELECTED_C.png:Zone.Identifier,identifier,metadata_sidecar,ancillary file metadata,Zone.Identifier,UNKNOWN,Not applicable/non-tabular or not safely extractable,Not applicable or not declared,Not safely extractable,Not determined from file metadata,Not determined,Not determinable,Not safely extractable,Not safely extractable,Not safely extractable,25,Not applicable/non-tabular,UNKNOWN,None,,data/lseg/raw/00_START_HERE/ANONYMOUS_XLS_MAPPING.md:Zone.Identifier | data/lseg/raw/00_START_HERE/DATA_CATALOG.csv:Zone.Identifier | data/lseg/raw/00_START_HERE/EXTRACTION_STATUS_AND_GAPS.md:Zone.Identifier | data/lseg/raw/00_START_HERE/LICENSE_NOTES.md:Zone.Identifier | data/lseg/raw/00_START_HERE/MANIFEST_SHA256.csv:Zone.Identifier | data/lseg/raw/00_START_HERE/MISSING_CH_DE_RECOVERY.md:Zone.Identifier | data/lseg/raw/00_START_HERE/MISSING_CH_DE_RICS.csv:Zone.Identifier | data/lseg/raw/00_START_HERE/PROJECT_OBJECTIVE.txt:Zone.Identifier | data/lseg/raw/00_START_HERE/README_FIRST.md:Zone.Identifier | data/lseg/raw/00_START_HERE/RIC_FAMILIES.csv:Zone.Identifier | data/lseg/raw/01_CORE_HISTORICAL/FR_NUCLEAR_PIT/EDF_NUCLEAR_OUTAGE_REVISIONS_PIT.csv:Zone.Identifier | data/lseg/raw/01_CORE_HISTORICAL/FR_NUCLEAR_PIT/EDF_NUCLEAR_PIT_DAILY_2021_2026.csv:Zone.Identifier | data/lseg/raw/01_CORE_HISTORICAL/FR_NUCLEAR_PIT/EDF_NUCLEAR_PIT_SUMMARY.txt:Zone.Identifier | data/lseg/raw/01_CORE_HISTORICAL/LSEG_DEMAND/IT_DEMAND_15M_ALL_7_ZONES_2025_2026.xlsx:Zone.Identifier | data/lseg/raw/01_CORE_HISTORICAL/LSEG_DEMAND/IT_DEMAND_HOURLY_2021_2025.xlsx:Zone.Identifier | data/lseg/raw/01_CORE_HISTORICAL/LSEG_PRICES/FR_DAY_AHEAD_HOURLY_AND_15M.xlsx:Zone.Identifier | data/lseg/raw/01_CORE_HISTORICAL/LSEG_PRICES/IT_DAY_AHEAD_HOURLY_AND_15M.xlsx:Zone.Identifier | data/lseg/raw/02_SOURCE_RAW/FR_NUCLEAR/EDF_OUTAGE_HISTORY_RAW.csv:Zone.Identifier | data/lseg/raw/02_SOURCE_RAW/FR_NUCLEAR/EDF_TRANSPARENCY_REMIT_MESSAGES_RAW.csv:Zone.Identifier | data/lseg/raw/03_CURRENT_RECENT_LSEG/COST_CURVES/cost_curves_2026910_21432.xlsx:Zone.Identifier | data/lseg/raw/03_CURRENT_RECENT_LSEG/COST_CURVES/cost_curves_2026910_21543.xlsx:Zone.Identifier | data/lseg/raw/03_CURRENT_RECENT_LSEG/COST_CURVES/cost_curves_2026910_2164.xlsx:Zone.Identifier | data/lseg/raw/03_CURRENT_RECENT_LSEG/RESIDUAL_LOAD/CWE_RESIDUAL_LOAD_REPORT.pdf:Zone.Identifier | data/lseg/raw/03_CURRENT_RECENT_LSEG/RESIDUAL_LOAD/DE_RESIDUAL_LOAD_CURRENT_RECENT.xls:Zone.Identifier | data/lseg/raw/03_CURRENT_RECENT_LSEG/RESIDUAL_LOAD/DE_RESIDUAL_LOAD_REPORT.pdf:Zone.Identifier | data/lseg/raw/03_CURRENT_RECENT_LSEG/RESIDUAL_LOAD/FR_IT_RESIDUAL_LOAD_EXPORT_A.xls:Zone.Identifier | data/lseg/raw/03_CURRENT_RECENT_LSEG/RESIDUAL_LOAD/FR_IT_RESIDUAL_LOAD_EXPORT_B.xls:Zone.Identifier | data/lseg/raw/03_CURRENT_RECENT_LSEG/SUPPLY_WIND_SOLAR/GB_EMBEDDED_SOLAR_REPORT.pdf:Zone.Identifier | data/lseg/raw/03_CURRENT_RECENT_LSEG/SUPPLY_WIND_SOLAR/GB_EMBEDDED_WIND_REPORT.pdf:Zone.Identifier | data/lseg/raw/03_CURRENT_RECENT_LSEG/SUPPLY_WIND_SOLAR/SUPPLY_WIND_REPORT.pdf:Zone.Identifier | data/lseg/raw/03_CURRENT_RECENT_LSEG/WEATHER/CLOUD_COVER_CH.xls:Zone.Identifier | data/lseg/raw/03_CURRENT_RECENT_LSEG/WEATHER/CLOUD_COVER_REPORT.pdf:Zone.Identifier | data/lseg/raw/03_CURRENT_RECENT_LSEG/WEATHER/ECMWF_CLUSTER_REPORT.pdf:Zone.Identifier | data/lseg/raw/03_CURRENT_RECENT_LSEG/WEATHER/NAO_AO_REPORT.pdf:Zone.Identifier | data/lseg/raw/03_CURRENT_RECENT_LSEG/WEATHER/PRECIPITATION_ALP_AREA_REPORT.pdf:Zone.Identifier | data/lseg/raw/03_CURRENT_RECENT_LSEG/WEATHER/PRECIPITATION_CH_EFFECTIVE.xls:Zone.Identifier | data/lseg/raw/03_CURRENT_RECENT_LSEG/WEATHER/TEMPERATURE_DE_FR_AT_CH_TABLE.xls:Zone.Identifier | data/lseg/raw/03_CURRENT_RECENT_LSEG/WEATHER/TEMPERATURE_IT_CHART.xls:Zone.Identifier | data/lseg/raw/03_CURRENT_RECENT_LSEG/WEATHER/TEMPERATURE_REPORT.pdf:Zone.Identifier | data/lseg/raw/04_CROSS_BORDER_REFERENCE/01_PRICE_FLOW_GRAPH_CHE_VISIBLE.png:Zone.Identifier | data/lseg/raw/04_CROSS_BORDER_REFERENCE/02_DEU_SELECTED_CONNECTIONS.png:Zone.Identifier | data/lseg/raw/04_CROSS_BORDER_REFERENCE/03_NET_IMPORT_GRAPH.png:Zone.Identifier | data/lseg/raw/04_CROSS_BORDER_REFERENCE/04_NET_IMPORT_CHE_SELECTED_00.png:Zone.Identifier | data/lseg/raw/04_CROSS_BORDER_REFERENCE/05_NET_IMPORT_CHE_SELECTED_12.png:Zone.Identifier | data/lseg/raw/04_CROSS_BORDER_REFERENCE/06_CAPACITY_DIRECTION_1_CHE_SELECTED.png:Zone.Identifier | data/lseg/raw/04_CROSS_BORDER_REFERENCE/07_CAPACITY_DIRECTION_2_CHE_SELECTED_A.png:Zone.Identifier | data/lseg/raw/04_CROSS_BORDER_REFERENCE/08_CAPACITY_DIRECTION_2_CHE_SELECTED_B.png:Zone.Identifier | data/lseg/raw/04_CROSS_BORDER_REFERENCE/09_CAPACITY_DIRECTION_2_CHE_SELECTED_C.png:Zone.Identifier | data/lseg/raw/04_CROSS_BORDER_REFERENCE/10_SCHEDULED_EXCHANGE_NET_IMPORT_GRAPH.png:Zone.Identifier | data/lseg/raw/04_CROSS_BORDER_REFERENCE/11_SCHEDULED_EXCHANGE_CHE_SELECTED.png:Zone.Identifier | data/lseg/raw/04_CROSS_BORDER_REFERENCE/FLOWS_GRAPH_REPORT.pdf:Zone.Identifier | data/lseg/raw/05_LSEG_REFERENCE_PDFS/DEMAND_CONSUMPTION_OVERVIEW.pdf:Zone.Identifier | data/lseg/raw/90_INTERMEDIATE/LSEG_PRICE_DEMAND/FR_15M_RAW.xls.xlsx:Zone.Identifier | data/lseg/raw/90_INTERMEDIATE/LSEG_PRICE_DEMAND/FR_DA_RAW.xlsx:Zone.Identifier | data/lseg/raw/90_INTERMEDIATE/LSEG_PRICE_DEMAND/IT_DA_RAW(1).xlsx:Zone.Identifier | data/lseg/raw/90_INTERMEDIATE/LSEG_PRICE_DEMAND/IT_DA_RAW(2).xlsx:Zone.Identifier | data/lseg/raw/90_INTERMEDIATE/LSEG_PRICE_DEMAND/IT_DA_RAW(3).xlsx:Zone.Identifier | data/lseg/raw/90_INTERMEDIATE/LSEG_PRICE_DEMAND/IT_DA_RAW.xlsx:Zone.Identifier | data/lseg/raw/90_INTERMEDIATE/LSEG_PRICE_DEMAND/IT_DEMAND_15M_ALL_ZONES_TEMPLATE.xlsx:Zone.Identifier | data/lseg/raw/90_INTERMEDIATE/LSEG_PRICE_DEMAND/IT_DEMAND_15M_NORTH.xlsx:Zone.Identifier | data/lseg/raw/90_INTERMEDIATE/LSEG_PRICE_DEMAND/Mappe1(1).xlsx:Zone.Identifier | data/lseg/raw/90_INTERMEDIATE/LSEG_PRICE_DEMAND/Mappe1(2).xlsx:Zone.Identifier | data/lseg/raw/90_INTERMEDIATE/LSEG_PRICE_DEMAND/Mappe1(3).xlsx:Zone.Identifier | data/lseg/raw/90_INTERMEDIATE/LSEG_PRICE_DEMAND/Mappe1(4).xlsx:Zone.Identifier | data/lseg/raw/90_INTERMEDIATE/LSEG_PRICE_DEMAND/Mappe1(5).xlsx:Zone.Identifier | data/lseg/raw/90_INTERMEDIATE/SCREENSHOTS/0a528483-087b-4a33-a2f3-ecdd62770a3a.png:Zone.Identifier | data/lseg/raw/90_INTERMEDIATE/SCREENSHOTS/1609bf25-22b3-4c50-817b-fa945dba6bfe.png:Zone.Identifier | data/lseg/raw/90_INTERMEDIATE/SCREENSHOTS/1d02b907-f21b-48aa-bff6-9bb501bffd31.png:Zone.Identifier | data/lseg/raw/90_INTERMEDIATE/SCREENSHOTS/2bf92681-8086-451b-ad79-2cf2aaa286bf.png:Zone.Identifier | data/lseg/raw/90_INTERMEDIATE/SCREENSHOTS/5048f972-71a5-4bbb-9ebf-495783170275.png:Zone.Identifier | data/lseg/raw/90_INTERMEDIATE/SCREENSHOTS/57688dd7-cfad-46f7-9d61-7173a480ab24.png:Zone.Identifier | data/lseg/raw/90_INTERMEDIATE/SCREENSHOTS/6a48aa3a-47d9-431b-a8d4-4b421a82f395.png:Zone.Identifier | data/lseg/raw/90_INTERMEDIATE/SCREENSHOTS/6b0bf7a6-4724-4c1c-98c7-10c623883a8b.png:Zone.Identifier | data/lseg/raw/90_INTERMEDIATE/SCREENSHOTS/7cdf8489-62e1-4566-9c92-ddde781dfc41.png:Zone.Identifier | data/lseg/raw/90_INTERMEDIATE/SCREENSHOTS/839b9904-b506-4600-a582-19546fc0d0dc.png:Zone.Identifier | data/lseg/raw/90_INTERMEDIATE/SCREENSHOTS/87b02fce-0b58-4ead-b793-267dd464b8ec.png:Zone.Identifier | data/lseg/raw/90_INTERMEDIATE/SCREENSHOTS/917dfe63-9fd2-4e78-89c4-b98dcf9f033f.png:Zone.Identifier | data/lseg/raw/90_INTERMEDIATE/SCREENSHOTS/990167dc-a3d5-4b22-acec-131b4e0f87c9.png:Zone.Identifier | data/lseg/raw/90_INTERMEDIATE/SCREENSHOTS/af6db8b3-1471-4a8e-9879-1e782574016e.png:Zone.Identifier | data/lseg/raw/90_INTERMEDIATE/SCREENSHOTS/b94c25b1-cacf-496f-802b-f74a6ec3c376.png:Zone.Identifier | data/lseg/raw/90_INTERMEDIATE/SCREENSHOTS/bc276a5b-6ae8-473b-abe3-2d17e33bcdd3.png:Zone.Identifier | data/lseg/raw/90_INTERMEDIATE/SCREENSHOTS/chart_100049390.embedded.png:Zone.Identifier | data/lseg/raw/90_INTERMEDIATE/SCREENSHOTS/chart_100127248.embedded.png:Zone.Identifier | data/lseg/raw/90_INTERMEDIATE/SCREENSHOTS/crop_che.png:Zone.Identifier | data/lseg/raw/90_INTERMEDIATE/SCREENSHOTS/de1ee218-60dc-4b11-b243-1f352c398785.png:Zone.Identifier | data/lseg/raw/99_UNCLASSIFIED_RETAINED/LSEG_DISCOVERY_RAW_NOTES.txt:Zone.Identifier | data/lseg/raw/99_UNCLASSIFIED_RETAINED/table_100016453.xls:Zone.Identifier | data/lseg/raw/CH_DA_RAW.xlsx:Zone.Identifier | data/lseg/raw/DE_DA_RAW.xlsx:Zone.Identifier | data/lseg/raw/EDF_NUCLEAR_OUTAGE_REVISIONS_PIT.csv:Zone.Identifier | data/lseg/raw/EDF_NUCLEAR_PIT_DAILY_2021_2026.csv:Zone.Identifier | data/lseg/raw/FR_15M_RAW.xlsx:Zone.Identifier | data/lseg/raw/FR_DA_RAW_COMBINED.xlsx:Zone.Identifier | data/lseg/raw/Historique des indispo des moyens de production - depuis 2015 - 07092026-full.csv:Zone.Identifier | data/lseg/raw/IT_DA_RAW (1).xlsx:Zone.Identifier | data/lseg/raw/IT_DA_RAW.xlsx:Zone.Identifier | data/lseg/raw/IT_DEMAND_15M_ALL_ZONES_TEMPLATE.xlsx:Zone.Identifier | data/lseg/raw/IT_DEMAND_15M_NORTH.xlsx:Zone.Identifier | data/lseg/raw/IT_DEMAND_HOURLY.xlsx:Zone.Identifier | data/lseg/raw/publications-transparence-et-remit-liste-des-messages-edf-sa.csv:Zone.Identifier,Windows download-origin sidecar; excluded from data analysis.
data/lseg/raw/04_CROSS_BORDER_REFERENCE/10_SCHEDULED_EXCHANGE_NET_IMPORT_GRAPH.png,10_SCHEDULED_EXCHANGE_NET_IMPORT_GRAPH.png,png,reference_image_or_report,LSEG reference report,LSEG reference report,Europe/unknown,Not applicable/non-tabular or not safely extractable,Not applicable or not declared,Not safely extractable,Not determined from file metadata,Not determined,Not determinable,Not safely extractable,Not safely extractable,Not safely extractable,98986,Not applicable/non-tabular,UNKNOWN,REFERENCE_ONLY,,,Non-tabular artifact; no reliable row-level schema inferred.
data/lseg/raw/04_CROSS_BORDER_REFERENCE/10_SCHEDULED_EXCHANGE_NET_IMPORT_GRAPH.png:Zone.Identifier,10_SCHEDULED_EXCHANGE_NET_IMPORT_GRAPH.png:Zone.Identifier,identifier,metadata_sidecar,ancillary file metadata,Zone.Identifier,UNKNOWN,Not applicable/non-tabular or not safely extractable,Not applicable or not declared,Not safely extractable,Not determined from file metadata,Not determined,Not determinable,Not safely extractable,Not safely extractable,Not safely extractable,25,Not applicable/non-tabular,UNKNOWN,None,,data/lseg/raw/00_START_HERE/ANONYMOUS_XLS_MAPPING.md:Zone.Identifier | data/lseg/raw/00_START_HERE/DATA_CATALOG.csv:Zone.Identifier | data/lseg/raw/00_START_HERE/EXTRACTION_STATUS_AND_GAPS.md:Zone.Identifier | data/lseg/raw/00_START_HERE/LICENSE_NOTES.md:Zone.Identifier | data/lseg/raw/00_START_HERE/MANIFEST_SHA256.csv:Zone.Identifier | data/lseg/raw/00_START_HERE/MISSING_CH_DE_RECOVERY.md:Zone.Identifier | data/lseg/raw/00_START_HERE/MISSING_CH_DE_RICS.csv:Zone.Identifier | data/lseg/raw/00_START_HERE/PROJECT_OBJECTIVE.txt:Zone.Identifier | data/lseg/raw/00_START_HERE/README_FIRST.md:Zone.Identifier | data/lseg/raw/00_START_HERE/RIC_FAMILIES.csv:Zone.Identifier | data/lseg/raw/01_CORE_HISTORICAL/FR_NUCLEAR_PIT/EDF_NUCLEAR_OUTAGE_REVISIONS_PIT.csv:Zone.Identifier | data/lseg/raw/01_CORE_HISTORICAL/FR_NUCLEAR_PIT/EDF_NUCLEAR_PIT_DAILY_2021_2026.csv:Zone.Identifier | data/lseg/raw/01_CORE_HISTORICAL/FR_NUCLEAR_PIT/EDF_NUCLEAR_PIT_SUMMARY.txt:Zone.Identifier | data/lseg/raw/01_CORE_HISTORICAL/LSEG_DEMAND/IT_DEMAND_15M_ALL_7_ZONES_2025_2026.xlsx:Zone.Identifier | data/lseg/raw/01_CORE_HISTORICAL/LSEG_DEMAND/IT_DEMAND_HOURLY_2021_2025.xlsx:Zone.Identifier | data/lseg/raw/01_CORE_HISTORICAL/LSEG_PRICES/FR_DAY_AHEAD_HOURLY_AND_15M.xlsx:Zone.Identifier | data/lseg/raw/01_CORE_HISTORICAL/LSEG_PRICES/IT_DAY_AHEAD_HOURLY_AND_15M.xlsx:Zone.Identifier | data/lseg/raw/02_SOURCE_RAW/FR_NUCLEAR/EDF_OUTAGE_HISTORY_RAW.csv:Zone.Identifier | data/lseg/raw/02_SOURCE_RAW/FR_NUCLEAR/EDF_TRANSPARENCY_REMIT_MESSAGES_RAW.csv:Zone.Identifier | data/lseg/raw/03_CURRENT_RECENT_LSEG/COST_CURVES/cost_curves_2026910_21432.xlsx:Zone.Identifier | data/lseg/raw/03_CURRENT_RECENT_LSEG/COST_CURVES/cost_curves_2026910_21543.xlsx:Zone.Identifier | data/lseg/raw/03_CURRENT_RECENT_LSEG/COST_CURVES/cost_curves_2026910_2164.xlsx:Zone.Identifier | data/lseg/raw/03_CURRENT_RECENT_LSEG/RESIDUAL_LOAD/CWE_RESIDUAL_LOAD_REPORT.pdf:Zone.Identifier | data/lseg/raw/03_CURRENT_RECENT_LSEG/RESIDUAL_LOAD/DE_RESIDUAL_LOAD_CURRENT_RECENT.xls:Zone.Identifier | data/lseg/raw/03_CURRENT_RECENT_LSEG/RESIDUAL_LOAD/DE_RESIDUAL_LOAD_REPORT.pdf:Zone.Identifier | data/lseg/raw/03_CURRENT_RECENT_LSEG/RESIDUAL_LOAD/FR_IT_RESIDUAL_LOAD_EXPORT_A.xls:Zone.Identifier | data/lseg/raw/03_CURRENT_RECENT_LSEG/RESIDUAL_LOAD/FR_IT_RESIDUAL_LOAD_EXPORT_B.xls:Zone.Identifier | data/lseg/raw/03_CURRENT_RECENT_LSEG/SUPPLY_WIND_SOLAR/GB_EMBEDDED_SOLAR_REPORT.pdf:Zone.Identifier | data/lseg/raw/03_CURRENT_RECENT_LSEG/SUPPLY_WIND_SOLAR/GB_EMBEDDED_WIND_REPORT.pdf:Zone.Identifier | data/lseg/raw/03_CURRENT_RECENT_LSEG/SUPPLY_WIND_SOLAR/SUPPLY_WIND_REPORT.pdf:Zone.Identifier | data/lseg/raw/03_CURRENT_RECENT_LSEG/WEATHER/CLOUD_COVER_CH.xls:Zone.Identifier | data/lseg/raw/03_CURRENT_RECENT_LSEG/WEATHER/CLOUD_COVER_REPORT.pdf:Zone.Identifier | data/lseg/raw/03_CURRENT_RECENT_LSEG/WEATHER/ECMWF_CLUSTER_REPORT.pdf:Zone.Identifier | data/lseg/raw/03_CURRENT_RECENT_LSEG/WEATHER/NAO_AO_REPORT.pdf:Zone.Identifier | data/lseg/raw/03_CURRENT_RECENT_LSEG/WEATHER/PRECIPITATION_ALP_AREA_REPORT.pdf:Zone.Identifier | data/lseg/raw/03_CURRENT_RECENT_LSEG/WEATHER/PRECIPITATION_CH_EFFECTIVE.xls:Zone.Identifier | data/lseg/raw/03_CURRENT_RECENT_LSEG/WEATHER/TEMPERATURE_DE_FR_AT_CH_TABLE.xls:Zone.Identifier | data/lseg/raw/03_CURRENT_RECENT_LSEG/WEATHER/TEMPERATURE_IT_CHART.xls:Zone.Identifier | data/lseg/raw/03_CURRENT_RECENT_LSEG/WEATHER/TEMPERATURE_REPORT.pdf:Zone.Identifier | data/lseg/raw/04_CROSS_BORDER_REFERENCE/01_PRICE_FLOW_GRAPH_CHE_VISIBLE.png:Zone.Identifier | data/lseg/raw/04_CROSS_BORDER_REFERENCE/02_DEU_SELECTED_CONNECTIONS.png:Zone.Identifier | data/lseg/raw/04_CROSS_BORDER_REFERENCE/03_NET_IMPORT_GRAPH.png:Zone.Identifier | data/lseg/raw/04_CROSS_BORDER_REFERENCE/04_NET_IMPORT_CHE_SELECTED_00.png:Zone.Identifier | data/lseg/raw/04_CROSS_BORDER_REFERENCE/05_NET_IMPORT_CHE_SELECTED_12.png:Zone.Identifier | data/lseg/raw/04_CROSS_BORDER_REFERENCE/06_CAPACITY_DIRECTION_1_CHE_SELECTED.png:Zone.Identifier | data/lseg/raw/04_CROSS_BORDER_REFERENCE/07_CAPACITY_DIRECTION_2_CHE_SELECTED_A.png:Zone.Identifier | data/lseg/raw/04_CROSS_BORDER_REFERENCE/08_CAPACITY_DIRECTION_2_CHE_SELECTED_B.png:Zone.Identifier | data/lseg/raw/04_CROSS_BORDER_REFERENCE/09_CAPACITY_DIRECTION_2_CHE_SELECTED_C.png:Zone.Identifier | data/lseg/raw/04_CROSS_BORDER_REFERENCE/10_SCHEDULED_EXCHANGE_NET_IMPORT_GRAPH.png:Zone.Identifier | data/lseg/raw/04_CROSS_BORDER_REFERENCE/11_SCHEDULED_EXCHANGE_CHE_SELECTED.png:Zone.Identifier | data/lseg/raw/04_CROSS_BORDER_REFERENCE/FLOWS_GRAPH_REPORT.pdf:Zone.Identifier | data/lseg/raw/05_LSEG_REFERENCE_PDFS/DEMAND_CONSUMPTION_OVERVIEW.pdf:Zone.Identifier | data/lseg/raw/90_INTERMEDIATE/LSEG_PRICE_DEMAND/FR_15M_RAW.xls.xlsx:Zone.Identifier | data/lseg/raw/90_INTERMEDIATE/LSEG_PRICE_DEMAND/FR_DA_RAW.xlsx:Zone.Identifier | data/lseg/raw/90_INTERMEDIATE/LSEG_PRICE_DEMAND/IT_DA_RAW(1).xlsx:Zone.Identifier | data/lseg/raw/90_INTERMEDIATE/LSEG_PRICE_DEMAND/IT_DA_RAW(2).xlsx:Zone.Identifier | data/lseg/raw/90_INTERMEDIATE/LSEG_PRICE_DEMAND/IT_DA_RAW(3).xlsx:Zone.Identifier | data/lseg/raw/90_INTERMEDIATE/LSEG_PRICE_DEMAND/IT_DA_RAW.xlsx:Zone.Identifier | data/lseg/raw/90_INTERMEDIATE/LSEG_PRICE_DEMAND/IT_DEMAND_15M_ALL_ZONES_TEMPLATE.xlsx:Zone.Identifier | data/lseg/raw/90_INTERMEDIATE/LSEG_PRICE_DEMAND/IT_DEMAND_15M_NORTH.xlsx:Zone.Identifier | data/lseg/raw/90_INTERMEDIATE/LSEG_PRICE_DEMAND/Mappe1(1).xlsx:Zone.Identifier | data/lseg/raw/90_INTERMEDIATE/LSEG_PRICE_DEMAND/Mappe1(2).xlsx:Zone.Identifier | data/lseg/raw/90_INTERMEDIATE/LSEG_PRICE_DEMAND/Mappe1(3).xlsx:Zone.Identifier | data/lseg/raw/90_INTERMEDIATE/LSEG_PRICE_DEMAND/Mappe1(4).xlsx:Zone.Identifier | data/lseg/raw/90_INTERMEDIATE/LSEG_PRICE_DEMAND/Mappe1(5).xlsx:Zone.Identifier | data/lseg/raw/90_INTERMEDIATE/SCREENSHOTS/0a528483-087b-4a33-a2f3-ecdd62770a3a.png:Zone.Identifier | data/lseg/raw/90_INTERMEDIATE/SCREENSHOTS/1609bf25-22b3-4c50-817b-fa945dba6bfe.png:Zone.Identifier | data/lseg/raw/90_INTERMEDIATE/SCREENSHOTS/1d02b907-f21b-48aa-bff6-9bb501bffd31.png:Zone.Identifier | data/lseg/raw/90_INTERMEDIATE/SCREENSHOTS/2bf92681-8086-451b-ad79-2cf2aaa286bf.png:Zone.Identifier | data/lseg/raw/90_INTERMEDIATE/SCREENSHOTS/5048f972-71a5-4bbb-9ebf-495783170275.png:Zone.Identifier | data/lseg/raw/90_INTERMEDIATE/SCREENSHOTS/57688dd7-cfad-46f7-9d61-7173a480ab24.png:Zone.Identifier | data/lseg/raw/90_INTERMEDIATE/SCREENSHOTS/6a48aa3a-47d9-431b-a8d4-4b421a82f395.png:Zone.Identifier | data/lseg/raw/90_INTERMEDIATE/SCREENSHOTS/6b0bf7a6-4724-4c1c-98c7-10c623883a8b.png:Zone.Identifier | data/lseg/raw/90_INTERMEDIATE/SCREENSHOTS/7cdf8489-62e1-4566-9c92-ddde781dfc41.png:Zone.Identifier | data/lseg/raw/90_INTERMEDIATE/SCREENSHOTS/839b9904-b506-4600-a582-19546fc0d0dc.png:Zone.Identifier | data/lseg/raw/90_INTERMEDIATE/SCREENSHOTS/87b02fce-0b58-4ead-b793-267dd464b8ec.png:Zone.Identifier | data/lseg/raw/90_INTERMEDIATE/SCREENSHOTS/917dfe63-9fd2-4e78-89c4-b98dcf9f033f.png:Zone.Identifier | data/lseg/raw/90_INTERMEDIATE/SCREENSHOTS/990167dc-a3d5-4b22-acec-131b4e0f87c9.png:Zone.Identifier | data/lseg/raw/90_INTERMEDIATE/SCREENSHOTS/af6db8b3-1471-4a8e-9879-1e782574016e.png:Zone.Identifier | data/lseg/raw/90_INTERMEDIATE/SCREENSHOTS/b94c25b1-cacf-496f-802b-f74a6ec3c376.png:Zone.Identifier | data/lseg/raw/90_INTERMEDIATE/SCREENSHOTS/bc276a5b-6ae8-473b-abe3-2d17e33bcdd3.png:Zone.Identifier | data/lseg/raw/90_INTERMEDIATE/SCREENSHOTS/chart_100049390.embedded.png:Zone.Identifier | data/lseg/raw/90_INTERMEDIATE/SCREENSHOTS/chart_100127248.embedded.png:Zone.Identifier | data/lseg/raw/90_INTERMEDIATE/SCREENSHOTS/crop_che.png:Zone.Identifier | data/lseg/raw/90_INTERMEDIATE/SCREENSHOTS/de1ee218-60dc-4b11-b243-1f352c398785.png:Zone.Identifier | data/lseg/raw/99_UNCLASSIFIED_RETAINED/LSEG_DISCOVERY_RAW_NOTES.txt:Zone.Identifier | data/lseg/raw/99_UNCLASSIFIED_RETAINED/table_100016453.xls:Zone.Identifier | data/lseg/raw/CH_DA_RAW.xlsx:Zone.Identifier | data/lseg/raw/DE_DA_RAW.xlsx:Zone.Identifier | data/lseg/raw/EDF_NUCLEAR_OUTAGE_REVISIONS_PIT.csv:Zone.Identifier | data/lseg/raw/EDF_NUCLEAR_PIT_DAILY_2021_2026.csv:Zone.Identifier | data/lseg/raw/FR_15M_RAW.xlsx:Zone.Identifier | data/lseg/raw/FR_DA_RAW_COMBINED.xlsx:Zone.Identifier | data/lseg/raw/Historique des indispo des moyens de production - depuis 2015 - 07092026-full.csv:Zone.Identifier | data/lseg/raw/IT_DA_RAW (1).xlsx:Zone.Identifier | data/lseg/raw/IT_DA_RAW.xlsx:Zone.Identifier | data/lseg/raw/IT_DEMAND_15M_ALL_ZONES_TEMPLATE.xlsx:Zone.Identifier | data/lseg/raw/IT_DEMAND_15M_NORTH.xlsx:Zone.Identifier | data/lseg/raw/IT_DEMAND_HOURLY.xlsx:Zone.Identifier | data/lseg/raw/publications-transparence-et-remit-liste-des-messages-edf-sa.csv:Zone.Identifier,Windows download-origin sidecar; excluded from data analysis.
data/lseg/raw/04_CROSS_BORDER_REFERENCE/11_SCHEDULED_EXCHANGE_CHE_SELECTED.png,11_SCHEDULED_EXCHANGE_CHE_SELECTED.png,png,reference_image_or_report,LSEG reference report,LSEG reference report,Europe/unknown,Not applicable/non-tabular or not safely extractable,Not applicable or not declared,Not safely extractable,Not determined from file metadata,Not determined,Not determinable,Not safely extractable,Not safely extractable,Not safely extractable,71419,Not applicable/non-tabular,UNKNOWN,REFERENCE_ONLY,,,Non-tabular artifact; no reliable row-level schema inferred.
data/lseg/raw/04_CROSS_BORDER_REFERENCE/11_SCHEDULED_EXCHANGE_CHE_SELECTED.png:Zone.Identifier,11_SCHEDULED_EXCHANGE_CHE_SELECTED.png:Zone.Identifier,identifier,metadata_sidecar,ancillary file metadata,Zone.Identifier,UNKNOWN,Not applicable/non-tabular or not safely extractable,Not applicable or not declared,Not safely extractable,Not determined from file metadata,Not determined,Not determinable,Not safely extractable,Not safely extractable,Not safely extractable,25,Not applicable/non-tabular,UNKNOWN,None,,data/lseg/raw/00_START_HERE/ANONYMOUS_XLS_MAPPING.md:Zone.Identifier | data/lseg/raw/00_START_HERE/DATA_CATALOG.csv:Zone.Identifier | data/lseg/raw/00_START_HERE/EXTRACTION_STATUS_AND_GAPS.md:Zone.Identifier | data/lseg/raw/00_START_HERE/LICENSE_NOTES.md:Zone.Identifier | data/lseg/raw/00_START_HERE/MANIFEST_SHA256.csv:Zone.Identifier | data/lseg/raw/00_START_HERE/MISSING_CH_DE_RECOVERY.md:Zone.Identifier | data/lseg/raw/00_START_HERE/MISSING_CH_DE_RICS.csv:Zone.Identifier | data/lseg/raw/00_START_HERE/PROJECT_OBJECTIVE.txt:Zone.Identifier | data/lseg/raw/00_START_HERE/README_FIRST.md:Zone.Identifier | data/lseg/raw/00_START_HERE/RIC_FAMILIES.csv:Zone.Identifier | data/lseg/raw/01_CORE_HISTORICAL/FR_NUCLEAR_PIT/EDF_NUCLEAR_OUTAGE_REVISIONS_PIT.csv:Zone.Identifier | data/lseg/raw/01_CORE_HISTORICAL/FR_NUCLEAR_PIT/EDF_NUCLEAR_PIT_DAILY_2021_2026.csv:Zone.Identifier | data/lseg/raw/01_CORE_HISTORICAL/FR_NUCLEAR_PIT/EDF_NUCLEAR_PIT_SUMMARY.txt:Zone.Identifier | data/lseg/raw/01_CORE_HISTORICAL/LSEG_DEMAND/IT_DEMAND_15M_ALL_7_ZONES_2025_2026.xlsx:Zone.Identifier | data/lseg/raw/01_CORE_HISTORICAL/LSEG_DEMAND/IT_DEMAND_HOURLY_2021_2025.xlsx:Zone.Identifier | data/lseg/raw/01_CORE_HISTORICAL/LSEG_PRICES/FR_DAY_AHEAD_HOURLY_AND_15M.xlsx:Zone.Identifier | data/lseg/raw/01_CORE_HISTORICAL/LSEG_PRICES/IT_DAY_AHEAD_HOURLY_AND_15M.xlsx:Zone.Identifier | data/lseg/raw/02_SOURCE_RAW/FR_NUCLEAR/EDF_OUTAGE_HISTORY_RAW.csv:Zone.Identifier | data/lseg/raw/02_SOURCE_RAW/FR_NUCLEAR/EDF_TRANSPARENCY_REMIT_MESSAGES_RAW.csv:Zone.Identifier | data/lseg/raw/03_CURRENT_RECENT_LSEG/COST_CURVES/cost_curves_2026910_21432.xlsx:Zone.Identifier | data/lseg/raw/03_CURRENT_RECENT_LSEG/COST_CURVES/cost_curves_2026910_21543.xlsx:Zone.Identifier | data/lseg/raw/03_CURRENT_RECENT_LSEG/COST_CURVES/cost_curves_2026910_2164.xlsx:Zone.Identifier | data/lseg/raw/03_CURRENT_RECENT_LSEG/RESIDUAL_LOAD/CWE_RESIDUAL_LOAD_REPORT.pdf:Zone.Identifier | data/lseg/raw/03_CURRENT_RECENT_LSEG/RESIDUAL_LOAD/DE_RESIDUAL_LOAD_CURRENT_RECENT.xls:Zone.Identifier | data/lseg/raw/03_CURRENT_RECENT_LSEG/RESIDUAL_LOAD/DE_RESIDUAL_LOAD_REPORT.pdf:Zone.Identifier | data/lseg/raw/03_CURRENT_RECENT_LSEG/RESIDUAL_LOAD/FR_IT_RESIDUAL_LOAD_EXPORT_A.xls:Zone.Identifier | data/lseg/raw/03_CURRENT_RECENT_LSEG/RESIDUAL_LOAD/FR_IT_RESIDUAL_LOAD_EXPORT_B.xls:Zone.Identifier | data/lseg/raw/03_CURRENT_RECENT_LSEG/SUPPLY_WIND_SOLAR/GB_EMBEDDED_SOLAR_REPORT.pdf:Zone.Identifier | data/lseg/raw/03_CURRENT_RECENT_LSEG/SUPPLY_WIND_SOLAR/GB_EMBEDDED_WIND_REPORT.pdf:Zone.Identifier | data/lseg/raw/03_CURRENT_RECENT_LSEG/SUPPLY_WIND_SOLAR/SUPPLY_WIND_REPORT.pdf:Zone.Identifier | data/lseg/raw/03_CURRENT_RECENT_LSEG/WEATHER/CLOUD_COVER_CH.xls:Zone.Identifier | data/lseg/raw/03_CURRENT_RECENT_LSEG/WEATHER/CLOUD_COVER_REPORT.pdf:Zone.Identifier | data/lseg/raw/03_CURRENT_RECENT_LSEG/WEATHER/ECMWF_CLUSTER_REPORT.pdf:Zone.Identifier | data/lseg/raw/03_CURRENT_RECENT_LSEG/WEATHER/NAO_AO_REPORT.pdf:Zone.Identifier | data/lseg/raw/03_CURRENT_RECENT_LSEG/WEATHER/PRECIPITATION_ALP_AREA_REPORT.pdf:Zone.Identifier | data/lseg/raw/03_CURRENT_RECENT_LSEG/WEATHER/PRECIPITATION_CH_EFFECTIVE.xls:Zone.Identifier | data/lseg/raw/03_CURRENT_RECENT_LSEG/WEATHER/TEMPERATURE_DE_FR_AT_CH_TABLE.xls:Zone.Identifier | data/lseg/raw/03_CURRENT_RECENT_LSEG/WEATHER/TEMPERATURE_IT_CHART.xls:Zone.Identifier | data/lseg/raw/03_CURRENT_RECENT_LSEG/WEATHER/TEMPERATURE_REPORT.pdf:Zone.Identifier | data/lseg/raw/04_CROSS_BORDER_REFERENCE/01_PRICE_FLOW_GRAPH_CHE_VISIBLE.png:Zone.Identifier | data/lseg/raw/04_CROSS_BORDER_REFERENCE/02_DEU_SELECTED_CONNECTIONS.png:Zone.Identifier | data/lseg/raw/04_CROSS_BORDER_REFERENCE/03_NET_IMPORT_GRAPH.png:Zone.Identifier | data/lseg/raw/04_CROSS_BORDER_REFERENCE/04_NET_IMPORT_CHE_SELECTED_00.png:Zone.Identifier | data/lseg/raw/04_CROSS_BORDER_REFERENCE/05_NET_IMPORT_CHE_SELECTED_12.png:Zone.Identifier | data/lseg/raw/04_CROSS_BORDER_REFERENCE/06_CAPACITY_DIRECTION_1_CHE_SELECTED.png:Zone.Identifier | data/lseg/raw/04_CROSS_BORDER_REFERENCE/07_CAPACITY_DIRECTION_2_CHE_SELECTED_A.png:Zone.Identifier | data/lseg/raw/04_CROSS_BORDER_REFERENCE/08_CAPACITY_DIRECTION_2_CHE_SELECTED_B.png:Zone.Identifier | data/lseg/raw/04_CROSS_BORDER_REFERENCE/09_CAPACITY_DIRECTION_2_CHE_SELECTED_C.png:Zone.Identifier | data/lseg/raw/04_CROSS_BORDER_REFERENCE/10_SCHEDULED_EXCHANGE_NET_IMPORT_GRAPH.png:Zone.Identifier | data/lseg/raw/04_CROSS_BORDER_REFERENCE/11_SCHEDULED_EXCHANGE_CHE_SELECTED.png:Zone.Identifier | data/lseg/raw/04_CROSS_BORDER_REFERENCE/FLOWS_GRAPH_REPORT.pdf:Zone.Identifier | data/lseg/raw/05_LSEG_REFERENCE_PDFS/DEMAND_CONSUMPTION_OVERVIEW.pdf:Zone.Identifier | data/lseg/raw/90_INTERMEDIATE/LSEG_PRICE_DEMAND/FR_15M_RAW.xls.xlsx:Zone.Identifier | data/lseg/raw/90_INTERMEDIATE/LSEG_PRICE_DEMAND/FR_DA_RAW.xlsx:Zone.Identifier | data/lseg/raw/90_INTERMEDIATE/LSEG_PRICE_DEMAND/IT_DA_RAW(1).xlsx:Zone.Identifier | data/lseg/raw/90_INTERMEDIATE/LSEG_PRICE_DEMAND/IT_DA_RAW(2).xlsx:Zone.Identifier | data/lseg/raw/90_INTERMEDIATE/LSEG_PRICE_DEMAND/IT_DA_RAW(3).xlsx:Zone.Identifier | data/lseg/raw/90_INTERMEDIATE/LSEG_PRICE_DEMAND/IT_DA_RAW.xlsx:Zone.Identifier | data/lseg/raw/90_INTERMEDIATE/LSEG_PRICE_DEMAND/IT_DEMAND_15M_ALL_ZONES_TEMPLATE.xlsx:Zone.Identifier | data/lseg/raw/90_INTERMEDIATE/LSEG_PRICE_DEMAND/IT_DEMAND_15M_NORTH.xlsx:Zone.Identifier | data/lseg/raw/90_INTERMEDIATE/LSEG_PRICE_DEMAND/Mappe1(1).xlsx:Zone.Identifier | data/lseg/raw/90_INTERMEDIATE/LSEG_PRICE_DEMAND/Mappe1(2).xlsx:Zone.Identifier | data/lseg/raw/90_INTERMEDIATE/LSEG_PRICE_DEMAND/Mappe1(3).xlsx:Zone.Identifier | data/lseg/raw/90_INTERMEDIATE/LSEG_PRICE_DEMAND/Mappe1(4).xlsx:Zone.Identifier | data/lseg/raw/90_INTERMEDIATE/LSEG_PRICE_DEMAND/Mappe1(5).xlsx:Zone.Identifier | data/lseg/raw/90_INTERMEDIATE/SCREENSHOTS/0a528483-087b-4a33-a2f3-ecdd62770a3a.png:Zone.Identifier | data/lseg/raw/90_INTERMEDIATE/SCREENSHOTS/1609bf25-22b3-4c50-817b-fa945dba6bfe.png:Zone.Identifier | data/lseg/raw/90_INTERMEDIATE/SCREENSHOTS/1d02b907-f21b-48aa-bff6-9bb501bffd31.png:Zone.Identifier | data/lseg/raw/90_INTERMEDIATE/SCREENSHOTS/2bf92681-8086-451b-ad79-2cf2aaa286bf.png:Zone.Identifier | data/lseg/raw/90_INTERMEDIATE/SCREENSHOTS/5048f972-71a5-4bbb-9ebf-495783170275.png:Zone.Identifier | data/lseg/raw/90_INTERMEDIATE/SCREENSHOTS/57688dd7-cfad-46f7-9d61-7173a480ab24.png:Zone.Identifier | data/lseg/raw/90_INTERMEDIATE/SCREENSHOTS/6a48aa3a-47d9-431b-a8d4-4b421a82f395.png:Zone.Identifier | data/lseg/raw/90_INTERMEDIATE/SCREENSHOTS/6b0bf7a6-4724-4c1c-98c7-10c623883a8b.png:Zone.Identifier | data/lseg/raw/90_INTERMEDIATE/SCREENSHOTS/7cdf8489-62e1-4566-9c92-ddde781dfc41.png:Zone.Identifier | data/lseg/raw/90_INTERMEDIATE/SCREENSHOTS/839b9904-b506-4600-a582-19546fc0d0dc.png:Zone.Identifier | data/lseg/raw/90_INTERMEDIATE/SCREENSHOTS/87b02fce-0b58-4ead-b793-267dd464b8ec.png:Zone.Identifier | data/lseg/raw/90_INTERMEDIATE/SCREENSHOTS/917dfe63-9fd2-4e78-89c4-b98dcf9f033f.png:Zone.Identifier | data/lseg/raw/90_INTERMEDIATE/SCREENSHOTS/990167dc-a3d5-4b22-acec-131b4e0f87c9.png:Zone.Identifier | data/lseg/raw/90_INTERMEDIATE/SCREENSHOTS/af6db8b3-1471-4a8e-9879-1e782574016e.png:Zone.Identifier | data/lseg/raw/90_INTERMEDIATE/SCREENSHOTS/b94c25b1-cacf-496f-802b-f74a6ec3c376.png:Zone.Identifier | data/lseg/raw/90_INTERMEDIATE/SCREENSHOTS/bc276a5b-6ae8-473b-abe3-2d17e33bcdd3.png:Zone.Identifier | data/lseg/raw/90_INTERMEDIATE/SCREENSHOTS/chart_100049390.embedded.png:Zone.Identifier | data/lseg/raw/90_INTERMEDIATE/SCREENSHOTS/chart_100127248.embedded.png:Zone.Identifier | data/lseg/raw/90_INTERMEDIATE/SCREENSHOTS/crop_che.png:Zone.Identifier | data/lseg/raw/90_INTERMEDIATE/SCREENSHOTS/de1ee218-60dc-4b11-b243-1f352c398785.png:Zone.Identifier | data/lseg/raw/99_UNCLASSIFIED_RETAINED/LSEG_DISCOVERY_RAW_NOTES.txt:Zone.Identifier | data/lseg/raw/99_UNCLASSIFIED_RETAINED/table_100016453.xls:Zone.Identifier | data/lseg/raw/CH_DA_RAW.xlsx:Zone.Identifier | data/lseg/raw/DE_DA_RAW.xlsx:Zone.Identifier | data/lseg/raw/EDF_NUCLEAR_OUTAGE_REVISIONS_PIT.csv:Zone.Identifier | data/lseg/raw/EDF_NUCLEAR_PIT_DAILY_2021_2026.csv:Zone.Identifier | data/lseg/raw/FR_15M_RAW.xlsx:Zone.Identifier | data/lseg/raw/FR_DA_RAW_COMBINED.xlsx:Zone.Identifier | data/lseg/raw/Historique des indispo des moyens de production - depuis 2015 - 07092026-full.csv:Zone.Identifier | data/lseg/raw/IT_DA_RAW (1).xlsx:Zone.Identifier | data/lseg/raw/IT_DA_RAW.xlsx:Zone.Identifier | data/lseg/raw/IT_DEMAND_15M_ALL_ZONES_TEMPLATE.xlsx:Zone.Identifier | data/lseg/raw/IT_DEMAND_15M_NORTH.xlsx:Zone.Identifier | data/lseg/raw/IT_DEMAND_HOURLY.xlsx:Zone.Identifier | data/lseg/raw/publications-transparence-et-remit-liste-des-messages-edf-sa.csv:Zone.Identifier,Windows download-origin sidecar; excluded from data analysis.
data/lseg/raw/04_CROSS_BORDER_REFERENCE/FLOWS_GRAPH_REPORT.pdf,FLOWS_GRAPH_REPORT.pdf,pdf,reference_image_or_report,LSEG reference report,LSEG reference report,Europe/unknown,Not applicable/non-tabular or not safely extractable,Not applicable or not declared,Not safely extractable,Not determined from file metadata,Not determined,Not determinable,Not safely extractable,Not safely extractable,Not safely extractable,169994,Not applicable/non-tabular,UNKNOWN,REFERENCE_ONLY,,,Non-tabular artifact; no reliable row-level schema inferred.
data/lseg/raw/04_CROSS_BORDER_REFERENCE/FLOWS_GRAPH_REPORT.pdf:Zone.Identifier,FLOWS_GRAPH_REPORT.pdf:Zone.Identifier,identifier,metadata_sidecar,ancillary file metadata,Zone.Identifier,UNKNOWN,Not applicable/non-tabular or not safely extractable,Not applicable or not declared,Not safely extractable,Not determined from file metadata,Not determined,Not determinable,Not safely extractable,Not safely extractable,Not safely extractable,25,Not applicable/non-tabular,UNKNOWN,None,,data/lseg/raw/00_START_HERE/ANONYMOUS_XLS_MAPPING.md:Zone.Identifier | data/lseg/raw/00_START_HERE/DATA_CATALOG.csv:Zone.Identifier | data/lseg/raw/00_START_HERE/EXTRACTION_STATUS_AND_GAPS.md:Zone.Identifier | data/lseg/raw/00_START_HERE/LICENSE_NOTES.md:Zone.Identifier | data/lseg/raw/00_START_HERE/MANIFEST_SHA256.csv:Zone.Identifier | data/lseg/raw/00_START_HERE/MISSING_CH_DE_RECOVERY.md:Zone.Identifier | data/lseg/raw/00_START_HERE/MISSING_CH_DE_RICS.csv:Zone.Identifier | data/lseg/raw/00_START_HERE/PROJECT_OBJECTIVE.txt:Zone.Identifier | data/lseg/raw/00_START_HERE/README_FIRST.md:Zone.Identifier | data/lseg/raw/00_START_HERE/RIC_FAMILIES.csv:Zone.Identifier | data/lseg/raw/01_CORE_HISTORICAL/FR_NUCLEAR_PIT/EDF_NUCLEAR_OUTAGE_REVISIONS_PIT.csv:Zone.Identifier | data/lseg/raw/01_CORE_HISTORICAL/FR_NUCLEAR_PIT/EDF_NUCLEAR_PIT_DAILY_2021_2026.csv:Zone.Identifier | data/lseg/raw/01_CORE_HISTORICAL/FR_NUCLEAR_PIT/EDF_NUCLEAR_PIT_SUMMARY.txt:Zone.Identifier | data/lseg/raw/01_CORE_HISTORICAL/LSEG_DEMAND/IT_DEMAND_15M_ALL_7_ZONES_2025_2026.xlsx:Zone.Identifier | data/lseg/raw/01_CORE_HISTORICAL/LSEG_DEMAND/IT_DEMAND_HOURLY_2021_2025.xlsx:Zone.Identifier | data/lseg/raw/01_CORE_HISTORICAL/LSEG_PRICES/FR_DAY_AHEAD_HOURLY_AND_15M.xlsx:Zone.Identifier | data/lseg/raw/01_CORE_HISTORICAL/LSEG_PRICES/IT_DAY_AHEAD_HOURLY_AND_15M.xlsx:Zone.Identifier | data/lseg/raw/02_SOURCE_RAW/FR_NUCLEAR/EDF_OUTAGE_HISTORY_RAW.csv:Zone.Identifier | data/lseg/raw/02_SOURCE_RAW/FR_NUCLEAR/EDF_TRANSPARENCY_REMIT_MESSAGES_RAW.csv:Zone.Identifier | data/lseg/raw/03_CURRENT_RECENT_LSEG/COST_CURVES/cost_curves_2026910_21432.xlsx:Zone.Identifier | data/lseg/raw/03_CURRENT_RECENT_LSEG/COST_CURVES/cost_curves_2026910_21543.xlsx:Zone.Identifier | data/lseg/raw/03_CURRENT_RECENT_LSEG/COST_CURVES/cost_curves_2026910_2164.xlsx:Zone.Identifier | data/lseg/raw/03_CURRENT_RECENT_LSEG/RESIDUAL_LOAD/CWE_RESIDUAL_LOAD_REPORT.pdf:Zone.Identifier | data/lseg/raw/03_CURRENT_RECENT_LSEG/RESIDUAL_LOAD/DE_RESIDUAL_LOAD_CURRENT_RECENT.xls:Zone.Identifier | data/lseg/raw/03_CURRENT_RECENT_LSEG/RESIDUAL_LOAD/DE_RESIDUAL_LOAD_REPORT.pdf:Zone.Identifier | data/lseg/raw/03_CURRENT_RECENT_LSEG/RESIDUAL_LOAD/FR_IT_RESIDUAL_LOAD_EXPORT_A.xls:Zone.Identifier | data/lseg/raw/03_CURRENT_RECENT_LSEG/RESIDUAL_LOAD/FR_IT_RESIDUAL_LOAD_EXPORT_B.xls:Zone.Identifier | data/lseg/raw/03_CURRENT_RECENT_LSEG/SUPPLY_WIND_SOLAR/GB_EMBEDDED_SOLAR_REPORT.pdf:Zone.Identifier | data/lseg/raw/03_CURRENT_RECENT_LSEG/SUPPLY_WIND_SOLAR/GB_EMBEDDED_WIND_REPORT.pdf:Zone.Identifier | data/lseg/raw/03_CURRENT_RECENT_LSEG/SUPPLY_WIND_SOLAR/SUPPLY_WIND_REPORT.pdf:Zone.Identifier | data/lseg/raw/03_CURRENT_RECENT_LSEG/WEATHER/CLOUD_COVER_CH.xls:Zone.Identifier | data/lseg/raw/03_CURRENT_RECENT_LSEG/WEATHER/CLOUD_COVER_REPORT.pdf:Zone.Identifier | data/lseg/raw/03_CURRENT_RECENT_LSEG/WEATHER/ECMWF_CLUSTER_REPORT.pdf:Zone.Identifier | data/lseg/raw/03_CURRENT_RECENT_LSEG/WEATHER/NAO_AO_REPORT.pdf:Zone.Identifier | data/lseg/raw/03_CURRENT_RECENT_LSEG/WEATHER/PRECIPITATION_ALP_AREA_REPORT.pdf:Zone.Identifier | data/lseg/raw/03_CURRENT_RECENT_LSEG/WEATHER/PRECIPITATION_CH_EFFECTIVE.xls:Zone.Identifier | data/lseg/raw/03_CURRENT_RECENT_LSEG/WEATHER/TEMPERATURE_DE_FR_AT_CH_TABLE.xls:Zone.Identifier | data/lseg/raw/03_CURRENT_RECENT_LSEG/WEATHER/TEMPERATURE_IT_CHART.xls:Zone.Identifier | data/lseg/raw/03_CURRENT_RECENT_LSEG/WEATHER/TEMPERATURE_REPORT.pdf:Zone.Identifier | data/lseg/raw/04_CROSS_BORDER_REFERENCE/01_PRICE_FLOW_GRAPH_CHE_VISIBLE.png:Zone.Identifier | data/lseg/raw/04_CROSS_BORDER_REFERENCE/02_DEU_SELECTED_CONNECTIONS.png:Zone.Identifier | data/lseg/raw/04_CROSS_BORDER_REFERENCE/03_NET_IMPORT_GRAPH.png:Zone.Identifier | data/lseg/raw/04_CROSS_BORDER_REFERENCE/04_NET_IMPORT_CHE_SELECTED_00.png:Zone.Identifier | data/lseg/raw/04_CROSS_BORDER_REFERENCE/05_NET_IMPORT_CHE_SELECTED_12.png:Zone.Identifier | data/lseg/raw/04_CROSS_BORDER_REFERENCE/06_CAPACITY_DIRECTION_1_CHE_SELECTED.png:Zone.Identifier | data/lseg/raw/04_CROSS_BORDER_REFERENCE/07_CAPACITY_DIRECTION_2_CHE_SELECTED_A.png:Zone.Identifier | data/lseg/raw/04_CROSS_BORDER_REFERENCE/08_CAPACITY_DIRECTION_2_CHE_SELECTED_B.png:Zone.Identifier | data/lseg/raw/04_CROSS_BORDER_REFERENCE/09_CAPACITY_DIRECTION_2_CHE_SELECTED_C.png:Zone.Identifier | data/lseg/raw/04_CROSS_BORDER_REFERENCE/10_SCHEDULED_EXCHANGE_NET_IMPORT_GRAPH.png:Zone.Identifier | data/lseg/raw/04_CROSS_BORDER_REFERENCE/11_SCHEDULED_EXCHANGE_CHE_SELECTED.png:Zone.Identifier | data/lseg/raw/04_CROSS_BORDER_REFERENCE/FLOWS_GRAPH_REPORT.pdf:Zone.Identifier | data/lseg/raw/05_LSEG_REFERENCE_PDFS/DEMAND_CONSUMPTION_OVERVIEW.pdf:Zone.Identifier | data/lseg/raw/90_INTERMEDIATE/LSEG_PRICE_DEMAND/FR_15M_RAW.xls.xlsx:Zone.Identifier | data/lseg/raw/90_INTERMEDIATE/LSEG_PRICE_DEMAND/FR_DA_RAW.xlsx:Zone.Identifier | data/lseg/raw/90_INTERMEDIATE/LSEG_PRICE_DEMAND/IT_DA_RAW(1).xlsx:Zone.Identifier | data/lseg/raw/90_INTERMEDIATE/LSEG_PRICE_DEMAND/IT_DA_RAW(2).xlsx:Zone.Identifier | data/lseg/raw/90_INTERMEDIATE/LSEG_PRICE_DEMAND/IT_DA_RAW(3).xlsx:Zone.Identifier | data/lseg/raw/90_INTERMEDIATE/LSEG_PRICE_DEMAND/IT_DA_RAW.xlsx:Zone.Identifier | data/lseg/raw/90_INTERMEDIATE/LSEG_PRICE_DEMAND/IT_DEMAND_15M_ALL_ZONES_TEMPLATE.xlsx:Zone.Identifier | data/lseg/raw/90_INTERMEDIATE/LSEG_PRICE_DEMAND/IT_DEMAND_15M_NORTH.xlsx:Zone.Identifier | data/lseg/raw/90_INTERMEDIATE/LSEG_PRICE_DEMAND/Mappe1(1).xlsx:Zone.Identifier | data/lseg/raw/90_INTERMEDIATE/LSEG_PRICE_DEMAND/Mappe1(2).xlsx:Zone.Identifier | data/lseg/raw/90_INTERMEDIATE/LSEG_PRICE_DEMAND/Mappe1(3).xlsx:Zone.Identifier | data/lseg/raw/90_INTERMEDIATE/LSEG_PRICE_DEMAND/Mappe1(4).xlsx:Zone.Identifier | data/lseg/raw/90_INTERMEDIATE/LSEG_PRICE_DEMAND/Mappe1(5).xlsx:Zone.Identifier | data/lseg/raw/90_INTERMEDIATE/SCREENSHOTS/0a528483-087b-4a33-a2f3-ecdd62770a3a.png:Zone.Identifier | data/lseg/raw/90_INTERMEDIATE/SCREENSHOTS/1609bf25-22b3-4c50-817b-fa945dba6bfe.png:Zone.Identifier | data/lseg/raw/90_INTERMEDIATE/SCREENSHOTS/1d02b907-f21b-48aa-bff6-9bb501bffd31.png:Zone.Identifier | data/lseg/raw/90_INTERMEDIATE/SCREENSHOTS/2bf92681-8086-451b-ad79-2cf2aaa286bf.png:Zone.Identifier | data/lseg/raw/90_INTERMEDIATE/SCREENSHOTS/5048f972-71a5-4bbb-9ebf-495783170275.png:Zone.Identifier | data/lseg/raw/90_INTERMEDIATE/SCREENSHOTS/57688dd7-cfad-46f7-9d61-7173a480ab24.png:Zone.Identifier | data/lseg/raw/90_INTERMEDIATE/SCREENSHOTS/6a48aa3a-47d9-431b-a8d4-4b421a82f395.png:Zone.Identifier | data/lseg/raw/90_INTERMEDIATE/SCREENSHOTS/6b0bf7a6-4724-4c1c-98c7-10c623883a8b.png:Zone.Identifier | data/lseg/raw/90_INTERMEDIATE/SCREENSHOTS/7cdf8489-62e1-4566-9c92-ddde781dfc41.png:Zone.Identifier | data/lseg/raw/90_INTERMEDIATE/SCREENSHOTS/839b9904-b506-4600-a582-19546fc0d0dc.png:Zone.Identifier | data/lseg/raw/90_INTERMEDIATE/SCREENSHOTS/87b02fce-0b58-4ead-b793-267dd464b8ec.png:Zone.Identifier | data/lseg/raw/90_INTERMEDIATE/SCREENSHOTS/917dfe63-9fd2-4e78-89c4-b98dcf9f033f.png:Zone.Identifier | data/lseg/raw/90_INTERMEDIATE/SCREENSHOTS/990167dc-a3d5-4b22-acec-131b4e0f87c9.png:Zone.Identifier | data/lseg/raw/90_INTERMEDIATE/SCREENSHOTS/af6db8b3-1471-4a8e-9879-1e782574016e.png:Zone.Identifier | data/lseg/raw/90_INTERMEDIATE/SCREENSHOTS/b94c25b1-cacf-496f-802b-f74a6ec3c376.png:Zone.Identifier | data/lseg/raw/90_INTERMEDIATE/SCREENSHOTS/bc276a5b-6ae8-473b-abe3-2d17e33bcdd3.png:Zone.Identifier | data/lseg/raw/90_INTERMEDIATE/SCREENSHOTS/chart_100049390.embedded.png:Zone.Identifier | data/lseg/raw/90_INTERMEDIATE/SCREENSHOTS/chart_100127248.embedded.png:Zone.Identifier | data/lseg/raw/90_INTERMEDIATE/SCREENSHOTS/crop_che.png:Zone.Identifier | data/lseg/raw/90_INTERMEDIATE/SCREENSHOTS/de1ee218-60dc-4b11-b243-1f352c398785.png:Zone.Identifier | data/lseg/raw/99_UNCLASSIFIED_RETAINED/LSEG_DISCOVERY_RAW_NOTES.txt:Zone.Identifier | data/lseg/raw/99_UNCLASSIFIED_RETAINED/table_100016453.xls:Zone.Identifier | data/lseg/raw/CH_DA_RAW.xlsx:Zone.Identifier | data/lseg/raw/DE_DA_RAW.xlsx:Zone.Identifier | data/lseg/raw/EDF_NUCLEAR_OUTAGE_REVISIONS_PIT.csv:Zone.Identifier | data/lseg/raw/EDF_NUCLEAR_PIT_DAILY_2021_2026.csv:Zone.Identifier | data/lseg/raw/FR_15M_RAW.xlsx:Zone.Identifier | data/lseg/raw/FR_DA_RAW_COMBINED.xlsx:Zone.Identifier | data/lseg/raw/Historique des indispo des moyens de production - depuis 2015 - 07092026-full.csv:Zone.Identifier | data/lseg/raw/IT_DA_RAW (1).xlsx:Zone.Identifier | data/lseg/raw/IT_DA_RAW.xlsx:Zone.Identifier | data/lseg/raw/IT_DEMAND_15M_ALL_ZONES_TEMPLATE.xlsx:Zone.Identifier | data/lseg/raw/IT_DEMAND_15M_NORTH.xlsx:Zone.Identifier | data/lseg/raw/IT_DEMAND_HOURLY.xlsx:Zone.Identifier | data/lseg/raw/publications-transparence-et-remit-liste-des-messages-edf-sa.csv:Zone.Identifier,Windows download-origin sidecar; excluded from data analysis.
data/lseg/raw/05_LSEG_REFERENCE_PDFS/DEMAND_CONSUMPTION_OVERVIEW.pdf,DEMAND_CONSUMPTION_OVERVIEW.pdf,pdf,reference_image_or_report,load/demand reference,load/demand reference,Europe/unknown,Not applicable/non-tabular or not safely extractable,Not applicable or not declared,Not safely extractable,Not determined from file metadata,Not determined,Not determinable,Not safely extractable,Not safely extractable,Not safely extractable,2426425,Not applicable/non-tabular,UNKNOWN,REFERENCE_ONLY,,,Non-tabular artifact; no reliable row-level schema inferred.
data/lseg/raw/05_LSEG_REFERENCE_PDFS/DEMAND_CONSUMPTION_OVERVIEW.pdf:Zone.Identifier,DEMAND_CONSUMPTION_OVERVIEW.pdf:Zone.Identifier,identifier,metadata_sidecar,ancillary file metadata,Zone.Identifier,UNKNOWN,Not applicable/non-tabular or not safely extractable,Not applicable or not declared,Not safely extractable,Not determined from file metadata,Not determined,Not determinable,Not safely extractable,Not safely extractable,Not safely extractable,25,Not applicable/non-tabular,UNKNOWN,None,,data/lseg/raw/00_START_HERE/ANONYMOUS_XLS_MAPPING.md:Zone.Identifier | data/lseg/raw/00_START_HERE/DATA_CATALOG.csv:Zone.Identifier | data/lseg/raw/00_START_HERE/EXTRACTION_STATUS_AND_GAPS.md:Zone.Identifier | data/lseg/raw/00_START_HERE/LICENSE_NOTES.md:Zone.Identifier | data/lseg/raw/00_START_HERE/MANIFEST_SHA256.csv:Zone.Identifier | data/lseg/raw/00_START_HERE/MISSING_CH_DE_RECOVERY.md:Zone.Identifier | data/lseg/raw/00_START_HERE/MISSING_CH_DE_RICS.csv:Zone.Identifier | data/lseg/raw/00_START_HERE/PROJECT_OBJECTIVE.txt:Zone.Identifier | data/lseg/raw/00_START_HERE/README_FIRST.md:Zone.Identifier | data/lseg/raw/00_START_HERE/RIC_FAMILIES.csv:Zone.Identifier | data/lseg/raw/01_CORE_HISTORICAL/FR_NUCLEAR_PIT/EDF_NUCLEAR_OUTAGE_REVISIONS_PIT.csv:Zone.Identifier | data/lseg/raw/01_CORE_HISTORICAL/FR_NUCLEAR_PIT/EDF_NUCLEAR_PIT_DAILY_2021_2026.csv:Zone.Identifier | data/lseg/raw/01_CORE_HISTORICAL/FR_NUCLEAR_PIT/EDF_NUCLEAR_PIT_SUMMARY.txt:Zone.Identifier | data/lseg/raw/01_CORE_HISTORICAL/LSEG_DEMAND/IT_DEMAND_15M_ALL_7_ZONES_2025_2026.xlsx:Zone.Identifier | data/lseg/raw/01_CORE_HISTORICAL/LSEG_DEMAND/IT_DEMAND_HOURLY_2021_2025.xlsx:Zone.Identifier | data/lseg/raw/01_CORE_HISTORICAL/LSEG_PRICES/FR_DAY_AHEAD_HOURLY_AND_15M.xlsx:Zone.Identifier | data/lseg/raw/01_CORE_HISTORICAL/LSEG_PRICES/IT_DAY_AHEAD_HOURLY_AND_15M.xlsx:Zone.Identifier | data/lseg/raw/02_SOURCE_RAW/FR_NUCLEAR/EDF_OUTAGE_HISTORY_RAW.csv:Zone.Identifier | data/lseg/raw/02_SOURCE_RAW/FR_NUCLEAR/EDF_TRANSPARENCY_REMIT_MESSAGES_RAW.csv:Zone.Identifier | data/lseg/raw/03_CURRENT_RECENT_LSEG/COST_CURVES/cost_curves_2026910_21432.xlsx:Zone.Identifier | data/lseg/raw/03_CURRENT_RECENT_LSEG/COST_CURVES/cost_curves_2026910_21543.xlsx:Zone.Identifier | data/lseg/raw/03_CURRENT_RECENT_LSEG/COST_CURVES/cost_curves_2026910_2164.xlsx:Zone.Identifier | data/lseg/raw/03_CURRENT_RECENT_LSEG/RESIDUAL_LOAD/CWE_RESIDUAL_LOAD_REPORT.pdf:Zone.Identifier | data/lseg/raw/03_CURRENT_RECENT_LSEG/RESIDUAL_LOAD/DE_RESIDUAL_LOAD_CURRENT_RECENT.xls:Zone.Identifier | data/lseg/raw/03_CURRENT_RECENT_LSEG/RESIDUAL_LOAD/DE_RESIDUAL_LOAD_REPORT.pdf:Zone.Identifier | data/lseg/raw/03_CURRENT_RECENT_LSEG/RESIDUAL_LOAD/FR_IT_RESIDUAL_LOAD_EXPORT_A.xls:Zone.Identifier | data/lseg/raw/03_CURRENT_RECENT_LSEG/RESIDUAL_LOAD/FR_IT_RESIDUAL_LOAD_EXPORT_B.xls:Zone.Identifier | data/lseg/raw/03_CURRENT_RECENT_LSEG/SUPPLY_WIND_SOLAR/GB_EMBEDDED_SOLAR_REPORT.pdf:Zone.Identifier | data/lseg/raw/03_CURRENT_RECENT_LSEG/SUPPLY_WIND_SOLAR/GB_EMBEDDED_WIND_REPORT.pdf:Zone.Identifier | data/lseg/raw/03_CURRENT_RECENT_LSEG/SUPPLY_WIND_SOLAR/SUPPLY_WIND_REPORT.pdf:Zone.Identifier | data/lseg/raw/03_CURRENT_RECENT_LSEG/WEATHER/CLOUD_COVER_CH.xls:Zone.Identifier | data/lseg/raw/03_CURRENT_RECENT_LSEG/WEATHER/CLOUD_COVER_REPORT.pdf:Zone.Identifier | data/lseg/raw/03_CURRENT_RECENT_LSEG/WEATHER/ECMWF_CLUSTER_REPORT.pdf:Zone.Identifier | data/lseg/raw/03_CURRENT_RECENT_LSEG/WEATHER/NAO_AO_REPORT.pdf:Zone.Identifier | data/lseg/raw/03_CURRENT_RECENT_LSEG/WEATHER/PRECIPITATION_ALP_AREA_REPORT.pdf:Zone.Identifier | data/lseg/raw/03_CURRENT_RECENT_LSEG/WEATHER/PRECIPITATION_CH_EFFECTIVE.xls:Zone.Identifier | data/lseg/raw/03_CURRENT_RECENT_LSEG/WEATHER/TEMPERATURE_DE_FR_AT_CH_TABLE.xls:Zone.Identifier | data/lseg/raw/03_CURRENT_RECENT_LSEG/WEATHER/TEMPERATURE_IT_CHART.xls:Zone.Identifier | data/lseg/raw/03_CURRENT_RECENT_LSEG/WEATHER/TEMPERATURE_REPORT.pdf:Zone.Identifier | data/lseg/raw/04_CROSS_BORDER_REFERENCE/01_PRICE_FLOW_GRAPH_CHE_VISIBLE.png:Zone.Identifier | data/lseg/raw/04_CROSS_BORDER_REFERENCE/02_DEU_SELECTED_CONNECTIONS.png:Zone.Identifier | data/lseg/raw/04_CROSS_BORDER_REFERENCE/03_NET_IMPORT_GRAPH.png:Zone.Identifier | data/lseg/raw/04_CROSS_BORDER_REFERENCE/04_NET_IMPORT_CHE_SELECTED_00.png:Zone.Identifier | data/lseg/raw/04_CROSS_BORDER_REFERENCE/05_NET_IMPORT_CHE_SELECTED_12.png:Zone.Identifier | data/lseg/raw/04_CROSS_BORDER_REFERENCE/06_CAPACITY_DIRECTION_1_CHE_SELECTED.png:Zone.Identifier | data/lseg/raw/04_CROSS_BORDER_REFERENCE/07_CAPACITY_DIRECTION_2_CHE_SELECTED_A.png:Zone.Identifier | data/lseg/raw/04_CROSS_BORDER_REFERENCE/08_CAPACITY_DIRECTION_2_CHE_SELECTED_B.png:Zone.Identifier | data/lseg/raw/04_CROSS_BORDER_REFERENCE/09_CAPACITY_DIRECTION_2_CHE_SELECTED_C.png:Zone.Identifier | data/lseg/raw/04_CROSS_BORDER_REFERENCE/10_SCHEDULED_EXCHANGE_NET_IMPORT_GRAPH.png:Zone.Identifier | data/lseg/raw/04_CROSS_BORDER_REFERENCE/11_SCHEDULED_EXCHANGE_CHE_SELECTED.png:Zone.Identifier | data/lseg/raw/04_CROSS_BORDER_REFERENCE/FLOWS_GRAPH_REPORT.pdf:Zone.Identifier | data/lseg/raw/05_LSEG_REFERENCE_PDFS/DEMAND_CONSUMPTION_OVERVIEW.pdf:Zone.Identifier | data/lseg/raw/90_INTERMEDIATE/LSEG_PRICE_DEMAND/FR_15M_RAW.xls.xlsx:Zone.Identifier | data/lseg/raw/90_INTERMEDIATE/LSEG_PRICE_DEMAND/FR_DA_RAW.xlsx:Zone.Identifier | data/lseg/raw/90_INTERMEDIATE/LSEG_PRICE_DEMAND/IT_DA_RAW(1).xlsx:Zone.Identifier | data/lseg/raw/90_INTERMEDIATE/LSEG_PRICE_DEMAND/IT_DA_RAW(2).xlsx:Zone.Identifier | data/lseg/raw/90_INTERMEDIATE/LSEG_PRICE_DEMAND/IT_DA_RAW(3).xlsx:Zone.Identifier | data/lseg/raw/90_INTERMEDIATE/LSEG_PRICE_DEMAND/IT_DA_RAW.xlsx:Zone.Identifier | data/lseg/raw/90_INTERMEDIATE/LSEG_PRICE_DEMAND/IT_DEMAND_15M_ALL_ZONES_TEMPLATE.xlsx:Zone.Identifier | data/lseg/raw/90_INTERMEDIATE/LSEG_PRICE_DEMAND/IT_DEMAND_15M_NORTH.xlsx:Zone.Identifier | data/lseg/raw/90_INTERMEDIATE/LSEG_PRICE_DEMAND/Mappe1(1).xlsx:Zone.Identifier | data/lseg/raw/90_INTERMEDIATE/LSEG_PRICE_DEMAND/Mappe1(2).xlsx:Zone.Identifier | data/lseg/raw/90_INTERMEDIATE/LSEG_PRICE_DEMAND/Mappe1(3).xlsx:Zone.Identifier | data/lseg/raw/90_INTERMEDIATE/LSEG_PRICE_DEMAND/Mappe1(4).xlsx:Zone.Identifier | data/lseg/raw/90_INTERMEDIATE/LSEG_PRICE_DEMAND/Mappe1(5).xlsx:Zone.Identifier | data/lseg/raw/90_INTERMEDIATE/SCREENSHOTS/0a528483-087b-4a33-a2f3-ecdd62770a3a.png:Zone.Identifier | data/lseg/raw/90_INTERMEDIATE/SCREENSHOTS/1609bf25-22b3-4c50-817b-fa945dba6bfe.png:Zone.Identifier | data/lseg/raw/90_INTERMEDIATE/SCREENSHOTS/1d02b907-f21b-48aa-bff6-9bb501bffd31.png:Zone.Identifier | data/lseg/raw/90_INTERMEDIATE/SCREENSHOTS/2bf92681-8086-451b-ad79-2cf2aaa286bf.png:Zone.Identifier | data/lseg/raw/90_INTERMEDIATE/SCREENSHOTS/5048f972-71a5-4bbb-9ebf-495783170275.png:Zone.Identifier | data/lseg/raw/90_INTERMEDIATE/SCREENSHOTS/57688dd7-cfad-46f7-9d61-7173a480ab24.png:Zone.Identifier | data/lseg/raw/90_INTERMEDIATE/SCREENSHOTS/6a48aa3a-47d9-431b-a8d4-4b421a82f395.png:Zone.Identifier | data/lseg/raw/90_INTERMEDIATE/SCREENSHOTS/6b0bf7a6-4724-4c1c-98c7-10c623883a8b.png:Zone.Identifier | data/lseg/raw/90_INTERMEDIATE/SCREENSHOTS/7cdf8489-62e1-4566-9c92-ddde781dfc41.png:Zone.Identifier | data/lseg/raw/90_INTERMEDIATE/SCREENSHOTS/839b9904-b506-4600-a582-19546fc0d0dc.png:Zone.Identifier | data/lseg/raw/90_INTERMEDIATE/SCREENSHOTS/87b02fce-0b58-4ead-b793-267dd464b8ec.png:Zone.Identifier | data/lseg/raw/90_INTERMEDIATE/SCREENSHOTS/917dfe63-9fd2-4e78-89c4-b98dcf9f033f.png:Zone.Identifier | data/lseg/raw/90_INTERMEDIATE/SCREENSHOTS/990167dc-a3d5-4b22-acec-131b4e0f87c9.png:Zone.Identifier | data/lseg/raw/90_INTERMEDIATE/SCREENSHOTS/af6db8b3-1471-4a8e-9879-1e782574016e.png:Zone.Identifier | data/lseg/raw/90_INTERMEDIATE/SCREENSHOTS/b94c25b1-cacf-496f-802b-f74a6ec3c376.png:Zone.Identifier | data/lseg/raw/90_INTERMEDIATE/SCREENSHOTS/bc276a5b-6ae8-473b-abe3-2d17e33bcdd3.png:Zone.Identifier | data/lseg/raw/90_INTERMEDIATE/SCREENSHOTS/chart_100049390.embedded.png:Zone.Identifier | data/lseg/raw/90_INTERMEDIATE/SCREENSHOTS/chart_100127248.embedded.png:Zone.Identifier | data/lseg/raw/90_INTERMEDIATE/SCREENSHOTS/crop_che.png:Zone.Identifier | data/lseg/raw/90_INTERMEDIATE/SCREENSHOTS/de1ee218-60dc-4b11-b243-1f352c398785.png:Zone.Identifier | data/lseg/raw/99_UNCLASSIFIED_RETAINED/LSEG_DISCOVERY_RAW_NOTES.txt:Zone.Identifier | data/lseg/raw/99_UNCLASSIFIED_RETAINED/table_100016453.xls:Zone.Identifier | data/lseg/raw/CH_DA_RAW.xlsx:Zone.Identifier | data/lseg/raw/DE_DA_RAW.xlsx:Zone.Identifier | data/lseg/raw/EDF_NUCLEAR_OUTAGE_REVISIONS_PIT.csv:Zone.Identifier | data/lseg/raw/EDF_NUCLEAR_PIT_DAILY_2021_2026.csv:Zone.Identifier | data/lseg/raw/FR_15M_RAW.xlsx:Zone.Identifier | data/lseg/raw/FR_DA_RAW_COMBINED.xlsx:Zone.Identifier | data/lseg/raw/Historique des indispo des moyens de production - depuis 2015 - 07092026-full.csv:Zone.Identifier | data/lseg/raw/IT_DA_RAW (1).xlsx:Zone.Identifier | data/lseg/raw/IT_DA_RAW.xlsx:Zone.Identifier | data/lseg/raw/IT_DEMAND_15M_ALL_ZONES_TEMPLATE.xlsx:Zone.Identifier | data/lseg/raw/IT_DEMAND_15M_NORTH.xlsx:Zone.Identifier | data/lseg/raw/IT_DEMAND_HOURLY.xlsx:Zone.Identifier | data/lseg/raw/publications-transparence-et-remit-liste-des-messages-edf-sa.csv:Zone.Identifier,Windows download-origin sidecar; excluded from data analysis.
data/lseg/raw/90_INTERMEDIATE/LSEG_PRICE_DEMAND/FR_15M_RAW.xls.xlsx,FR_15M_RAW.xls.xlsx,xlsx,other,unclassified,unclassified,UNKNOWN,Timestamp; TRDPRC_1 (RIC-specific repeated field),EUR/MWh likely for price workbooks; MW likely for demand workbooks; units not explicitly declared,Timestamp,"('2025-10-01 00:00:00', '2026-09-08 00:00:00')",15-minute (workbook family),observed/market value series; forecast status not encoded,Not present,Timestamp is delivery/observation time; no issue time,Not present in workbook layout,225475,5/33374 blank data cells in profiled tabular sheets,UNKNOWN,UNKNOWN,,data/lseg/raw/90_INTERMEDIATE/LSEG_PRICE_DEMAND/FR_15M_RAW.xls.xlsx | data/lseg/raw/FR_15M_RAW.xlsx,No reliable semantic mapping inferred.
data/lseg/raw/90_INTERMEDIATE/LSEG_PRICE_DEMAND/FR_15M_RAW.xls.xlsx:Zone.Identifier,FR_15M_RAW.xls.xlsx:Zone.Identifier,identifier,metadata_sidecar,ancillary file metadata,Zone.Identifier,UNKNOWN,Not applicable/non-tabular or not safely extractable,Not applicable or not declared,Not safely extractable,Not determined from file metadata,Not determined,Not determinable,Not safely extractable,Not safely extractable,Not safely extractable,25,Not applicable/non-tabular,UNKNOWN,None,,data/lseg/raw/00_START_HERE/ANONYMOUS_XLS_MAPPING.md:Zone.Identifier | data/lseg/raw/00_START_HERE/DATA_CATALOG.csv:Zone.Identifier | data/lseg/raw/00_START_HERE/EXTRACTION_STATUS_AND_GAPS.md:Zone.Identifier | data/lseg/raw/00_START_HERE/LICENSE_NOTES.md:Zone.Identifier | data/lseg/raw/00_START_HERE/MANIFEST_SHA256.csv:Zone.Identifier | data/lseg/raw/00_START_HERE/MISSING_CH_DE_RECOVERY.md:Zone.Identifier | data/lseg/raw/00_START_HERE/MISSING_CH_DE_RICS.csv:Zone.Identifier | data/lseg/raw/00_START_HERE/PROJECT_OBJECTIVE.txt:Zone.Identifier | data/lseg/raw/00_START_HERE/README_FIRST.md:Zone.Identifier | data/lseg/raw/00_START_HERE/RIC_FAMILIES.csv:Zone.Identifier | data/lseg/raw/01_CORE_HISTORICAL/FR_NUCLEAR_PIT/EDF_NUCLEAR_OUTAGE_REVISIONS_PIT.csv:Zone.Identifier | data/lseg/raw/01_CORE_HISTORICAL/FR_NUCLEAR_PIT/EDF_NUCLEAR_PIT_DAILY_2021_2026.csv:Zone.Identifier | data/lseg/raw/01_CORE_HISTORICAL/FR_NUCLEAR_PIT/EDF_NUCLEAR_PIT_SUMMARY.txt:Zone.Identifier | data/lseg/raw/01_CORE_HISTORICAL/LSEG_DEMAND/IT_DEMAND_15M_ALL_7_ZONES_2025_2026.xlsx:Zone.Identifier | data/lseg/raw/01_CORE_HISTORICAL/LSEG_DEMAND/IT_DEMAND_HOURLY_2021_2025.xlsx:Zone.Identifier | data/lseg/raw/01_CORE_HISTORICAL/LSEG_PRICES/FR_DAY_AHEAD_HOURLY_AND_15M.xlsx:Zone.Identifier | data/lseg/raw/01_CORE_HISTORICAL/LSEG_PRICES/IT_DAY_AHEAD_HOURLY_AND_15M.xlsx:Zone.Identifier | data/lseg/raw/02_SOURCE_RAW/FR_NUCLEAR/EDF_OUTAGE_HISTORY_RAW.csv:Zone.Identifier | data/lseg/raw/02_SOURCE_RAW/FR_NUCLEAR/EDF_TRANSPARENCY_REMIT_MESSAGES_RAW.csv:Zone.Identifier | data/lseg/raw/03_CURRENT_RECENT_LSEG/COST_CURVES/cost_curves_2026910_21432.xlsx:Zone.Identifier | data/lseg/raw/03_CURRENT_RECENT_LSEG/COST_CURVES/cost_curves_2026910_21543.xlsx:Zone.Identifier | data/lseg/raw/03_CURRENT_RECENT_LSEG/COST_CURVES/cost_curves_2026910_2164.xlsx:Zone.Identifier | data/lseg/raw/03_CURRENT_RECENT_LSEG/RESIDUAL_LOAD/CWE_RESIDUAL_LOAD_REPORT.pdf:Zone.Identifier | data/lseg/raw/03_CURRENT_RECENT_LSEG/RESIDUAL_LOAD/DE_RESIDUAL_LOAD_CURRENT_RECENT.xls:Zone.Identifier | data/lseg/raw/03_CURRENT_RECENT_LSEG/RESIDUAL_LOAD/DE_RESIDUAL_LOAD_REPORT.pdf:Zone.Identifier | data/lseg/raw/03_CURRENT_RECENT_LSEG/RESIDUAL_LOAD/FR_IT_RESIDUAL_LOAD_EXPORT_A.xls:Zone.Identifier | data/lseg/raw/03_CURRENT_RECENT_LSEG/RESIDUAL_LOAD/FR_IT_RESIDUAL_LOAD_EXPORT_B.xls:Zone.Identifier | data/lseg/raw/03_CURRENT_RECENT_LSEG/SUPPLY_WIND_SOLAR/GB_EMBEDDED_SOLAR_REPORT.pdf:Zone.Identifier | data/lseg/raw/03_CURRENT_RECENT_LSEG/SUPPLY_WIND_SOLAR/GB_EMBEDDED_WIND_REPORT.pdf:Zone.Identifier | data/lseg/raw/03_CURRENT_RECENT_LSEG/SUPPLY_WIND_SOLAR/SUPPLY_WIND_REPORT.pdf:Zone.Identifier | data/lseg/raw/03_CURRENT_RECENT_LSEG/WEATHER/CLOUD_COVER_CH.xls:Zone.Identifier | data/lseg/raw/03_CURRENT_RECENT_LSEG/WEATHER/CLOUD_COVER_REPORT.pdf:Zone.Identifier | data/lseg/raw/03_CURRENT_RECENT_LSEG/WEATHER/ECMWF_CLUSTER_REPORT.pdf:Zone.Identifier | data/lseg/raw/03_CURRENT_RECENT_LSEG/WEATHER/NAO_AO_REPORT.pdf:Zone.Identifier | data/lseg/raw/03_CURRENT_RECENT_LSEG/WEATHER/PRECIPITATION_ALP_AREA_REPORT.pdf:Zone.Identifier | data/lseg/raw/03_CURRENT_RECENT_LSEG/WEATHER/PRECIPITATION_CH_EFFECTIVE.xls:Zone.Identifier | data/lseg/raw/03_CURRENT_RECENT_LSEG/WEATHER/TEMPERATURE_DE_FR_AT_CH_TABLE.xls:Zone.Identifier | data/lseg/raw/03_CURRENT_RECENT_LSEG/WEATHER/TEMPERATURE_IT_CHART.xls:Zone.Identifier | data/lseg/raw/03_CURRENT_RECENT_LSEG/WEATHER/TEMPERATURE_REPORT.pdf:Zone.Identifier | data/lseg/raw/04_CROSS_BORDER_REFERENCE/01_PRICE_FLOW_GRAPH_CHE_VISIBLE.png:Zone.Identifier | data/lseg/raw/04_CROSS_BORDER_REFERENCE/02_DEU_SELECTED_CONNECTIONS.png:Zone.Identifier | data/lseg/raw/04_CROSS_BORDER_REFERENCE/03_NET_IMPORT_GRAPH.png:Zone.Identifier | data/lseg/raw/04_CROSS_BORDER_REFERENCE/04_NET_IMPORT_CHE_SELECTED_00.png:Zone.Identifier | data/lseg/raw/04_CROSS_BORDER_REFERENCE/05_NET_IMPORT_CHE_SELECTED_12.png:Zone.Identifier | data/lseg/raw/04_CROSS_BORDER_REFERENCE/06_CAPACITY_DIRECTION_1_CHE_SELECTED.png:Zone.Identifier | data/lseg/raw/04_CROSS_BORDER_REFERENCE/07_CAPACITY_DIRECTION_2_CHE_SELECTED_A.png:Zone.Identifier | data/lseg/raw/04_CROSS_BORDER_REFERENCE/08_CAPACITY_DIRECTION_2_CHE_SELECTED_B.png:Zone.Identifier | data/lseg/raw/04_CROSS_BORDER_REFERENCE/09_CAPACITY_DIRECTION_2_CHE_SELECTED_C.png:Zone.Identifier | data/lseg/raw/04_CROSS_BORDER_REFERENCE/10_SCHEDULED_EXCHANGE_NET_IMPORT_GRAPH.png:Zone.Identifier | data/lseg/raw/04_CROSS_BORDER_REFERENCE/11_SCHEDULED_EXCHANGE_CHE_SELECTED.png:Zone.Identifier | data/lseg/raw/04_CROSS_BORDER_REFERENCE/FLOWS_GRAPH_REPORT.pdf:Zone.Identifier | data/lseg/raw/05_LSEG_REFERENCE_PDFS/DEMAND_CONSUMPTION_OVERVIEW.pdf:Zone.Identifier | data/lseg/raw/90_INTERMEDIATE/LSEG_PRICE_DEMAND/FR_15M_RAW.xls.xlsx:Zone.Identifier | data/lseg/raw/90_INTERMEDIATE/LSEG_PRICE_DEMAND/FR_DA_RAW.xlsx:Zone.Identifier | data/lseg/raw/90_INTERMEDIATE/LSEG_PRICE_DEMAND/IT_DA_RAW(1).xlsx:Zone.Identifier | data/lseg/raw/90_INTERMEDIATE/LSEG_PRICE_DEMAND/IT_DA_RAW(2).xlsx:Zone.Identifier | data/lseg/raw/90_INTERMEDIATE/LSEG_PRICE_DEMAND/IT_DA_RAW(3).xlsx:Zone.Identifier | data/lseg/raw/90_INTERMEDIATE/LSEG_PRICE_DEMAND/IT_DA_RAW.xlsx:Zone.Identifier | data/lseg/raw/90_INTERMEDIATE/LSEG_PRICE_DEMAND/IT_DEMAND_15M_ALL_ZONES_TEMPLATE.xlsx:Zone.Identifier | data/lseg/raw/90_INTERMEDIATE/LSEG_PRICE_DEMAND/IT_DEMAND_15M_NORTH.xlsx:Zone.Identifier | data/lseg/raw/90_INTERMEDIATE/LSEG_PRICE_DEMAND/Mappe1(1).xlsx:Zone.Identifier | data/lseg/raw/90_INTERMEDIATE/LSEG_PRICE_DEMAND/Mappe1(2).xlsx:Zone.Identifier | data/lseg/raw/90_INTERMEDIATE/LSEG_PRICE_DEMAND/Mappe1(3).xlsx:Zone.Identifier | data/lseg/raw/90_INTERMEDIATE/LSEG_PRICE_DEMAND/Mappe1(4).xlsx:Zone.Identifier | data/lseg/raw/90_INTERMEDIATE/LSEG_PRICE_DEMAND/Mappe1(5).xlsx:Zone.Identifier | data/lseg/raw/90_INTERMEDIATE/SCREENSHOTS/0a528483-087b-4a33-a2f3-ecdd62770a3a.png:Zone.Identifier | data/lseg/raw/90_INTERMEDIATE/SCREENSHOTS/1609bf25-22b3-4c50-817b-fa945dba6bfe.png:Zone.Identifier | data/lseg/raw/90_INTERMEDIATE/SCREENSHOTS/1d02b907-f21b-48aa-bff6-9bb501bffd31.png:Zone.Identifier | data/lseg/raw/90_INTERMEDIATE/SCREENSHOTS/2bf92681-8086-451b-ad79-2cf2aaa286bf.png:Zone.Identifier | data/lseg/raw/90_INTERMEDIATE/SCREENSHOTS/5048f972-71a5-4bbb-9ebf-495783170275.png:Zone.Identifier | data/lseg/raw/90_INTERMEDIATE/SCREENSHOTS/57688dd7-cfad-46f7-9d61-7173a480ab24.png:Zone.Identifier | data/lseg/raw/90_INTERMEDIATE/SCREENSHOTS/6a48aa3a-47d9-431b-a8d4-4b421a82f395.png:Zone.Identifier | data/lseg/raw/90_INTERMEDIATE/SCREENSHOTS/6b0bf7a6-4724-4c1c-98c7-10c623883a8b.png:Zone.Identifier | data/lseg/raw/90_INTERMEDIATE/SCREENSHOTS/7cdf8489-62e1-4566-9c92-ddde781dfc41.png:Zone.Identifier | data/lseg/raw/90_INTERMEDIATE/SCREENSHOTS/839b9904-b506-4600-a582-19546fc0d0dc.png:Zone.Identifier | data/lseg/raw/90_INTERMEDIATE/SCREENSHOTS/87b02fce-0b58-4ead-b793-267dd464b8ec.png:Zone.Identifier | data/lseg/raw/90_INTERMEDIATE/SCREENSHOTS/917dfe63-9fd2-4e78-89c4-b98dcf9f033f.png:Zone.Identifier | data/lseg/raw/90_INTERMEDIATE/SCREENSHOTS/990167dc-a3d5-4b22-acec-131b4e0f87c9.png:Zone.Identifier | data/lseg/raw/90_INTERMEDIATE/SCREENSHOTS/af6db8b3-1471-4a8e-9879-1e782574016e.png:Zone.Identifier | data/lseg/raw/90_INTERMEDIATE/SCREENSHOTS/b94c25b1-cacf-496f-802b-f74a6ec3c376.png:Zone.Identifier | data/lseg/raw/90_INTERMEDIATE/SCREENSHOTS/bc276a5b-6ae8-473b-abe3-2d17e33bcdd3.png:Zone.Identifier | data/lseg/raw/90_INTERMEDIATE/SCREENSHOTS/chart_100049390.embedded.png:Zone.Identifier | data/lseg/raw/90_INTERMEDIATE/SCREENSHOTS/chart_100127248.embedded.png:Zone.Identifier | data/lseg/raw/90_INTERMEDIATE/SCREENSHOTS/crop_che.png:Zone.Identifier | data/lseg/raw/90_INTERMEDIATE/SCREENSHOTS/de1ee218-60dc-4b11-b243-1f352c398785.png:Zone.Identifier | data/lseg/raw/99_UNCLASSIFIED_RETAINED/LSEG_DISCOVERY_RAW_NOTES.txt:Zone.Identifier | data/lseg/raw/99_UNCLASSIFIED_RETAINED/table_100016453.xls:Zone.Identifier | data/lseg/raw/CH_DA_RAW.xlsx:Zone.Identifier | data/lseg/raw/DE_DA_RAW.xlsx:Zone.Identifier | data/lseg/raw/EDF_NUCLEAR_OUTAGE_REVISIONS_PIT.csv:Zone.Identifier | data/lseg/raw/EDF_NUCLEAR_PIT_DAILY_2021_2026.csv:Zone.Identifier | data/lseg/raw/FR_15M_RAW.xlsx:Zone.Identifier | data/lseg/raw/FR_DA_RAW_COMBINED.xlsx:Zone.Identifier | data/lseg/raw/Historique des indispo des moyens de production - depuis 2015 - 07092026-full.csv:Zone.Identifier | data/lseg/raw/IT_DA_RAW (1).xlsx:Zone.Identifier | data/lseg/raw/IT_DA_RAW.xlsx:Zone.Identifier | data/lseg/raw/IT_DEMAND_15M_ALL_ZONES_TEMPLATE.xlsx:Zone.Identifier | data/lseg/raw/IT_DEMAND_15M_NORTH.xlsx:Zone.Identifier | data/lseg/raw/IT_DEMAND_HOURLY.xlsx:Zone.Identifier | data/lseg/raw/publications-transparence-et-remit-liste-des-messages-edf-sa.csv:Zone.Identifier,Windows download-origin sidecar; excluded from data analysis.
data/lseg/raw/90_INTERMEDIATE/LSEG_PRICE_DEMAND/FR_DA_RAW.xlsx,FR_DA_RAW.xlsx,xlsx,dataset,prices/day-ahead,day-ahead power prices,FR,Timestamp; TRDPRC_1 (RIC-specific repeated field),EUR/MWh likely for price workbooks; MW likely for demand workbooks; units not explicitly declared,Timestamp,"('2021-01-01 00:00:00', '2025-09-29 00:00:00')",not established from filename,observed/market value series; forecast status not encoded,Not present,Timestamp is delivery/observation time; no issue time,Not present in workbook layout,313740,1709/45056 blank data cells in profiled tabular sheets,PIT_RECONSTRUCTABLE,No corresponding model-ready family in Databricks inventory,,,Price units likely EUR/MWh from series context; workbook does not declare units.
data/lseg/raw/90_INTERMEDIATE/LSEG_PRICE_DEMAND/FR_DA_RAW.xlsx:Zone.Identifier,FR_DA_RAW.xlsx:Zone.Identifier,identifier,metadata_sidecar,ancillary file metadata,Zone.Identifier,UNKNOWN,Not applicable/non-tabular or not safely extractable,Not applicable or not declared,Not safely extractable,Not determined from file metadata,Not determined,Not determinable,Not safely extractable,Not safely extractable,Not safely extractable,25,Not applicable/non-tabular,UNKNOWN,None,,data/lseg/raw/00_START_HERE/ANONYMOUS_XLS_MAPPING.md:Zone.Identifier | data/lseg/raw/00_START_HERE/DATA_CATALOG.csv:Zone.Identifier | data/lseg/raw/00_START_HERE/EXTRACTION_STATUS_AND_GAPS.md:Zone.Identifier | data/lseg/raw/00_START_HERE/LICENSE_NOTES.md:Zone.Identifier | data/lseg/raw/00_START_HERE/MANIFEST_SHA256.csv:Zone.Identifier | data/lseg/raw/00_START_HERE/MISSING_CH_DE_RECOVERY.md:Zone.Identifier | data/lseg/raw/00_START_HERE/MISSING_CH_DE_RICS.csv:Zone.Identifier | data/lseg/raw/00_START_HERE/PROJECT_OBJECTIVE.txt:Zone.Identifier | data/lseg/raw/00_START_HERE/README_FIRST.md:Zone.Identifier | data/lseg/raw/00_START_HERE/RIC_FAMILIES.csv:Zone.Identifier | data/lseg/raw/01_CORE_HISTORICAL/FR_NUCLEAR_PIT/EDF_NUCLEAR_OUTAGE_REVISIONS_PIT.csv:Zone.Identifier | data/lseg/raw/01_CORE_HISTORICAL/FR_NUCLEAR_PIT/EDF_NUCLEAR_PIT_DAILY_2021_2026.csv:Zone.Identifier | data/lseg/raw/01_CORE_HISTORICAL/FR_NUCLEAR_PIT/EDF_NUCLEAR_PIT_SUMMARY.txt:Zone.Identifier | data/lseg/raw/01_CORE_HISTORICAL/LSEG_DEMAND/IT_DEMAND_15M_ALL_7_ZONES_2025_2026.xlsx:Zone.Identifier | data/lseg/raw/01_CORE_HISTORICAL/LSEG_DEMAND/IT_DEMAND_HOURLY_2021_2025.xlsx:Zone.Identifier | data/lseg/raw/01_CORE_HISTORICAL/LSEG_PRICES/FR_DAY_AHEAD_HOURLY_AND_15M.xlsx:Zone.Identifier | data/lseg/raw/01_CORE_HISTORICAL/LSEG_PRICES/IT_DAY_AHEAD_HOURLY_AND_15M.xlsx:Zone.Identifier | data/lseg/raw/02_SOURCE_RAW/FR_NUCLEAR/EDF_OUTAGE_HISTORY_RAW.csv:Zone.Identifier | data/lseg/raw/02_SOURCE_RAW/FR_NUCLEAR/EDF_TRANSPARENCY_REMIT_MESSAGES_RAW.csv:Zone.Identifier | data/lseg/raw/03_CURRENT_RECENT_LSEG/COST_CURVES/cost_curves_2026910_21432.xlsx:Zone.Identifier | data/lseg/raw/03_CURRENT_RECENT_LSEG/COST_CURVES/cost_curves_2026910_21543.xlsx:Zone.Identifier | data/lseg/raw/03_CURRENT_RECENT_LSEG/COST_CURVES/cost_curves_2026910_2164.xlsx:Zone.Identifier | data/lseg/raw/03_CURRENT_RECENT_LSEG/RESIDUAL_LOAD/CWE_RESIDUAL_LOAD_REPORT.pdf:Zone.Identifier | data/lseg/raw/03_CURRENT_RECENT_LSEG/RESIDUAL_LOAD/DE_RESIDUAL_LOAD_CURRENT_RECENT.xls:Zone.Identifier | data/lseg/raw/03_CURRENT_RECENT_LSEG/RESIDUAL_LOAD/DE_RESIDUAL_LOAD_REPORT.pdf:Zone.Identifier | data/lseg/raw/03_CURRENT_RECENT_LSEG/RESIDUAL_LOAD/FR_IT_RESIDUAL_LOAD_EXPORT_A.xls:Zone.Identifier | data/lseg/raw/03_CURRENT_RECENT_LSEG/RESIDUAL_LOAD/FR_IT_RESIDUAL_LOAD_EXPORT_B.xls:Zone.Identifier | data/lseg/raw/03_CURRENT_RECENT_LSEG/SUPPLY_WIND_SOLAR/GB_EMBEDDED_SOLAR_REPORT.pdf:Zone.Identifier | data/lseg/raw/03_CURRENT_RECENT_LSEG/SUPPLY_WIND_SOLAR/GB_EMBEDDED_WIND_REPORT.pdf:Zone.Identifier | data/lseg/raw/03_CURRENT_RECENT_LSEG/SUPPLY_WIND_SOLAR/SUPPLY_WIND_REPORT.pdf:Zone.Identifier | data/lseg/raw/03_CURRENT_RECENT_LSEG/WEATHER/CLOUD_COVER_CH.xls:Zone.Identifier | data/lseg/raw/03_CURRENT_RECENT_LSEG/WEATHER/CLOUD_COVER_REPORT.pdf:Zone.Identifier | data/lseg/raw/03_CURRENT_RECENT_LSEG/WEATHER/ECMWF_CLUSTER_REPORT.pdf:Zone.Identifier | data/lseg/raw/03_CURRENT_RECENT_LSEG/WEATHER/NAO_AO_REPORT.pdf:Zone.Identifier | data/lseg/raw/03_CURRENT_RECENT_LSEG/WEATHER/PRECIPITATION_ALP_AREA_REPORT.pdf:Zone.Identifier | data/lseg/raw/03_CURRENT_RECENT_LSEG/WEATHER/PRECIPITATION_CH_EFFECTIVE.xls:Zone.Identifier | data/lseg/raw/03_CURRENT_RECENT_LSEG/WEATHER/TEMPERATURE_DE_FR_AT_CH_TABLE.xls:Zone.Identifier | data/lseg/raw/03_CURRENT_RECENT_LSEG/WEATHER/TEMPERATURE_IT_CHART.xls:Zone.Identifier | data/lseg/raw/03_CURRENT_RECENT_LSEG/WEATHER/TEMPERATURE_REPORT.pdf:Zone.Identifier | data/lseg/raw/04_CROSS_BORDER_REFERENCE/01_PRICE_FLOW_GRAPH_CHE_VISIBLE.png:Zone.Identifier | data/lseg/raw/04_CROSS_BORDER_REFERENCE/02_DEU_SELECTED_CONNECTIONS.png:Zone.Identifier | data/lseg/raw/04_CROSS_BORDER_REFERENCE/03_NET_IMPORT_GRAPH.png:Zone.Identifier | data/lseg/raw/04_CROSS_BORDER_REFERENCE/04_NET_IMPORT_CHE_SELECTED_00.png:Zone.Identifier | data/lseg/raw/04_CROSS_BORDER_REFERENCE/05_NET_IMPORT_CHE_SELECTED_12.png:Zone.Identifier | data/lseg/raw/04_CROSS_BORDER_REFERENCE/06_CAPACITY_DIRECTION_1_CHE_SELECTED.png:Zone.Identifier | data/lseg/raw/04_CROSS_BORDER_REFERENCE/07_CAPACITY_DIRECTION_2_CHE_SELECTED_A.png:Zone.Identifier | data/lseg/raw/04_CROSS_BORDER_REFERENCE/08_CAPACITY_DIRECTION_2_CHE_SELECTED_B.png:Zone.Identifier | data/lseg/raw/04_CROSS_BORDER_REFERENCE/09_CAPACITY_DIRECTION_2_CHE_SELECTED_C.png:Zone.Identifier | data/lseg/raw/04_CROSS_BORDER_REFERENCE/10_SCHEDULED_EXCHANGE_NET_IMPORT_GRAPH.png:Zone.Identifier | data/lseg/raw/04_CROSS_BORDER_REFERENCE/11_SCHEDULED_EXCHANGE_CHE_SELECTED.png:Zone.Identifier | data/lseg/raw/04_CROSS_BORDER_REFERENCE/FLOWS_GRAPH_REPORT.pdf:Zone.Identifier | data/lseg/raw/05_LSEG_REFERENCE_PDFS/DEMAND_CONSUMPTION_OVERVIEW.pdf:Zone.Identifier | data/lseg/raw/90_INTERMEDIATE/LSEG_PRICE_DEMAND/FR_15M_RAW.xls.xlsx:Zone.Identifier | data/lseg/raw/90_INTERMEDIATE/LSEG_PRICE_DEMAND/FR_DA_RAW.xlsx:Zone.Identifier | data/lseg/raw/90_INTERMEDIATE/LSEG_PRICE_DEMAND/IT_DA_RAW(1).xlsx:Zone.Identifier | data/lseg/raw/90_INTERMEDIATE/LSEG_PRICE_DEMAND/IT_DA_RAW(2).xlsx:Zone.Identifier | data/lseg/raw/90_INTERMEDIATE/LSEG_PRICE_DEMAND/IT_DA_RAW(3).xlsx:Zone.Identifier | data/lseg/raw/90_INTERMEDIATE/LSEG_PRICE_DEMAND/IT_DA_RAW.xlsx:Zone.Identifier | data/lseg/raw/90_INTERMEDIATE/LSEG_PRICE_DEMAND/IT_DEMAND_15M_ALL_ZONES_TEMPLATE.xlsx:Zone.Identifier | data/lseg/raw/90_INTERMEDIATE/LSEG_PRICE_DEMAND/IT_DEMAND_15M_NORTH.xlsx:Zone.Identifier | data/lseg/raw/90_INTERMEDIATE/LSEG_PRICE_DEMAND/Mappe1(1).xlsx:Zone.Identifier | data/lseg/raw/90_INTERMEDIATE/LSEG_PRICE_DEMAND/Mappe1(2).xlsx:Zone.Identifier | data/lseg/raw/90_INTERMEDIATE/LSEG_PRICE_DEMAND/Mappe1(3).xlsx:Zone.Identifier | data/lseg/raw/90_INTERMEDIATE/LSEG_PRICE_DEMAND/Mappe1(4).xlsx:Zone.Identifier | data/lseg/raw/90_INTERMEDIATE/LSEG_PRICE_DEMAND/Mappe1(5).xlsx:Zone.Identifier | data/lseg/raw/90_INTERMEDIATE/SCREENSHOTS/0a528483-087b-4a33-a2f3-ecdd62770a3a.png:Zone.Identifier | data/lseg/raw/90_INTERMEDIATE/SCREENSHOTS/1609bf25-22b3-4c50-817b-fa945dba6bfe.png:Zone.Identifier | data/lseg/raw/90_INTERMEDIATE/SCREENSHOTS/1d02b907-f21b-48aa-bff6-9bb501bffd31.png:Zone.Identifier | data/lseg/raw/90_INTERMEDIATE/SCREENSHOTS/2bf92681-8086-451b-ad79-2cf2aaa286bf.png:Zone.Identifier | data/lseg/raw/90_INTERMEDIATE/SCREENSHOTS/5048f972-71a5-4bbb-9ebf-495783170275.png:Zone.Identifier | data/lseg/raw/90_INTERMEDIATE/SCREENSHOTS/57688dd7-cfad-46f7-9d61-7173a480ab24.png:Zone.Identifier | data/lseg/raw/90_INTERMEDIATE/SCREENSHOTS/6a48aa3a-47d9-431b-a8d4-4b421a82f395.png:Zone.Identifier | data/lseg/raw/90_INTERMEDIATE/SCREENSHOTS/6b0bf7a6-4724-4c1c-98c7-10c623883a8b.png:Zone.Identifier | data/lseg/raw/90_INTERMEDIATE/SCREENSHOTS/7cdf8489-62e1-4566-9c92-ddde781dfc41.png:Zone.Identifier | data/lseg/raw/90_INTERMEDIATE/SCREENSHOTS/839b9904-b506-4600-a582-19546fc0d0dc.png:Zone.Identifier | data/lseg/raw/90_INTERMEDIATE/SCREENSHOTS/87b02fce-0b58-4ead-b793-267dd464b8ec.png:Zone.Identifier | data/lseg/raw/90_INTERMEDIATE/SCREENSHOTS/917dfe63-9fd2-4e78-89c4-b98dcf9f033f.png:Zone.Identifier | data/lseg/raw/90_INTERMEDIATE/SCREENSHOTS/990167dc-a3d5-4b22-acec-131b4e0f87c9.png:Zone.Identifier | data/lseg/raw/90_INTERMEDIATE/SCREENSHOTS/af6db8b3-1471-4a8e-9879-1e782574016e.png:Zone.Identifier | data/lseg/raw/90_INTERMEDIATE/SCREENSHOTS/b94c25b1-cacf-496f-802b-f74a6ec3c376.png:Zone.Identifier | data/lseg/raw/90_INTERMEDIATE/SCREENSHOTS/bc276a5b-6ae8-473b-abe3-2d17e33bcdd3.png:Zone.Identifier | data/lseg/raw/90_INTERMEDIATE/SCREENSHOTS/chart_100049390.embedded.png:Zone.Identifier | data/lseg/raw/90_INTERMEDIATE/SCREENSHOTS/chart_100127248.embedded.png:Zone.Identifier | data/lseg/raw/90_INTERMEDIATE/SCREENSHOTS/crop_che.png:Zone.Identifier | data/lseg/raw/90_INTERMEDIATE/SCREENSHOTS/de1ee218-60dc-4b11-b243-1f352c398785.png:Zone.Identifier | data/lseg/raw/99_UNCLASSIFIED_RETAINED/LSEG_DISCOVERY_RAW_NOTES.txt:Zone.Identifier | data/lseg/raw/99_UNCLASSIFIED_RETAINED/table_100016453.xls:Zone.Identifier | data/lseg/raw/CH_DA_RAW.xlsx:Zone.Identifier | data/lseg/raw/DE_DA_RAW.xlsx:Zone.Identifier | data/lseg/raw/EDF_NUCLEAR_OUTAGE_REVISIONS_PIT.csv:Zone.Identifier | data/lseg/raw/EDF_NUCLEAR_PIT_DAILY_2021_2026.csv:Zone.Identifier | data/lseg/raw/FR_15M_RAW.xlsx:Zone.Identifier | data/lseg/raw/FR_DA_RAW_COMBINED.xlsx:Zone.Identifier | data/lseg/raw/Historique des indispo des moyens de production - depuis 2015 - 07092026-full.csv:Zone.Identifier | data/lseg/raw/IT_DA_RAW (1).xlsx:Zone.Identifier | data/lseg/raw/IT_DA_RAW.xlsx:Zone.Identifier | data/lseg/raw/IT_DEMAND_15M_ALL_ZONES_TEMPLATE.xlsx:Zone.Identifier | data/lseg/raw/IT_DEMAND_15M_NORTH.xlsx:Zone.Identifier | data/lseg/raw/IT_DEMAND_HOURLY.xlsx:Zone.Identifier | data/lseg/raw/publications-transparence-et-remit-liste-des-messages-edf-sa.csv:Zone.Identifier,Windows download-origin sidecar; excluded from data analysis.
data/lseg/raw/90_INTERMEDIATE/LSEG_PRICE_DEMAND/IT_DA_RAW(1).xlsx,IT_DA_RAW(1).xlsx,xlsx,dataset,prices/day-ahead,day-ahead power prices,IT,Timestamp; TRDPRC_1 (RIC-specific repeated field),EUR/MWh likely for price workbooks; MW likely for demand workbooks; units not explicitly declared,Timestamp,"('2025-10-01 00:00:00', '2026-09-08 00:00:00')",not established from filename,observed/market value series; forecast status not encoded,Not present,Timestamp is delivery/observation time; no issue time,Not present in workbook layout,261650,0/33369 blank data cells in profiled tabular sheets,PIT_RECONSTRUCTABLE,No corresponding model-ready family in Databricks inventory,,,Price units likely EUR/MWh from series context; workbook does not declare units.
data/lseg/raw/90_INTERMEDIATE/LSEG_PRICE_DEMAND/IT_DA_RAW(1).xlsx:Zone.Identifier,IT_DA_RAW(1).xlsx:Zone.Identifier,identifier,metadata_sidecar,ancillary file metadata,Zone.Identifier,UNKNOWN,Not applicable/non-tabular or not safely extractable,Not applicable or not declared,Not safely extractable,Not determined from file metadata,Not determined,Not determinable,Not safely extractable,Not safely extractable,Not safely extractable,25,Not applicable/non-tabular,UNKNOWN,None,,data/lseg/raw/00_START_HERE/ANONYMOUS_XLS_MAPPING.md:Zone.Identifier | data/lseg/raw/00_START_HERE/DATA_CATALOG.csv:Zone.Identifier | data/lseg/raw/00_START_HERE/EXTRACTION_STATUS_AND_GAPS.md:Zone.Identifier | data/lseg/raw/00_START_HERE/LICENSE_NOTES.md:Zone.Identifier | data/lseg/raw/00_START_HERE/MANIFEST_SHA256.csv:Zone.Identifier | data/lseg/raw/00_START_HERE/MISSING_CH_DE_RECOVERY.md:Zone.Identifier | data/lseg/raw/00_START_HERE/MISSING_CH_DE_RICS.csv:Zone.Identifier | data/lseg/raw/00_START_HERE/PROJECT_OBJECTIVE.txt:Zone.Identifier | data/lseg/raw/00_START_HERE/README_FIRST.md:Zone.Identifier | data/lseg/raw/00_START_HERE/RIC_FAMILIES.csv:Zone.Identifier | data/lseg/raw/01_CORE_HISTORICAL/FR_NUCLEAR_PIT/EDF_NUCLEAR_OUTAGE_REVISIONS_PIT.csv:Zone.Identifier | data/lseg/raw/01_CORE_HISTORICAL/FR_NUCLEAR_PIT/EDF_NUCLEAR_PIT_DAILY_2021_2026.csv:Zone.Identifier | data/lseg/raw/01_CORE_HISTORICAL/FR_NUCLEAR_PIT/EDF_NUCLEAR_PIT_SUMMARY.txt:Zone.Identifier | data/lseg/raw/01_CORE_HISTORICAL/LSEG_DEMAND/IT_DEMAND_15M_ALL_7_ZONES_2025_2026.xlsx:Zone.Identifier | data/lseg/raw/01_CORE_HISTORICAL/LSEG_DEMAND/IT_DEMAND_HOURLY_2021_2025.xlsx:Zone.Identifier | data/lseg/raw/01_CORE_HISTORICAL/LSEG_PRICES/FR_DAY_AHEAD_HOURLY_AND_15M.xlsx:Zone.Identifier | data/lseg/raw/01_CORE_HISTORICAL/LSEG_PRICES/IT_DAY_AHEAD_HOURLY_AND_15M.xlsx:Zone.Identifier | data/lseg/raw/02_SOURCE_RAW/FR_NUCLEAR/EDF_OUTAGE_HISTORY_RAW.csv:Zone.Identifier | data/lseg/raw/02_SOURCE_RAW/FR_NUCLEAR/EDF_TRANSPARENCY_REMIT_MESSAGES_RAW.csv:Zone.Identifier | data/lseg/raw/03_CURRENT_RECENT_LSEG/COST_CURVES/cost_curves_2026910_21432.xlsx:Zone.Identifier | data/lseg/raw/03_CURRENT_RECENT_LSEG/COST_CURVES/cost_curves_2026910_21543.xlsx:Zone.Identifier | data/lseg/raw/03_CURRENT_RECENT_LSEG/COST_CURVES/cost_curves_2026910_2164.xlsx:Zone.Identifier | data/lseg/raw/03_CURRENT_RECENT_LSEG/RESIDUAL_LOAD/CWE_RESIDUAL_LOAD_REPORT.pdf:Zone.Identifier | data/lseg/raw/03_CURRENT_RECENT_LSEG/RESIDUAL_LOAD/DE_RESIDUAL_LOAD_CURRENT_RECENT.xls:Zone.Identifier | data/lseg/raw/03_CURRENT_RECENT_LSEG/RESIDUAL_LOAD/DE_RESIDUAL_LOAD_REPORT.pdf:Zone.Identifier | data/lseg/raw/03_CURRENT_RECENT_LSEG/RESIDUAL_LOAD/FR_IT_RESIDUAL_LOAD_EXPORT_A.xls:Zone.Identifier | data/lseg/raw/03_CURRENT_RECENT_LSEG/RESIDUAL_LOAD/FR_IT_RESIDUAL_LOAD_EXPORT_B.xls:Zone.Identifier | data/lseg/raw/03_CURRENT_RECENT_LSEG/SUPPLY_WIND_SOLAR/GB_EMBEDDED_SOLAR_REPORT.pdf:Zone.Identifier | data/lseg/raw/03_CURRENT_RECENT_LSEG/SUPPLY_WIND_SOLAR/GB_EMBEDDED_WIND_REPORT.pdf:Zone.Identifier | data/lseg/raw/03_CURRENT_RECENT_LSEG/SUPPLY_WIND_SOLAR/SUPPLY_WIND_REPORT.pdf:Zone.Identifier | data/lseg/raw/03_CURRENT_RECENT_LSEG/WEATHER/CLOUD_COVER_CH.xls:Zone.Identifier | data/lseg/raw/03_CURRENT_RECENT_LSEG/WEATHER/CLOUD_COVER_REPORT.pdf:Zone.Identifier | data/lseg/raw/03_CURRENT_RECENT_LSEG/WEATHER/ECMWF_CLUSTER_REPORT.pdf:Zone.Identifier | data/lseg/raw/03_CURRENT_RECENT_LSEG/WEATHER/NAO_AO_REPORT.pdf:Zone.Identifier | data/lseg/raw/03_CURRENT_RECENT_LSEG/WEATHER/PRECIPITATION_ALP_AREA_REPORT.pdf:Zone.Identifier | data/lseg/raw/03_CURRENT_RECENT_LSEG/WEATHER/PRECIPITATION_CH_EFFECTIVE.xls:Zone.Identifier | data/lseg/raw/03_CURRENT_RECENT_LSEG/WEATHER/TEMPERATURE_DE_FR_AT_CH_TABLE.xls:Zone.Identifier | data/lseg/raw/03_CURRENT_RECENT_LSEG/WEATHER/TEMPERATURE_IT_CHART.xls:Zone.Identifier | data/lseg/raw/03_CURRENT_RECENT_LSEG/WEATHER/TEMPERATURE_REPORT.pdf:Zone.Identifier | data/lseg/raw/04_CROSS_BORDER_REFERENCE/01_PRICE_FLOW_GRAPH_CHE_VISIBLE.png:Zone.Identifier | data/lseg/raw/04_CROSS_BORDER_REFERENCE/02_DEU_SELECTED_CONNECTIONS.png:Zone.Identifier | data/lseg/raw/04_CROSS_BORDER_REFERENCE/03_NET_IMPORT_GRAPH.png:Zone.Identifier | data/lseg/raw/04_CROSS_BORDER_REFERENCE/04_NET_IMPORT_CHE_SELECTED_00.png:Zone.Identifier | data/lseg/raw/04_CROSS_BORDER_REFERENCE/05_NET_IMPORT_CHE_SELECTED_12.png:Zone.Identifier | data/lseg/raw/04_CROSS_BORDER_REFERENCE/06_CAPACITY_DIRECTION_1_CHE_SELECTED.png:Zone.Identifier | data/lseg/raw/04_CROSS_BORDER_REFERENCE/07_CAPACITY_DIRECTION_2_CHE_SELECTED_A.png:Zone.Identifier | data/lseg/raw/04_CROSS_BORDER_REFERENCE/08_CAPACITY_DIRECTION_2_CHE_SELECTED_B.png:Zone.Identifier | data/lseg/raw/04_CROSS_BORDER_REFERENCE/09_CAPACITY_DIRECTION_2_CHE_SELECTED_C.png:Zone.Identifier | data/lseg/raw/04_CROSS_BORDER_REFERENCE/10_SCHEDULED_EXCHANGE_NET_IMPORT_GRAPH.png:Zone.Identifier | data/lseg/raw/04_CROSS_BORDER_REFERENCE/11_SCHEDULED_EXCHANGE_CHE_SELECTED.png:Zone.Identifier | data/lseg/raw/04_CROSS_BORDER_REFERENCE/FLOWS_GRAPH_REPORT.pdf:Zone.Identifier | data/lseg/raw/05_LSEG_REFERENCE_PDFS/DEMAND_CONSUMPTION_OVERVIEW.pdf:Zone.Identifier | data/lseg/raw/90_INTERMEDIATE/LSEG_PRICE_DEMAND/FR_15M_RAW.xls.xlsx:Zone.Identifier | data/lseg/raw/90_INTERMEDIATE/LSEG_PRICE_DEMAND/FR_DA_RAW.xlsx:Zone.Identifier | data/lseg/raw/90_INTERMEDIATE/LSEG_PRICE_DEMAND/IT_DA_RAW(1).xlsx:Zone.Identifier | data/lseg/raw/90_INTERMEDIATE/LSEG_PRICE_DEMAND/IT_DA_RAW(2).xlsx:Zone.Identifier | data/lseg/raw/90_INTERMEDIATE/LSEG_PRICE_DEMAND/IT_DA_RAW(3).xlsx:Zone.Identifier | data/lseg/raw/90_INTERMEDIATE/LSEG_PRICE_DEMAND/IT_DA_RAW.xlsx:Zone.Identifier | data/lseg/raw/90_INTERMEDIATE/LSEG_PRICE_DEMAND/IT_DEMAND_15M_ALL_ZONES_TEMPLATE.xlsx:Zone.Identifier | data/lseg/raw/90_INTERMEDIATE/LSEG_PRICE_DEMAND/IT_DEMAND_15M_NORTH.xlsx:Zone.Identifier | data/lseg/raw/90_INTERMEDIATE/LSEG_PRICE_DEMAND/Mappe1(1).xlsx:Zone.Identifier | data/lseg/raw/90_INTERMEDIATE/LSEG_PRICE_DEMAND/Mappe1(2).xlsx:Zone.Identifier | data/lseg/raw/90_INTERMEDIATE/LSEG_PRICE_DEMAND/Mappe1(3).xlsx:Zone.Identifier | data/lseg/raw/90_INTERMEDIATE/LSEG_PRICE_DEMAND/Mappe1(4).xlsx:Zone.Identifier | data/lseg/raw/90_INTERMEDIATE/LSEG_PRICE_DEMAND/Mappe1(5).xlsx:Zone.Identifier | data/lseg/raw/90_INTERMEDIATE/SCREENSHOTS/0a528483-087b-4a33-a2f3-ecdd62770a3a.png:Zone.Identifier | data/lseg/raw/90_INTERMEDIATE/SCREENSHOTS/1609bf25-22b3-4c50-817b-fa945dba6bfe.png:Zone.Identifier | data/lseg/raw/90_INTERMEDIATE/SCREENSHOTS/1d02b907-f21b-48aa-bff6-9bb501bffd31.png:Zone.Identifier | data/lseg/raw/90_INTERMEDIATE/SCREENSHOTS/2bf92681-8086-451b-ad79-2cf2aaa286bf.png:Zone.Identifier | data/lseg/raw/90_INTERMEDIATE/SCREENSHOTS/5048f972-71a5-4bbb-9ebf-495783170275.png:Zone.Identifier | data/lseg/raw/90_INTERMEDIATE/SCREENSHOTS/57688dd7-cfad-46f7-9d61-7173a480ab24.png:Zone.Identifier | data/lseg/raw/90_INTERMEDIATE/SCREENSHOTS/6a48aa3a-47d9-431b-a8d4-4b421a82f395.png:Zone.Identifier | data/lseg/raw/90_INTERMEDIATE/SCREENSHOTS/6b0bf7a6-4724-4c1c-98c7-10c623883a8b.png:Zone.Identifier | data/lseg/raw/90_INTERMEDIATE/SCREENSHOTS/7cdf8489-62e1-4566-9c92-ddde781dfc41.png:Zone.Identifier | data/lseg/raw/90_INTERMEDIATE/SCREENSHOTS/839b9904-b506-4600-a582-19546fc0d0dc.png:Zone.Identifier | data/lseg/raw/90_INTERMEDIATE/SCREENSHOTS/87b02fce-0b58-4ead-b793-267dd464b8ec.png:Zone.Identifier | data/lseg/raw/90_INTERMEDIATE/SCREENSHOTS/917dfe63-9fd2-4e78-89c4-b98dcf9f033f.png:Zone.Identifier | data/lseg/raw/90_INTERMEDIATE/SCREENSHOTS/990167dc-a3d5-4b22-acec-131b4e0f87c9.png:Zone.Identifier | data/lseg/raw/90_INTERMEDIATE/SCREENSHOTS/af6db8b3-1471-4a8e-9879-1e782574016e.png:Zone.Identifier | data/lseg/raw/90_INTERMEDIATE/SCREENSHOTS/b94c25b1-cacf-496f-802b-f74a6ec3c376.png:Zone.Identifier | data/lseg/raw/90_INTERMEDIATE/SCREENSHOTS/bc276a5b-6ae8-473b-abe3-2d17e33bcdd3.png:Zone.Identifier | data/lseg/raw/90_INTERMEDIATE/SCREENSHOTS/chart_100049390.embedded.png:Zone.Identifier | data/lseg/raw/90_INTERMEDIATE/SCREENSHOTS/chart_100127248.embedded.png:Zone.Identifier | data/lseg/raw/90_INTERMEDIATE/SCREENSHOTS/crop_che.png:Zone.Identifier | data/lseg/raw/90_INTERMEDIATE/SCREENSHOTS/de1ee218-60dc-4b11-b243-1f352c398785.png:Zone.Identifier | data/lseg/raw/99_UNCLASSIFIED_RETAINED/LSEG_DISCOVERY_RAW_NOTES.txt:Zone.Identifier | data/lseg/raw/99_UNCLASSIFIED_RETAINED/table_100016453.xls:Zone.Identifier | data/lseg/raw/CH_DA_RAW.xlsx:Zone.Identifier | data/lseg/raw/DE_DA_RAW.xlsx:Zone.Identifier | data/lseg/raw/EDF_NUCLEAR_OUTAGE_REVISIONS_PIT.csv:Zone.Identifier | data/lseg/raw/EDF_NUCLEAR_PIT_DAILY_2021_2026.csv:Zone.Identifier | data/lseg/raw/FR_15M_RAW.xlsx:Zone.Identifier | data/lseg/raw/FR_DA_RAW_COMBINED.xlsx:Zone.Identifier | data/lseg/raw/Historique des indispo des moyens de production - depuis 2015 - 07092026-full.csv:Zone.Identifier | data/lseg/raw/IT_DA_RAW (1).xlsx:Zone.Identifier | data/lseg/raw/IT_DA_RAW.xlsx:Zone.Identifier | data/lseg/raw/IT_DEMAND_15M_ALL_ZONES_TEMPLATE.xlsx:Zone.Identifier | data/lseg/raw/IT_DEMAND_15M_NORTH.xlsx:Zone.Identifier | data/lseg/raw/IT_DEMAND_HOURLY.xlsx:Zone.Identifier | data/lseg/raw/publications-transparence-et-remit-liste-des-messages-edf-sa.csv:Zone.Identifier,Windows download-origin sidecar; excluded from data analysis.
data/lseg/raw/90_INTERMEDIATE/LSEG_PRICE_DEMAND/IT_DA_RAW(2).xlsx,IT_DA_RAW(2).xlsx,xlsx,dataset,prices/day-ahead,day-ahead power prices,IT,Timestamp; TRDPRC_1 (RIC-specific repeated field),EUR/MWh likely for price workbooks; MW likely for demand workbooks; units not explicitly declared,Timestamp,"('2025-10-01 00:00:00', '2026-09-08 00:00:00')",15-minute (workbook family),observed/market value series; forecast status not encoded,Not present,Timestamp is delivery/observation time; no issue time,Not present in workbook layout,513393,0/66738 blank data cells in profiled tabular sheets,PIT_RECONSTRUCTABLE,No corresponding model-ready family in Databricks inventory,,,Price units likely EUR/MWh from series context; workbook does not declare units.
data/lseg/raw/90_INTERMEDIATE/LSEG_PRICE_DEMAND/IT_DA_RAW(2).xlsx:Zone.Identifier,IT_DA_RAW(2).xlsx:Zone.Identifier,identifier,metadata_sidecar,ancillary file metadata,Zone.Identifier,UNKNOWN,Not applicable/non-tabular or not safely extractable,Not applicable or not declared,Not safely extractable,Not determined from file metadata,Not determined,Not determinable,Not safely extractable,Not safely extractable,Not safely extractable,25,Not applicable/non-tabular,UNKNOWN,None,,data/lseg/raw/00_START_HERE/ANONYMOUS_XLS_MAPPING.md:Zone.Identifier | data/lseg/raw/00_START_HERE/DATA_CATALOG.csv:Zone.Identifier | data/lseg/raw/00_START_HERE/EXTRACTION_STATUS_AND_GAPS.md:Zone.Identifier | data/lseg/raw/00_START_HERE/LICENSE_NOTES.md:Zone.Identifier | data/lseg/raw/00_START_HERE/MANIFEST_SHA256.csv:Zone.Identifier | data/lseg/raw/00_START_HERE/MISSING_CH_DE_RECOVERY.md:Zone.Identifier | data/lseg/raw/00_START_HERE/MISSING_CH_DE_RICS.csv:Zone.Identifier | data/lseg/raw/00_START_HERE/PROJECT_OBJECTIVE.txt:Zone.Identifier | data/lseg/raw/00_START_HERE/README_FIRST.md:Zone.Identifier | data/lseg/raw/00_START_HERE/RIC_FAMILIES.csv:Zone.Identifier | data/lseg/raw/01_CORE_HISTORICAL/FR_NUCLEAR_PIT/EDF_NUCLEAR_OUTAGE_REVISIONS_PIT.csv:Zone.Identifier | data/lseg/raw/01_CORE_HISTORICAL/FR_NUCLEAR_PIT/EDF_NUCLEAR_PIT_DAILY_2021_2026.csv:Zone.Identifier | data/lseg/raw/01_CORE_HISTORICAL/FR_NUCLEAR_PIT/EDF_NUCLEAR_PIT_SUMMARY.txt:Zone.Identifier | data/lseg/raw/01_CORE_HISTORICAL/LSEG_DEMAND/IT_DEMAND_15M_ALL_7_ZONES_2025_2026.xlsx:Zone.Identifier | data/lseg/raw/01_CORE_HISTORICAL/LSEG_DEMAND/IT_DEMAND_HOURLY_2021_2025.xlsx:Zone.Identifier | data/lseg/raw/01_CORE_HISTORICAL/LSEG_PRICES/FR_DAY_AHEAD_HOURLY_AND_15M.xlsx:Zone.Identifier | data/lseg/raw/01_CORE_HISTORICAL/LSEG_PRICES/IT_DAY_AHEAD_HOURLY_AND_15M.xlsx:Zone.Identifier | data/lseg/raw/02_SOURCE_RAW/FR_NUCLEAR/EDF_OUTAGE_HISTORY_RAW.csv:Zone.Identifier | data/lseg/raw/02_SOURCE_RAW/FR_NUCLEAR/EDF_TRANSPARENCY_REMIT_MESSAGES_RAW.csv:Zone.Identifier | data/lseg/raw/03_CURRENT_RECENT_LSEG/COST_CURVES/cost_curves_2026910_21432.xlsx:Zone.Identifier | data/lseg/raw/03_CURRENT_RECENT_LSEG/COST_CURVES/cost_curves_2026910_21543.xlsx:Zone.Identifier | data/lseg/raw/03_CURRENT_RECENT_LSEG/COST_CURVES/cost_curves_2026910_2164.xlsx:Zone.Identifier | data/lseg/raw/03_CURRENT_RECENT_LSEG/RESIDUAL_LOAD/CWE_RESIDUAL_LOAD_REPORT.pdf:Zone.Identifier | data/lseg/raw/03_CURRENT_RECENT_LSEG/RESIDUAL_LOAD/DE_RESIDUAL_LOAD_CURRENT_RECENT.xls:Zone.Identifier | data/lseg/raw/03_CURRENT_RECENT_LSEG/RESIDUAL_LOAD/DE_RESIDUAL_LOAD_REPORT.pdf:Zone.Identifier | data/lseg/raw/03_CURRENT_RECENT_LSEG/RESIDUAL_LOAD/FR_IT_RESIDUAL_LOAD_EXPORT_A.xls:Zone.Identifier | data/lseg/raw/03_CURRENT_RECENT_LSEG/RESIDUAL_LOAD/FR_IT_RESIDUAL_LOAD_EXPORT_B.xls:Zone.Identifier | data/lseg/raw/03_CURRENT_RECENT_LSEG/SUPPLY_WIND_SOLAR/GB_EMBEDDED_SOLAR_REPORT.pdf:Zone.Identifier | data/lseg/raw/03_CURRENT_RECENT_LSEG/SUPPLY_WIND_SOLAR/GB_EMBEDDED_WIND_REPORT.pdf:Zone.Identifier | data/lseg/raw/03_CURRENT_RECENT_LSEG/SUPPLY_WIND_SOLAR/SUPPLY_WIND_REPORT.pdf:Zone.Identifier | data/lseg/raw/03_CURRENT_RECENT_LSEG/WEATHER/CLOUD_COVER_CH.xls:Zone.Identifier | data/lseg/raw/03_CURRENT_RECENT_LSEG/WEATHER/CLOUD_COVER_REPORT.pdf:Zone.Identifier | data/lseg/raw/03_CURRENT_RECENT_LSEG/WEATHER/ECMWF_CLUSTER_REPORT.pdf:Zone.Identifier | data/lseg/raw/03_CURRENT_RECENT_LSEG/WEATHER/NAO_AO_REPORT.pdf:Zone.Identifier | data/lseg/raw/03_CURRENT_RECENT_LSEG/WEATHER/PRECIPITATION_ALP_AREA_REPORT.pdf:Zone.Identifier | data/lseg/raw/03_CURRENT_RECENT_LSEG/WEATHER/PRECIPITATION_CH_EFFECTIVE.xls:Zone.Identifier | data/lseg/raw/03_CURRENT_RECENT_LSEG/WEATHER/TEMPERATURE_DE_FR_AT_CH_TABLE.xls:Zone.Identifier | data/lseg/raw/03_CURRENT_RECENT_LSEG/WEATHER/TEMPERATURE_IT_CHART.xls:Zone.Identifier | data/lseg/raw/03_CURRENT_RECENT_LSEG/WEATHER/TEMPERATURE_REPORT.pdf:Zone.Identifier | data/lseg/raw/04_CROSS_BORDER_REFERENCE/01_PRICE_FLOW_GRAPH_CHE_VISIBLE.png:Zone.Identifier | data/lseg/raw/04_CROSS_BORDER_REFERENCE/02_DEU_SELECTED_CONNECTIONS.png:Zone.Identifier | data/lseg/raw/04_CROSS_BORDER_REFERENCE/03_NET_IMPORT_GRAPH.png:Zone.Identifier | data/lseg/raw/04_CROSS_BORDER_REFERENCE/04_NET_IMPORT_CHE_SELECTED_00.png:Zone.Identifier | data/lseg/raw/04_CROSS_BORDER_REFERENCE/05_NET_IMPORT_CHE_SELECTED_12.png:Zone.Identifier | data/lseg/raw/04_CROSS_BORDER_REFERENCE/06_CAPACITY_DIRECTION_1_CHE_SELECTED.png:Zone.Identifier | data/lseg/raw/04_CROSS_BORDER_REFERENCE/07_CAPACITY_DIRECTION_2_CHE_SELECTED_A.png:Zone.Identifier | data/lseg/raw/04_CROSS_BORDER_REFERENCE/08_CAPACITY_DIRECTION_2_CHE_SELECTED_B.png:Zone.Identifier | data/lseg/raw/04_CROSS_BORDER_REFERENCE/09_CAPACITY_DIRECTION_2_CHE_SELECTED_C.png:Zone.Identifier | data/lseg/raw/04_CROSS_BORDER_REFERENCE/10_SCHEDULED_EXCHANGE_NET_IMPORT_GRAPH.png:Zone.Identifier | data/lseg/raw/04_CROSS_BORDER_REFERENCE/11_SCHEDULED_EXCHANGE_CHE_SELECTED.png:Zone.Identifier | data/lseg/raw/04_CROSS_BORDER_REFERENCE/FLOWS_GRAPH_REPORT.pdf:Zone.Identifier | data/lseg/raw/05_LSEG_REFERENCE_PDFS/DEMAND_CONSUMPTION_OVERVIEW.pdf:Zone.Identifier | data/lseg/raw/90_INTERMEDIATE/LSEG_PRICE_DEMAND/FR_15M_RAW.xls.xlsx:Zone.Identifier | data/lseg/raw/90_INTERMEDIATE/LSEG_PRICE_DEMAND/FR_DA_RAW.xlsx:Zone.Identifier | data/lseg/raw/90_INTERMEDIATE/LSEG_PRICE_DEMAND/IT_DA_RAW(1).xlsx:Zone.Identifier | data/lseg/raw/90_INTERMEDIATE/LSEG_PRICE_DEMAND/IT_DA_RAW(2).xlsx:Zone.Identifier | data/lseg/raw/90_INTERMEDIATE/LSEG_PRICE_DEMAND/IT_DA_RAW(3).xlsx:Zone.Identifier | data/lseg/raw/90_INTERMEDIATE/LSEG_PRICE_DEMAND/IT_DA_RAW.xlsx:Zone.Identifier | data/lseg/raw/90_INTERMEDIATE/LSEG_PRICE_DEMAND/IT_DEMAND_15M_ALL_ZONES_TEMPLATE.xlsx:Zone.Identifier | data/lseg/raw/90_INTERMEDIATE/LSEG_PRICE_DEMAND/IT_DEMAND_15M_NORTH.xlsx:Zone.Identifier | data/lseg/raw/90_INTERMEDIATE/LSEG_PRICE_DEMAND/Mappe1(1).xlsx:Zone.Identifier | data/lseg/raw/90_INTERMEDIATE/LSEG_PRICE_DEMAND/Mappe1(2).xlsx:Zone.Identifier | data/lseg/raw/90_INTERMEDIATE/LSEG_PRICE_DEMAND/Mappe1(3).xlsx:Zone.Identifier | data/lseg/raw/90_INTERMEDIATE/LSEG_PRICE_DEMAND/Mappe1(4).xlsx:Zone.Identifier | data/lseg/raw/90_INTERMEDIATE/LSEG_PRICE_DEMAND/Mappe1(5).xlsx:Zone.Identifier | data/lseg/raw/90_INTERMEDIATE/SCREENSHOTS/0a528483-087b-4a33-a2f3-ecdd62770a3a.png:Zone.Identifier | data/lseg/raw/90_INTERMEDIATE/SCREENSHOTS/1609bf25-22b3-4c50-817b-fa945dba6bfe.png:Zone.Identifier | data/lseg/raw/90_INTERMEDIATE/SCREENSHOTS/1d02b907-f21b-48aa-bff6-9bb501bffd31.png:Zone.Identifier | data/lseg/raw/90_INTERMEDIATE/SCREENSHOTS/2bf92681-8086-451b-ad79-2cf2aaa286bf.png:Zone.Identifier | data/lseg/raw/90_INTERMEDIATE/SCREENSHOTS/5048f972-71a5-4bbb-9ebf-495783170275.png:Zone.Identifier | data/lseg/raw/90_INTERMEDIATE/SCREENSHOTS/57688dd7-cfad-46f7-9d61-7173a480ab24.png:Zone.Identifier | data/lseg/raw/90_INTERMEDIATE/SCREENSHOTS/6a48aa3a-47d9-431b-a8d4-4b421a82f395.png:Zone.Identifier | data/lseg/raw/90_INTERMEDIATE/SCREENSHOTS/6b0bf7a6-4724-4c1c-98c7-10c623883a8b.png:Zone.Identifier | data/lseg/raw/90_INTERMEDIATE/SCREENSHOTS/7cdf8489-62e1-4566-9c92-ddde781dfc41.png:Zone.Identifier | data/lseg/raw/90_INTERMEDIATE/SCREENSHOTS/839b9904-b506-4600-a582-19546fc0d0dc.png:Zone.Identifier | data/lseg/raw/90_INTERMEDIATE/SCREENSHOTS/87b02fce-0b58-4ead-b793-267dd464b8ec.png:Zone.Identifier | data/lseg/raw/90_INTERMEDIATE/SCREENSHOTS/917dfe63-9fd2-4e78-89c4-b98dcf9f033f.png:Zone.Identifier | data/lseg/raw/90_INTERMEDIATE/SCREENSHOTS/990167dc-a3d5-4b22-acec-131b4e0f87c9.png:Zone.Identifier | data/lseg/raw/90_INTERMEDIATE/SCREENSHOTS/af6db8b3-1471-4a8e-9879-1e782574016e.png:Zone.Identifier | data/lseg/raw/90_INTERMEDIATE/SCREENSHOTS/b94c25b1-cacf-496f-802b-f74a6ec3c376.png:Zone.Identifier | data/lseg/raw/90_INTERMEDIATE/SCREENSHOTS/bc276a5b-6ae8-473b-abe3-2d17e33bcdd3.png:Zone.Identifier | data/lseg/raw/90_INTERMEDIATE/SCREENSHOTS/chart_100049390.embedded.png:Zone.Identifier | data/lseg/raw/90_INTERMEDIATE/SCREENSHOTS/chart_100127248.embedded.png:Zone.Identifier | data/lseg/raw/90_INTERMEDIATE/SCREENSHOTS/crop_che.png:Zone.Identifier | data/lseg/raw/90_INTERMEDIATE/SCREENSHOTS/de1ee218-60dc-4b11-b243-1f352c398785.png:Zone.Identifier | data/lseg/raw/99_UNCLASSIFIED_RETAINED/LSEG_DISCOVERY_RAW_NOTES.txt:Zone.Identifier | data/lseg/raw/99_UNCLASSIFIED_RETAINED/table_100016453.xls:Zone.Identifier | data/lseg/raw/CH_DA_RAW.xlsx:Zone.Identifier | data/lseg/raw/DE_DA_RAW.xlsx:Zone.Identifier | data/lseg/raw/EDF_NUCLEAR_OUTAGE_REVISIONS_PIT.csv:Zone.Identifier | data/lseg/raw/EDF_NUCLEAR_PIT_DAILY_2021_2026.csv:Zone.Identifier | data/lseg/raw/FR_15M_RAW.xlsx:Zone.Identifier | data/lseg/raw/FR_DA_RAW_COMBINED.xlsx:Zone.Identifier | data/lseg/raw/Historique des indispo des moyens de production - depuis 2015 - 07092026-full.csv:Zone.Identifier | data/lseg/raw/IT_DA_RAW (1).xlsx:Zone.Identifier | data/lseg/raw/IT_DA_RAW.xlsx:Zone.Identifier | data/lseg/raw/IT_DEMAND_15M_ALL_ZONES_TEMPLATE.xlsx:Zone.Identifier | data/lseg/raw/IT_DEMAND_15M_NORTH.xlsx:Zone.Identifier | data/lseg/raw/IT_DEMAND_HOURLY.xlsx:Zone.Identifier | data/lseg/raw/publications-transparence-et-remit-liste-des-messages-edf-sa.csv:Zone.Identifier,Windows download-origin sidecar; excluded from data analysis.
data/lseg/raw/90_INTERMEDIATE/LSEG_PRICE_DEMAND/IT_DA_RAW(3).xlsx,IT_DA_RAW(3).xlsx,xlsx,dataset,prices/day-ahead,day-ahead power prices,IT,Timestamp; TRDPRC_1 (RIC-specific repeated field),EUR/MWh likely for price workbooks; MW likely for demand workbooks; units not explicitly declared,Timestamp,"('2025-10-01 00:00:00', '2026-09-08 00:00:00')",15-minute (workbook family),observed/market value series; forecast status not encoded,Not present,Timestamp is delivery/observation time; no issue time,Not present in workbook layout,480532,0/66738 blank data cells in profiled tabular sheets,PIT_RECONSTRUCTABLE,No corresponding model-ready family in Databricks inventory,,data/lseg/raw/90_INTERMEDIATE/LSEG_PRICE_DEMAND/IT_DA_RAW(3).xlsx | data/lseg/raw/IT_DA_RAW.xlsx,Price units likely EUR/MWh from series context; workbook does not declare units. Exact-content duplicate of another retained path; count once for unique information.
data/lseg/raw/90_INTERMEDIATE/LSEG_PRICE_DEMAND/IT_DA_RAW(3).xlsx:Zone.Identifier,IT_DA_RAW(3).xlsx:Zone.Identifier,identifier,metadata_sidecar,ancillary file metadata,Zone.Identifier,UNKNOWN,Not applicable/non-tabular or not safely extractable,Not applicable or not declared,Not safely extractable,Not determined from file metadata,Not determined,Not determinable,Not safely extractable,Not safely extractable,Not safely extractable,25,Not applicable/non-tabular,UNKNOWN,None,,data/lseg/raw/00_START_HERE/ANONYMOUS_XLS_MAPPING.md:Zone.Identifier | data/lseg/raw/00_START_HERE/DATA_CATALOG.csv:Zone.Identifier | data/lseg/raw/00_START_HERE/EXTRACTION_STATUS_AND_GAPS.md:Zone.Identifier | data/lseg/raw/00_START_HERE/LICENSE_NOTES.md:Zone.Identifier | data/lseg/raw/00_START_HERE/MANIFEST_SHA256.csv:Zone.Identifier | data/lseg/raw/00_START_HERE/MISSING_CH_DE_RECOVERY.md:Zone.Identifier | data/lseg/raw/00_START_HERE/MISSING_CH_DE_RICS.csv:Zone.Identifier | data/lseg/raw/00_START_HERE/PROJECT_OBJECTIVE.txt:Zone.Identifier | data/lseg/raw/00_START_HERE/README_FIRST.md:Zone.Identifier | data/lseg/raw/00_START_HERE/RIC_FAMILIES.csv:Zone.Identifier | data/lseg/raw/01_CORE_HISTORICAL/FR_NUCLEAR_PIT/EDF_NUCLEAR_OUTAGE_REVISIONS_PIT.csv:Zone.Identifier | data/lseg/raw/01_CORE_HISTORICAL/FR_NUCLEAR_PIT/EDF_NUCLEAR_PIT_DAILY_2021_2026.csv:Zone.Identifier | data/lseg/raw/01_CORE_HISTORICAL/FR_NUCLEAR_PIT/EDF_NUCLEAR_PIT_SUMMARY.txt:Zone.Identifier | data/lseg/raw/01_CORE_HISTORICAL/LSEG_DEMAND/IT_DEMAND_15M_ALL_7_ZONES_2025_2026.xlsx:Zone.Identifier | data/lseg/raw/01_CORE_HISTORICAL/LSEG_DEMAND/IT_DEMAND_HOURLY_2021_2025.xlsx:Zone.Identifier | data/lseg/raw/01_CORE_HISTORICAL/LSEG_PRICES/FR_DAY_AHEAD_HOURLY_AND_15M.xlsx:Zone.Identifier | data/lseg/raw/01_CORE_HISTORICAL/LSEG_PRICES/IT_DAY_AHEAD_HOURLY_AND_15M.xlsx:Zone.Identifier | data/lseg/raw/02_SOURCE_RAW/FR_NUCLEAR/EDF_OUTAGE_HISTORY_RAW.csv:Zone.Identifier | data/lseg/raw/02_SOURCE_RAW/FR_NUCLEAR/EDF_TRANSPARENCY_REMIT_MESSAGES_RAW.csv:Zone.Identifier | data/lseg/raw/03_CURRENT_RECENT_LSEG/COST_CURVES/cost_curves_2026910_21432.xlsx:Zone.Identifier | data/lseg/raw/03_CURRENT_RECENT_LSEG/COST_CURVES/cost_curves_2026910_21543.xlsx:Zone.Identifier | data/lseg/raw/03_CURRENT_RECENT_LSEG/COST_CURVES/cost_curves_2026910_2164.xlsx:Zone.Identifier | data/lseg/raw/03_CURRENT_RECENT_LSEG/RESIDUAL_LOAD/CWE_RESIDUAL_LOAD_REPORT.pdf:Zone.Identifier | data/lseg/raw/03_CURRENT_RECENT_LSEG/RESIDUAL_LOAD/DE_RESIDUAL_LOAD_CURRENT_RECENT.xls:Zone.Identifier | data/lseg/raw/03_CURRENT_RECENT_LSEG/RESIDUAL_LOAD/DE_RESIDUAL_LOAD_REPORT.pdf:Zone.Identifier | data/lseg/raw/03_CURRENT_RECENT_LSEG/RESIDUAL_LOAD/FR_IT_RESIDUAL_LOAD_EXPORT_A.xls:Zone.Identifier | data/lseg/raw/03_CURRENT_RECENT_LSEG/RESIDUAL_LOAD/FR_IT_RESIDUAL_LOAD_EXPORT_B.xls:Zone.Identifier | data/lseg/raw/03_CURRENT_RECENT_LSEG/SUPPLY_WIND_SOLAR/GB_EMBEDDED_SOLAR_REPORT.pdf:Zone.Identifier | data/lseg/raw/03_CURRENT_RECENT_LSEG/SUPPLY_WIND_SOLAR/GB_EMBEDDED_WIND_REPORT.pdf:Zone.Identifier | data/lseg/raw/03_CURRENT_RECENT_LSEG/SUPPLY_WIND_SOLAR/SUPPLY_WIND_REPORT.pdf:Zone.Identifier | data/lseg/raw/03_CURRENT_RECENT_LSEG/WEATHER/CLOUD_COVER_CH.xls:Zone.Identifier | data/lseg/raw/03_CURRENT_RECENT_LSEG/WEATHER/CLOUD_COVER_REPORT.pdf:Zone.Identifier | data/lseg/raw/03_CURRENT_RECENT_LSEG/WEATHER/ECMWF_CLUSTER_REPORT.pdf:Zone.Identifier | data/lseg/raw/03_CURRENT_RECENT_LSEG/WEATHER/NAO_AO_REPORT.pdf:Zone.Identifier | data/lseg/raw/03_CURRENT_RECENT_LSEG/WEATHER/PRECIPITATION_ALP_AREA_REPORT.pdf:Zone.Identifier | data/lseg/raw/03_CURRENT_RECENT_LSEG/WEATHER/PRECIPITATION_CH_EFFECTIVE.xls:Zone.Identifier | data/lseg/raw/03_CURRENT_RECENT_LSEG/WEATHER/TEMPERATURE_DE_FR_AT_CH_TABLE.xls:Zone.Identifier | data/lseg/raw/03_CURRENT_RECENT_LSEG/WEATHER/TEMPERATURE_IT_CHART.xls:Zone.Identifier | data/lseg/raw/03_CURRENT_RECENT_LSEG/WEATHER/TEMPERATURE_REPORT.pdf:Zone.Identifier | data/lseg/raw/04_CROSS_BORDER_REFERENCE/01_PRICE_FLOW_GRAPH_CHE_VISIBLE.png:Zone.Identifier | data/lseg/raw/04_CROSS_BORDER_REFERENCE/02_DEU_SELECTED_CONNECTIONS.png:Zone.Identifier | data/lseg/raw/04_CROSS_BORDER_REFERENCE/03_NET_IMPORT_GRAPH.png:Zone.Identifier | data/lseg/raw/04_CROSS_BORDER_REFERENCE/04_NET_IMPORT_CHE_SELECTED_00.png:Zone.Identifier | data/lseg/raw/04_CROSS_BORDER_REFERENCE/05_NET_IMPORT_CHE_SELECTED_12.png:Zone.Identifier | data/lseg/raw/04_CROSS_BORDER_REFERENCE/06_CAPACITY_DIRECTION_1_CHE_SELECTED.png:Zone.Identifier | data/lseg/raw/04_CROSS_BORDER_REFERENCE/07_CAPACITY_DIRECTION_2_CHE_SELECTED_A.png:Zone.Identifier | data/lseg/raw/04_CROSS_BORDER_REFERENCE/08_CAPACITY_DIRECTION_2_CHE_SELECTED_B.png:Zone.Identifier | data/lseg/raw/04_CROSS_BORDER_REFERENCE/09_CAPACITY_DIRECTION_2_CHE_SELECTED_C.png:Zone.Identifier | data/lseg/raw/04_CROSS_BORDER_REFERENCE/10_SCHEDULED_EXCHANGE_NET_IMPORT_GRAPH.png:Zone.Identifier | data/lseg/raw/04_CROSS_BORDER_REFERENCE/11_SCHEDULED_EXCHANGE_CHE_SELECTED.png:Zone.Identifier | data/lseg/raw/04_CROSS_BORDER_REFERENCE/FLOWS_GRAPH_REPORT.pdf:Zone.Identifier | data/lseg/raw/05_LSEG_REFERENCE_PDFS/DEMAND_CONSUMPTION_OVERVIEW.pdf:Zone.Identifier | data/lseg/raw/90_INTERMEDIATE/LSEG_PRICE_DEMAND/FR_15M_RAW.xls.xlsx:Zone.Identifier | data/lseg/raw/90_INTERMEDIATE/LSEG_PRICE_DEMAND/FR_DA_RAW.xlsx:Zone.Identifier | data/lseg/raw/90_INTERMEDIATE/LSEG_PRICE_DEMAND/IT_DA_RAW(1).xlsx:Zone.Identifier | data/lseg/raw/90_INTERMEDIATE/LSEG_PRICE_DEMAND/IT_DA_RAW(2).xlsx:Zone.Identifier | data/lseg/raw/90_INTERMEDIATE/LSEG_PRICE_DEMAND/IT_DA_RAW(3).xlsx:Zone.Identifier | data/lseg/raw/90_INTERMEDIATE/LSEG_PRICE_DEMAND/IT_DA_RAW.xlsx:Zone.Identifier | data/lseg/raw/90_INTERMEDIATE/LSEG_PRICE_DEMAND/IT_DEMAND_15M_ALL_ZONES_TEMPLATE.xlsx:Zone.Identifier | data/lseg/raw/90_INTERMEDIATE/LSEG_PRICE_DEMAND/IT_DEMAND_15M_NORTH.xlsx:Zone.Identifier | data/lseg/raw/90_INTERMEDIATE/LSEG_PRICE_DEMAND/Mappe1(1).xlsx:Zone.Identifier | data/lseg/raw/90_INTERMEDIATE/LSEG_PRICE_DEMAND/Mappe1(2).xlsx:Zone.Identifier | data/lseg/raw/90_INTERMEDIATE/LSEG_PRICE_DEMAND/Mappe1(3).xlsx:Zone.Identifier | data/lseg/raw/90_INTERMEDIATE/LSEG_PRICE_DEMAND/Mappe1(4).xlsx:Zone.Identifier | data/lseg/raw/90_INTERMEDIATE/LSEG_PRICE_DEMAND/Mappe1(5).xlsx:Zone.Identifier | data/lseg/raw/90_INTERMEDIATE/SCREENSHOTS/0a528483-087b-4a33-a2f3-ecdd62770a3a.png:Zone.Identifier | data/lseg/raw/90_INTERMEDIATE/SCREENSHOTS/1609bf25-22b3-4c50-817b-fa945dba6bfe.png:Zone.Identifier | data/lseg/raw/90_INTERMEDIATE/SCREENSHOTS/1d02b907-f21b-48aa-bff6-9bb501bffd31.png:Zone.Identifier | data/lseg/raw/90_INTERMEDIATE/SCREENSHOTS/2bf92681-8086-451b-ad79-2cf2aaa286bf.png:Zone.Identifier | data/lseg/raw/90_INTERMEDIATE/SCREENSHOTS/5048f972-71a5-4bbb-9ebf-495783170275.png:Zone.Identifier | data/lseg/raw/90_INTERMEDIATE/SCREENSHOTS/57688dd7-cfad-46f7-9d61-7173a480ab24.png:Zone.Identifier | data/lseg/raw/90_INTERMEDIATE/SCREENSHOTS/6a48aa3a-47d9-431b-a8d4-4b421a82f395.png:Zone.Identifier | data/lseg/raw/90_INTERMEDIATE/SCREENSHOTS/6b0bf7a6-4724-4c1c-98c7-10c623883a8b.png:Zone.Identifier | data/lseg/raw/90_INTERMEDIATE/SCREENSHOTS/7cdf8489-62e1-4566-9c92-ddde781dfc41.png:Zone.Identifier | data/lseg/raw/90_INTERMEDIATE/SCREENSHOTS/839b9904-b506-4600-a582-19546fc0d0dc.png:Zone.Identifier | data/lseg/raw/90_INTERMEDIATE/SCREENSHOTS/87b02fce-0b58-4ead-b793-267dd464b8ec.png:Zone.Identifier | data/lseg/raw/90_INTERMEDIATE/SCREENSHOTS/917dfe63-9fd2-4e78-89c4-b98dcf9f033f.png:Zone.Identifier | data/lseg/raw/90_INTERMEDIATE/SCREENSHOTS/990167dc-a3d5-4b22-acec-131b4e0f87c9.png:Zone.Identifier | data/lseg/raw/90_INTERMEDIATE/SCREENSHOTS/af6db8b3-1471-4a8e-9879-1e782574016e.png:Zone.Identifier | data/lseg/raw/90_INTERMEDIATE/SCREENSHOTS/b94c25b1-cacf-496f-802b-f74a6ec3c376.png:Zone.Identifier | data/lseg/raw/90_INTERMEDIATE/SCREENSHOTS/bc276a5b-6ae8-473b-abe3-2d17e33bcdd3.png:Zone.Identifier | data/lseg/raw/90_INTERMEDIATE/SCREENSHOTS/chart_100049390.embedded.png:Zone.Identifier | data/lseg/raw/90_INTERMEDIATE/SCREENSHOTS/chart_100127248.embedded.png:Zone.Identifier | data/lseg/raw/90_INTERMEDIATE/SCREENSHOTS/crop_che.png:Zone.Identifier | data/lseg/raw/90_INTERMEDIATE/SCREENSHOTS/de1ee218-60dc-4b11-b243-1f352c398785.png:Zone.Identifier | data/lseg/raw/99_UNCLASSIFIED_RETAINED/LSEG_DISCOVERY_RAW_NOTES.txt:Zone.Identifier | data/lseg/raw/99_UNCLASSIFIED_RETAINED/table_100016453.xls:Zone.Identifier | data/lseg/raw/CH_DA_RAW.xlsx:Zone.Identifier | data/lseg/raw/DE_DA_RAW.xlsx:Zone.Identifier | data/lseg/raw/EDF_NUCLEAR_OUTAGE_REVISIONS_PIT.csv:Zone.Identifier | data/lseg/raw/EDF_NUCLEAR_PIT_DAILY_2021_2026.csv:Zone.Identifier | data/lseg/raw/FR_15M_RAW.xlsx:Zone.Identifier | data/lseg/raw/FR_DA_RAW_COMBINED.xlsx:Zone.Identifier | data/lseg/raw/Historique des indispo des moyens de production - depuis 2015 - 07092026-full.csv:Zone.Identifier | data/lseg/raw/IT_DA_RAW (1).xlsx:Zone.Identifier | data/lseg/raw/IT_DA_RAW.xlsx:Zone.Identifier | data/lseg/raw/IT_DEMAND_15M_ALL_ZONES_TEMPLATE.xlsx:Zone.Identifier | data/lseg/raw/IT_DEMAND_15M_NORTH.xlsx:Zone.Identifier | data/lseg/raw/IT_DEMAND_HOURLY.xlsx:Zone.Identifier | data/lseg/raw/publications-transparence-et-remit-liste-des-messages-edf-sa.csv:Zone.Identifier,Windows download-origin sidecar; excluded from data analysis.
data/lseg/raw/90_INTERMEDIATE/LSEG_PRICE_DEMAND/IT_DA_RAW.xlsx,IT_DA_RAW.xlsx,xlsx,dataset,prices/day-ahead,day-ahead power prices,IT,Timestamp; TRDPRC_1 (RIC-specific repeated field),EUR/MWh likely for price workbooks; MW likely for demand workbooks; units not explicitly declared,Timestamp,"('2021-01-01 00:00:00', '2025-09-29 00:00:00')",not established from filename,observed/market value series; forecast status not encoded,Not present,Timestamp is delivery/observation time; no issue time,Not present in workbook layout,623275,0/84962 blank data cells in profiled tabular sheets,PIT_RECONSTRUCTABLE,No corresponding model-ready family in Databricks inventory,,data/lseg/raw/90_INTERMEDIATE/LSEG_PRICE_DEMAND/IT_DA_RAW.xlsx | data/lseg/raw/IT_DA_RAW (1).xlsx,Price units likely EUR/MWh from series context; workbook does not declare units. Exact-content duplicate of another retained path; count once for unique information.
data/lseg/raw/90_INTERMEDIATE/LSEG_PRICE_DEMAND/IT_DA_RAW.xlsx:Zone.Identifier,IT_DA_RAW.xlsx:Zone.Identifier,identifier,metadata_sidecar,ancillary file metadata,Zone.Identifier,UNKNOWN,Not applicable/non-tabular or not safely extractable,Not applicable or not declared,Not safely extractable,Not determined from file metadata,Not determined,Not determinable,Not safely extractable,Not safely extractable,Not safely extractable,25,Not applicable/non-tabular,UNKNOWN,None,,data/lseg/raw/00_START_HERE/ANONYMOUS_XLS_MAPPING.md:Zone.Identifier | data/lseg/raw/00_START_HERE/DATA_CATALOG.csv:Zone.Identifier | data/lseg/raw/00_START_HERE/EXTRACTION_STATUS_AND_GAPS.md:Zone.Identifier | data/lseg/raw/00_START_HERE/LICENSE_NOTES.md:Zone.Identifier | data/lseg/raw/00_START_HERE/MANIFEST_SHA256.csv:Zone.Identifier | data/lseg/raw/00_START_HERE/MISSING_CH_DE_RECOVERY.md:Zone.Identifier | data/lseg/raw/00_START_HERE/MISSING_CH_DE_RICS.csv:Zone.Identifier | data/lseg/raw/00_START_HERE/PROJECT_OBJECTIVE.txt:Zone.Identifier | data/lseg/raw/00_START_HERE/README_FIRST.md:Zone.Identifier | data/lseg/raw/00_START_HERE/RIC_FAMILIES.csv:Zone.Identifier | data/lseg/raw/01_CORE_HISTORICAL/FR_NUCLEAR_PIT/EDF_NUCLEAR_OUTAGE_REVISIONS_PIT.csv:Zone.Identifier | data/lseg/raw/01_CORE_HISTORICAL/FR_NUCLEAR_PIT/EDF_NUCLEAR_PIT_DAILY_2021_2026.csv:Zone.Identifier | data/lseg/raw/01_CORE_HISTORICAL/FR_NUCLEAR_PIT/EDF_NUCLEAR_PIT_SUMMARY.txt:Zone.Identifier | data/lseg/raw/01_CORE_HISTORICAL/LSEG_DEMAND/IT_DEMAND_15M_ALL_7_ZONES_2025_2026.xlsx:Zone.Identifier | data/lseg/raw/01_CORE_HISTORICAL/LSEG_DEMAND/IT_DEMAND_HOURLY_2021_2025.xlsx:Zone.Identifier | data/lseg/raw/01_CORE_HISTORICAL/LSEG_PRICES/FR_DAY_AHEAD_HOURLY_AND_15M.xlsx:Zone.Identifier | data/lseg/raw/01_CORE_HISTORICAL/LSEG_PRICES/IT_DAY_AHEAD_HOURLY_AND_15M.xlsx:Zone.Identifier | data/lseg/raw/02_SOURCE_RAW/FR_NUCLEAR/EDF_OUTAGE_HISTORY_RAW.csv:Zone.Identifier | data/lseg/raw/02_SOURCE_RAW/FR_NUCLEAR/EDF_TRANSPARENCY_REMIT_MESSAGES_RAW.csv:Zone.Identifier | data/lseg/raw/03_CURRENT_RECENT_LSEG/COST_CURVES/cost_curves_2026910_21432.xlsx:Zone.Identifier | data/lseg/raw/03_CURRENT_RECENT_LSEG/COST_CURVES/cost_curves_2026910_21543.xlsx:Zone.Identifier | data/lseg/raw/03_CURRENT_RECENT_LSEG/COST_CURVES/cost_curves_2026910_2164.xlsx:Zone.Identifier | data/lseg/raw/03_CURRENT_RECENT_LSEG/RESIDUAL_LOAD/CWE_RESIDUAL_LOAD_REPORT.pdf:Zone.Identifier | data/lseg/raw/03_CURRENT_RECENT_LSEG/RESIDUAL_LOAD/DE_RESIDUAL_LOAD_CURRENT_RECENT.xls:Zone.Identifier | data/lseg/raw/03_CURRENT_RECENT_LSEG/RESIDUAL_LOAD/DE_RESIDUAL_LOAD_REPORT.pdf:Zone.Identifier | data/lseg/raw/03_CURRENT_RECENT_LSEG/RESIDUAL_LOAD/FR_IT_RESIDUAL_LOAD_EXPORT_A.xls:Zone.Identifier | data/lseg/raw/03_CURRENT_RECENT_LSEG/RESIDUAL_LOAD/FR_IT_RESIDUAL_LOAD_EXPORT_B.xls:Zone.Identifier | data/lseg/raw/03_CURRENT_RECENT_LSEG/SUPPLY_WIND_SOLAR/GB_EMBEDDED_SOLAR_REPORT.pdf:Zone.Identifier | data/lseg/raw/03_CURRENT_RECENT_LSEG/SUPPLY_WIND_SOLAR/GB_EMBEDDED_WIND_REPORT.pdf:Zone.Identifier | data/lseg/raw/03_CURRENT_RECENT_LSEG/SUPPLY_WIND_SOLAR/SUPPLY_WIND_REPORT.pdf:Zone.Identifier | data/lseg/raw/03_CURRENT_RECENT_LSEG/WEATHER/CLOUD_COVER_CH.xls:Zone.Identifier | data/lseg/raw/03_CURRENT_RECENT_LSEG/WEATHER/CLOUD_COVER_REPORT.pdf:Zone.Identifier | data/lseg/raw/03_CURRENT_RECENT_LSEG/WEATHER/ECMWF_CLUSTER_REPORT.pdf:Zone.Identifier | data/lseg/raw/03_CURRENT_RECENT_LSEG/WEATHER/NAO_AO_REPORT.pdf:Zone.Identifier | data/lseg/raw/03_CURRENT_RECENT_LSEG/WEATHER/PRECIPITATION_ALP_AREA_REPORT.pdf:Zone.Identifier | data/lseg/raw/03_CURRENT_RECENT_LSEG/WEATHER/PRECIPITATION_CH_EFFECTIVE.xls:Zone.Identifier | data/lseg/raw/03_CURRENT_RECENT_LSEG/WEATHER/TEMPERATURE_DE_FR_AT_CH_TABLE.xls:Zone.Identifier | data/lseg/raw/03_CURRENT_RECENT_LSEG/WEATHER/TEMPERATURE_IT_CHART.xls:Zone.Identifier | data/lseg/raw/03_CURRENT_RECENT_LSEG/WEATHER/TEMPERATURE_REPORT.pdf:Zone.Identifier | data/lseg/raw/04_CROSS_BORDER_REFERENCE/01_PRICE_FLOW_GRAPH_CHE_VISIBLE.png:Zone.Identifier | data/lseg/raw/04_CROSS_BORDER_REFERENCE/02_DEU_SELECTED_CONNECTIONS.png:Zone.Identifier | data/lseg/raw/04_CROSS_BORDER_REFERENCE/03_NET_IMPORT_GRAPH.png:Zone.Identifier | data/lseg/raw/04_CROSS_BORDER_REFERENCE/04_NET_IMPORT_CHE_SELECTED_00.png:Zone.Identifier | data/lseg/raw/04_CROSS_BORDER_REFERENCE/05_NET_IMPORT_CHE_SELECTED_12.png:Zone.Identifier | data/lseg/raw/04_CROSS_BORDER_REFERENCE/06_CAPACITY_DIRECTION_1_CHE_SELECTED.png:Zone.Identifier | data/lseg/raw/04_CROSS_BORDER_REFERENCE/07_CAPACITY_DIRECTION_2_CHE_SELECTED_A.png:Zone.Identifier | data/lseg/raw/04_CROSS_BORDER_REFERENCE/08_CAPACITY_DIRECTION_2_CHE_SELECTED_B.png:Zone.Identifier | data/lseg/raw/04_CROSS_BORDER_REFERENCE/09_CAPACITY_DIRECTION_2_CHE_SELECTED_C.png:Zone.Identifier | data/lseg/raw/04_CROSS_BORDER_REFERENCE/10_SCHEDULED_EXCHANGE_NET_IMPORT_GRAPH.png:Zone.Identifier | data/lseg/raw/04_CROSS_BORDER_REFERENCE/11_SCHEDULED_EXCHANGE_CHE_SELECTED.png:Zone.Identifier | data/lseg/raw/04_CROSS_BORDER_REFERENCE/FLOWS_GRAPH_REPORT.pdf:Zone.Identifier | data/lseg/raw/05_LSEG_REFERENCE_PDFS/DEMAND_CONSUMPTION_OVERVIEW.pdf:Zone.Identifier | data/lseg/raw/90_INTERMEDIATE/LSEG_PRICE_DEMAND/FR_15M_RAW.xls.xlsx:Zone.Identifier | data/lseg/raw/90_INTERMEDIATE/LSEG_PRICE_DEMAND/FR_DA_RAW.xlsx:Zone.Identifier | data/lseg/raw/90_INTERMEDIATE/LSEG_PRICE_DEMAND/IT_DA_RAW(1).xlsx:Zone.Identifier | data/lseg/raw/90_INTERMEDIATE/LSEG_PRICE_DEMAND/IT_DA_RAW(2).xlsx:Zone.Identifier | data/lseg/raw/90_INTERMEDIATE/LSEG_PRICE_DEMAND/IT_DA_RAW(3).xlsx:Zone.Identifier | data/lseg/raw/90_INTERMEDIATE/LSEG_PRICE_DEMAND/IT_DA_RAW.xlsx:Zone.Identifier | data/lseg/raw/90_INTERMEDIATE/LSEG_PRICE_DEMAND/IT_DEMAND_15M_ALL_ZONES_TEMPLATE.xlsx:Zone.Identifier | data/lseg/raw/90_INTERMEDIATE/LSEG_PRICE_DEMAND/IT_DEMAND_15M_NORTH.xlsx:Zone.Identifier | data/lseg/raw/90_INTERMEDIATE/LSEG_PRICE_DEMAND/Mappe1(1).xlsx:Zone.Identifier | data/lseg/raw/90_INTERMEDIATE/LSEG_PRICE_DEMAND/Mappe1(2).xlsx:Zone.Identifier | data/lseg/raw/90_INTERMEDIATE/LSEG_PRICE_DEMAND/Mappe1(3).xlsx:Zone.Identifier | data/lseg/raw/90_INTERMEDIATE/LSEG_PRICE_DEMAND/Mappe1(4).xlsx:Zone.Identifier | data/lseg/raw/90_INTERMEDIATE/LSEG_PRICE_DEMAND/Mappe1(5).xlsx:Zone.Identifier | data/lseg/raw/90_INTERMEDIATE/SCREENSHOTS/0a528483-087b-4a33-a2f3-ecdd62770a3a.png:Zone.Identifier | data/lseg/raw/90_INTERMEDIATE/SCREENSHOTS/1609bf25-22b3-4c50-817b-fa945dba6bfe.png:Zone.Identifier | data/lseg/raw/90_INTERMEDIATE/SCREENSHOTS/1d02b907-f21b-48aa-bff6-9bb501bffd31.png:Zone.Identifier | data/lseg/raw/90_INTERMEDIATE/SCREENSHOTS/2bf92681-8086-451b-ad79-2cf2aaa286bf.png:Zone.Identifier | data/lseg/raw/90_INTERMEDIATE/SCREENSHOTS/5048f972-71a5-4bbb-9ebf-495783170275.png:Zone.Identifier | data/lseg/raw/90_INTERMEDIATE/SCREENSHOTS/57688dd7-cfad-46f7-9d61-7173a480ab24.png:Zone.Identifier | data/lseg/raw/90_INTERMEDIATE/SCREENSHOTS/6a48aa3a-47d9-431b-a8d4-4b421a82f395.png:Zone.Identifier | data/lseg/raw/90_INTERMEDIATE/SCREENSHOTS/6b0bf7a6-4724-4c1c-98c7-10c623883a8b.png:Zone.Identifier | data/lseg/raw/90_INTERMEDIATE/SCREENSHOTS/7cdf8489-62e1-4566-9c92-ddde781dfc41.png:Zone.Identifier | data/lseg/raw/90_INTERMEDIATE/SCREENSHOTS/839b9904-b506-4600-a582-19546fc0d0dc.png:Zone.Identifier | data/lseg/raw/90_INTERMEDIATE/SCREENSHOTS/87b02fce-0b58-4ead-b793-267dd464b8ec.png:Zone.Identifier | data/lseg/raw/90_INTERMEDIATE/SCREENSHOTS/917dfe63-9fd2-4e78-89c4-b98dcf9f033f.png:Zone.Identifier | data/lseg/raw/90_INTERMEDIATE/SCREENSHOTS/990167dc-a3d5-4b22-acec-131b4e0f87c9.png:Zone.Identifier | data/lseg/raw/90_INTERMEDIATE/SCREENSHOTS/af6db8b3-1471-4a8e-9879-1e782574016e.png:Zone.Identifier | data/lseg/raw/90_INTERMEDIATE/SCREENSHOTS/b94c25b1-cacf-496f-802b-f74a6ec3c376.png:Zone.Identifier | data/lseg/raw/90_INTERMEDIATE/SCREENSHOTS/bc276a5b-6ae8-473b-abe3-2d17e33bcdd3.png:Zone.Identifier | data/lseg/raw/90_INTERMEDIATE/SCREENSHOTS/chart_100049390.embedded.png:Zone.Identifier | data/lseg/raw/90_INTERMEDIATE/SCREENSHOTS/chart_100127248.embedded.png:Zone.Identifier | data/lseg/raw/90_INTERMEDIATE/SCREENSHOTS/crop_che.png:Zone.Identifier | data/lseg/raw/90_INTERMEDIATE/SCREENSHOTS/de1ee218-60dc-4b11-b243-1f352c398785.png:Zone.Identifier | data/lseg/raw/99_UNCLASSIFIED_RETAINED/LSEG_DISCOVERY_RAW_NOTES.txt:Zone.Identifier | data/lseg/raw/99_UNCLASSIFIED_RETAINED/table_100016453.xls:Zone.Identifier | data/lseg/raw/CH_DA_RAW.xlsx:Zone.Identifier | data/lseg/raw/DE_DA_RAW.xlsx:Zone.Identifier | data/lseg/raw/EDF_NUCLEAR_OUTAGE_REVISIONS_PIT.csv:Zone.Identifier | data/lseg/raw/EDF_NUCLEAR_PIT_DAILY_2021_2026.csv:Zone.Identifier | data/lseg/raw/FR_15M_RAW.xlsx:Zone.Identifier | data/lseg/raw/FR_DA_RAW_COMBINED.xlsx:Zone.Identifier | data/lseg/raw/Historique des indispo des moyens de production - depuis 2015 - 07092026-full.csv:Zone.Identifier | data/lseg/raw/IT_DA_RAW (1).xlsx:Zone.Identifier | data/lseg/raw/IT_DA_RAW.xlsx:Zone.Identifier | data/lseg/raw/IT_DEMAND_15M_ALL_ZONES_TEMPLATE.xlsx:Zone.Identifier | data/lseg/raw/IT_DEMAND_15M_NORTH.xlsx:Zone.Identifier | data/lseg/raw/IT_DEMAND_HOURLY.xlsx:Zone.Identifier | data/lseg/raw/publications-transparence-et-remit-liste-des-messages-edf-sa.csv:Zone.Identifier,Windows download-origin sidecar; excluded from data analysis.
data/lseg/raw/90_INTERMEDIATE/LSEG_PRICE_DEMAND/IT_DEMAND_15M_ALL_ZONES_TEMPLATE.xlsx,IT_DEMAND_15M_ALL_ZONES_TEMPLATE.xlsx,xlsx,dataset,load/demand,Italy demand,IT,Timestamp; TRDPRC_1 (RIC-specific repeated field),MW likely; units not explicitly declared,Not identified,Not determined,15-minute (workbook family),observed/market value series; forecast status not encoded,Not present,Timestamp is delivery/observation time; no issue time,Not present in workbook layout,13432,11/739 blank data cells in profiled tabular sheets,PIT_RECONSTRUCTABLE,No corresponding model-ready family in Databricks inventory,,,LSEG demand export; exact units are not declared in workbook cells.
data/lseg/raw/90_INTERMEDIATE/LSEG_PRICE_DEMAND/IT_DEMAND_15M_ALL_ZONES_TEMPLATE.xlsx:Zone.Identifier,IT_DEMAND_15M_ALL_ZONES_TEMPLATE.xlsx:Zone.Identifier,identifier,metadata_sidecar,ancillary file metadata,Zone.Identifier,UNKNOWN,Not applicable/non-tabular or not safely extractable,Not applicable or not declared,Not safely extractable,Not determined from file metadata,Not determined,Not determinable,Not safely extractable,Not safely extractable,Not safely extractable,25,Not applicable/non-tabular,UNKNOWN,None,,data/lseg/raw/00_START_HERE/ANONYMOUS_XLS_MAPPING.md:Zone.Identifier | data/lseg/raw/00_START_HERE/DATA_CATALOG.csv:Zone.Identifier | data/lseg/raw/00_START_HERE/EXTRACTION_STATUS_AND_GAPS.md:Zone.Identifier | data/lseg/raw/00_START_HERE/LICENSE_NOTES.md:Zone.Identifier | data/lseg/raw/00_START_HERE/MANIFEST_SHA256.csv:Zone.Identifier | data/lseg/raw/00_START_HERE/MISSING_CH_DE_RECOVERY.md:Zone.Identifier | data/lseg/raw/00_START_HERE/MISSING_CH_DE_RICS.csv:Zone.Identifier | data/lseg/raw/00_START_HERE/PROJECT_OBJECTIVE.txt:Zone.Identifier | data/lseg/raw/00_START_HERE/README_FIRST.md:Zone.Identifier | data/lseg/raw/00_START_HERE/RIC_FAMILIES.csv:Zone.Identifier | data/lseg/raw/01_CORE_HISTORICAL/FR_NUCLEAR_PIT/EDF_NUCLEAR_OUTAGE_REVISIONS_PIT.csv:Zone.Identifier | data/lseg/raw/01_CORE_HISTORICAL/FR_NUCLEAR_PIT/EDF_NUCLEAR_PIT_DAILY_2021_2026.csv:Zone.Identifier | data/lseg/raw/01_CORE_HISTORICAL/FR_NUCLEAR_PIT/EDF_NUCLEAR_PIT_SUMMARY.txt:Zone.Identifier | data/lseg/raw/01_CORE_HISTORICAL/LSEG_DEMAND/IT_DEMAND_15M_ALL_7_ZONES_2025_2026.xlsx:Zone.Identifier | data/lseg/raw/01_CORE_HISTORICAL/LSEG_DEMAND/IT_DEMAND_HOURLY_2021_2025.xlsx:Zone.Identifier | data/lseg/raw/01_CORE_HISTORICAL/LSEG_PRICES/FR_DAY_AHEAD_HOURLY_AND_15M.xlsx:Zone.Identifier | data/lseg/raw/01_CORE_HISTORICAL/LSEG_PRICES/IT_DAY_AHEAD_HOURLY_AND_15M.xlsx:Zone.Identifier | data/lseg/raw/02_SOURCE_RAW/FR_NUCLEAR/EDF_OUTAGE_HISTORY_RAW.csv:Zone.Identifier | data/lseg/raw/02_SOURCE_RAW/FR_NUCLEAR/EDF_TRANSPARENCY_REMIT_MESSAGES_RAW.csv:Zone.Identifier | data/lseg/raw/03_CURRENT_RECENT_LSEG/COST_CURVES/cost_curves_2026910_21432.xlsx:Zone.Identifier | data/lseg/raw/03_CURRENT_RECENT_LSEG/COST_CURVES/cost_curves_2026910_21543.xlsx:Zone.Identifier | data/lseg/raw/03_CURRENT_RECENT_LSEG/COST_CURVES/cost_curves_2026910_2164.xlsx:Zone.Identifier | data/lseg/raw/03_CURRENT_RECENT_LSEG/RESIDUAL_LOAD/CWE_RESIDUAL_LOAD_REPORT.pdf:Zone.Identifier | data/lseg/raw/03_CURRENT_RECENT_LSEG/RESIDUAL_LOAD/DE_RESIDUAL_LOAD_CURRENT_RECENT.xls:Zone.Identifier | data/lseg/raw/03_CURRENT_RECENT_LSEG/RESIDUAL_LOAD/DE_RESIDUAL_LOAD_REPORT.pdf:Zone.Identifier | data/lseg/raw/03_CURRENT_RECENT_LSEG/RESIDUAL_LOAD/FR_IT_RESIDUAL_LOAD_EXPORT_A.xls:Zone.Identifier | data/lseg/raw/03_CURRENT_RECENT_LSEG/RESIDUAL_LOAD/FR_IT_RESIDUAL_LOAD_EXPORT_B.xls:Zone.Identifier | data/lseg/raw/03_CURRENT_RECENT_LSEG/SUPPLY_WIND_SOLAR/GB_EMBEDDED_SOLAR_REPORT.pdf:Zone.Identifier | data/lseg/raw/03_CURRENT_RECENT_LSEG/SUPPLY_WIND_SOLAR/GB_EMBEDDED_WIND_REPORT.pdf:Zone.Identifier | data/lseg/raw/03_CURRENT_RECENT_LSEG/SUPPLY_WIND_SOLAR/SUPPLY_WIND_REPORT.pdf:Zone.Identifier | data/lseg/raw/03_CURRENT_RECENT_LSEG/WEATHER/CLOUD_COVER_CH.xls:Zone.Identifier | data/lseg/raw/03_CURRENT_RECENT_LSEG/WEATHER/CLOUD_COVER_REPORT.pdf:Zone.Identifier | data/lseg/raw/03_CURRENT_RECENT_LSEG/WEATHER/ECMWF_CLUSTER_REPORT.pdf:Zone.Identifier | data/lseg/raw/03_CURRENT_RECENT_LSEG/WEATHER/NAO_AO_REPORT.pdf:Zone.Identifier | data/lseg/raw/03_CURRENT_RECENT_LSEG/WEATHER/PRECIPITATION_ALP_AREA_REPORT.pdf:Zone.Identifier | data/lseg/raw/03_CURRENT_RECENT_LSEG/WEATHER/PRECIPITATION_CH_EFFECTIVE.xls:Zone.Identifier | data/lseg/raw/03_CURRENT_RECENT_LSEG/WEATHER/TEMPERATURE_DE_FR_AT_CH_TABLE.xls:Zone.Identifier | data/lseg/raw/03_CURRENT_RECENT_LSEG/WEATHER/TEMPERATURE_IT_CHART.xls:Zone.Identifier | data/lseg/raw/03_CURRENT_RECENT_LSEG/WEATHER/TEMPERATURE_REPORT.pdf:Zone.Identifier | data/lseg/raw/04_CROSS_BORDER_REFERENCE/01_PRICE_FLOW_GRAPH_CHE_VISIBLE.png:Zone.Identifier | data/lseg/raw/04_CROSS_BORDER_REFERENCE/02_DEU_SELECTED_CONNECTIONS.png:Zone.Identifier | data/lseg/raw/04_CROSS_BORDER_REFERENCE/03_NET_IMPORT_GRAPH.png:Zone.Identifier | data/lseg/raw/04_CROSS_BORDER_REFERENCE/04_NET_IMPORT_CHE_SELECTED_00.png:Zone.Identifier | data/lseg/raw/04_CROSS_BORDER_REFERENCE/05_NET_IMPORT_CHE_SELECTED_12.png:Zone.Identifier | data/lseg/raw/04_CROSS_BORDER_REFERENCE/06_CAPACITY_DIRECTION_1_CHE_SELECTED.png:Zone.Identifier | data/lseg/raw/04_CROSS_BORDER_REFERENCE/07_CAPACITY_DIRECTION_2_CHE_SELECTED_A.png:Zone.Identifier | data/lseg/raw/04_CROSS_BORDER_REFERENCE/08_CAPACITY_DIRECTION_2_CHE_SELECTED_B.png:Zone.Identifier | data/lseg/raw/04_CROSS_BORDER_REFERENCE/09_CAPACITY_DIRECTION_2_CHE_SELECTED_C.png:Zone.Identifier | data/lseg/raw/04_CROSS_BORDER_REFERENCE/10_SCHEDULED_EXCHANGE_NET_IMPORT_GRAPH.png:Zone.Identifier | data/lseg/raw/04_CROSS_BORDER_REFERENCE/11_SCHEDULED_EXCHANGE_CHE_SELECTED.png:Zone.Identifier | data/lseg/raw/04_CROSS_BORDER_REFERENCE/FLOWS_GRAPH_REPORT.pdf:Zone.Identifier | data/lseg/raw/05_LSEG_REFERENCE_PDFS/DEMAND_CONSUMPTION_OVERVIEW.pdf:Zone.Identifier | data/lseg/raw/90_INTERMEDIATE/LSEG_PRICE_DEMAND/FR_15M_RAW.xls.xlsx:Zone.Identifier | data/lseg/raw/90_INTERMEDIATE/LSEG_PRICE_DEMAND/FR_DA_RAW.xlsx:Zone.Identifier | data/lseg/raw/90_INTERMEDIATE/LSEG_PRICE_DEMAND/IT_DA_RAW(1).xlsx:Zone.Identifier | data/lseg/raw/90_INTERMEDIATE/LSEG_PRICE_DEMAND/IT_DA_RAW(2).xlsx:Zone.Identifier | data/lseg/raw/90_INTERMEDIATE/LSEG_PRICE_DEMAND/IT_DA_RAW(3).xlsx:Zone.Identifier | data/lseg/raw/90_INTERMEDIATE/LSEG_PRICE_DEMAND/IT_DA_RAW.xlsx:Zone.Identifier | data/lseg/raw/90_INTERMEDIATE/LSEG_PRICE_DEMAND/IT_DEMAND_15M_ALL_ZONES_TEMPLATE.xlsx:Zone.Identifier | data/lseg/raw/90_INTERMEDIATE/LSEG_PRICE_DEMAND/IT_DEMAND_15M_NORTH.xlsx:Zone.Identifier | data/lseg/raw/90_INTERMEDIATE/LSEG_PRICE_DEMAND/Mappe1(1).xlsx:Zone.Identifier | data/lseg/raw/90_INTERMEDIATE/LSEG_PRICE_DEMAND/Mappe1(2).xlsx:Zone.Identifier | data/lseg/raw/90_INTERMEDIATE/LSEG_PRICE_DEMAND/Mappe1(3).xlsx:Zone.Identifier | data/lseg/raw/90_INTERMEDIATE/LSEG_PRICE_DEMAND/Mappe1(4).xlsx:Zone.Identifier | data/lseg/raw/90_INTERMEDIATE/LSEG_PRICE_DEMAND/Mappe1(5).xlsx:Zone.Identifier | data/lseg/raw/90_INTERMEDIATE/SCREENSHOTS/0a528483-087b-4a33-a2f3-ecdd62770a3a.png:Zone.Identifier | data/lseg/raw/90_INTERMEDIATE/SCREENSHOTS/1609bf25-22b3-4c50-817b-fa945dba6bfe.png:Zone.Identifier | data/lseg/raw/90_INTERMEDIATE/SCREENSHOTS/1d02b907-f21b-48aa-bff6-9bb501bffd31.png:Zone.Identifier | data/lseg/raw/90_INTERMEDIATE/SCREENSHOTS/2bf92681-8086-451b-ad79-2cf2aaa286bf.png:Zone.Identifier | data/lseg/raw/90_INTERMEDIATE/SCREENSHOTS/5048f972-71a5-4bbb-9ebf-495783170275.png:Zone.Identifier | data/lseg/raw/90_INTERMEDIATE/SCREENSHOTS/57688dd7-cfad-46f7-9d61-7173a480ab24.png:Zone.Identifier | data/lseg/raw/90_INTERMEDIATE/SCREENSHOTS/6a48aa3a-47d9-431b-a8d4-4b421a82f395.png:Zone.Identifier | data/lseg/raw/90_INTERMEDIATE/SCREENSHOTS/6b0bf7a6-4724-4c1c-98c7-10c623883a8b.png:Zone.Identifier | data/lseg/raw/90_INTERMEDIATE/SCREENSHOTS/7cdf8489-62e1-4566-9c92-ddde781dfc41.png:Zone.Identifier | data/lseg/raw/90_INTERMEDIATE/SCREENSHOTS/839b9904-b506-4600-a582-19546fc0d0dc.png:Zone.Identifier | data/lseg/raw/90_INTERMEDIATE/SCREENSHOTS/87b02fce-0b58-4ead-b793-267dd464b8ec.png:Zone.Identifier | data/lseg/raw/90_INTERMEDIATE/SCREENSHOTS/917dfe63-9fd2-4e78-89c4-b98dcf9f033f.png:Zone.Identifier | data/lseg/raw/90_INTERMEDIATE/SCREENSHOTS/990167dc-a3d5-4b22-acec-131b4e0f87c9.png:Zone.Identifier | data/lseg/raw/90_INTERMEDIATE/SCREENSHOTS/af6db8b3-1471-4a8e-9879-1e782574016e.png:Zone.Identifier | data/lseg/raw/90_INTERMEDIATE/SCREENSHOTS/b94c25b1-cacf-496f-802b-f74a6ec3c376.png:Zone.Identifier | data/lseg/raw/90_INTERMEDIATE/SCREENSHOTS/bc276a5b-6ae8-473b-abe3-2d17e33bcdd3.png:Zone.Identifier | data/lseg/raw/90_INTERMEDIATE/SCREENSHOTS/chart_100049390.embedded.png:Zone.Identifier | data/lseg/raw/90_INTERMEDIATE/SCREENSHOTS/chart_100127248.embedded.png:Zone.Identifier | data/lseg/raw/90_INTERMEDIATE/SCREENSHOTS/crop_che.png:Zone.Identifier | data/lseg/raw/90_INTERMEDIATE/SCREENSHOTS/de1ee218-60dc-4b11-b243-1f352c398785.png:Zone.Identifier | data/lseg/raw/99_UNCLASSIFIED_RETAINED/LSEG_DISCOVERY_RAW_NOTES.txt:Zone.Identifier | data/lseg/raw/99_UNCLASSIFIED_RETAINED/table_100016453.xls:Zone.Identifier | data/lseg/raw/CH_DA_RAW.xlsx:Zone.Identifier | data/lseg/raw/DE_DA_RAW.xlsx:Zone.Identifier | data/lseg/raw/EDF_NUCLEAR_OUTAGE_REVISIONS_PIT.csv:Zone.Identifier | data/lseg/raw/EDF_NUCLEAR_PIT_DAILY_2021_2026.csv:Zone.Identifier | data/lseg/raw/FR_15M_RAW.xlsx:Zone.Identifier | data/lseg/raw/FR_DA_RAW_COMBINED.xlsx:Zone.Identifier | data/lseg/raw/Historique des indispo des moyens de production - depuis 2015 - 07092026-full.csv:Zone.Identifier | data/lseg/raw/IT_DA_RAW (1).xlsx:Zone.Identifier | data/lseg/raw/IT_DA_RAW.xlsx:Zone.Identifier | data/lseg/raw/IT_DEMAND_15M_ALL_ZONES_TEMPLATE.xlsx:Zone.Identifier | data/lseg/raw/IT_DEMAND_15M_NORTH.xlsx:Zone.Identifier | data/lseg/raw/IT_DEMAND_HOURLY.xlsx:Zone.Identifier | data/lseg/raw/publications-transparence-et-remit-liste-des-messages-edf-sa.csv:Zone.Identifier,Windows download-origin sidecar; excluded from data analysis.
data/lseg/raw/90_INTERMEDIATE/LSEG_PRICE_DEMAND/IT_DEMAND_15M_NORTH.xlsx,IT_DEMAND_15M_NORTH.xlsx,xlsx,dataset,load/demand,Italy demand,IT,Timestamp; TRDPRC_1 (RIC-specific repeated field),MW likely; units not explicitly declared,Timestamp,"('2025-10-01 00:00:00', '2026-09-08 00:00:00')",15-minute (workbook family),observed/market value series; forecast status not encoded,Not present,Timestamp is delivery/observation time; no issue time,Not present in workbook layout,253890,0/33369 blank data cells in profiled tabular sheets,PIT_RECONSTRUCTABLE,No corresponding model-ready family in Databricks inventory,,data/lseg/raw/90_INTERMEDIATE/LSEG_PRICE_DEMAND/IT_DEMAND_15M_NORTH.xlsx | data/lseg/raw/IT_DEMAND_15M_NORTH.xlsx,LSEG demand export; exact units are not declared in workbook cells. Exact-content duplicate of another retained path; count once for unique information.
data/lseg/raw/90_INTERMEDIATE/LSEG_PRICE_DEMAND/IT_DEMAND_15M_NORTH.xlsx:Zone.Identifier,IT_DEMAND_15M_NORTH.xlsx:Zone.Identifier,identifier,metadata_sidecar,ancillary file metadata,Zone.Identifier,UNKNOWN,Not applicable/non-tabular or not safely extractable,Not applicable or not declared,Not safely extractable,Not determined from file metadata,Not determined,Not determinable,Not safely extractable,Not safely extractable,Not safely extractable,25,Not applicable/non-tabular,UNKNOWN,None,,data/lseg/raw/00_START_HERE/ANONYMOUS_XLS_MAPPING.md:Zone.Identifier | data/lseg/raw/00_START_HERE/DATA_CATALOG.csv:Zone.Identifier | data/lseg/raw/00_START_HERE/EXTRACTION_STATUS_AND_GAPS.md:Zone.Identifier | data/lseg/raw/00_START_HERE/LICENSE_NOTES.md:Zone.Identifier | data/lseg/raw/00_START_HERE/MANIFEST_SHA256.csv:Zone.Identifier | data/lseg/raw/00_START_HERE/MISSING_CH_DE_RECOVERY.md:Zone.Identifier | data/lseg/raw/00_START_HERE/MISSING_CH_DE_RICS.csv:Zone.Identifier | data/lseg/raw/00_START_HERE/PROJECT_OBJECTIVE.txt:Zone.Identifier | data/lseg/raw/00_START_HERE/README_FIRST.md:Zone.Identifier | data/lseg/raw/00_START_HERE/RIC_FAMILIES.csv:Zone.Identifier | data/lseg/raw/01_CORE_HISTORICAL/FR_NUCLEAR_PIT/EDF_NUCLEAR_OUTAGE_REVISIONS_PIT.csv:Zone.Identifier | data/lseg/raw/01_CORE_HISTORICAL/FR_NUCLEAR_PIT/EDF_NUCLEAR_PIT_DAILY_2021_2026.csv:Zone.Identifier | data/lseg/raw/01_CORE_HISTORICAL/FR_NUCLEAR_PIT/EDF_NUCLEAR_PIT_SUMMARY.txt:Zone.Identifier | data/lseg/raw/01_CORE_HISTORICAL/LSEG_DEMAND/IT_DEMAND_15M_ALL_7_ZONES_2025_2026.xlsx:Zone.Identifier | data/lseg/raw/01_CORE_HISTORICAL/LSEG_DEMAND/IT_DEMAND_HOURLY_2021_2025.xlsx:Zone.Identifier | data/lseg/raw/01_CORE_HISTORICAL/LSEG_PRICES/FR_DAY_AHEAD_HOURLY_AND_15M.xlsx:Zone.Identifier | data/lseg/raw/01_CORE_HISTORICAL/LSEG_PRICES/IT_DAY_AHEAD_HOURLY_AND_15M.xlsx:Zone.Identifier | data/lseg/raw/02_SOURCE_RAW/FR_NUCLEAR/EDF_OUTAGE_HISTORY_RAW.csv:Zone.Identifier | data/lseg/raw/02_SOURCE_RAW/FR_NUCLEAR/EDF_TRANSPARENCY_REMIT_MESSAGES_RAW.csv:Zone.Identifier | data/lseg/raw/03_CURRENT_RECENT_LSEG/COST_CURVES/cost_curves_2026910_21432.xlsx:Zone.Identifier | data/lseg/raw/03_CURRENT_RECENT_LSEG/COST_CURVES/cost_curves_2026910_21543.xlsx:Zone.Identifier | data/lseg/raw/03_CURRENT_RECENT_LSEG/COST_CURVES/cost_curves_2026910_2164.xlsx:Zone.Identifier | data/lseg/raw/03_CURRENT_RECENT_LSEG/RESIDUAL_LOAD/CWE_RESIDUAL_LOAD_REPORT.pdf:Zone.Identifier | data/lseg/raw/03_CURRENT_RECENT_LSEG/RESIDUAL_LOAD/DE_RESIDUAL_LOAD_CURRENT_RECENT.xls:Zone.Identifier | data/lseg/raw/03_CURRENT_RECENT_LSEG/RESIDUAL_LOAD/DE_RESIDUAL_LOAD_REPORT.pdf:Zone.Identifier | data/lseg/raw/03_CURRENT_RECENT_LSEG/RESIDUAL_LOAD/FR_IT_RESIDUAL_LOAD_EXPORT_A.xls:Zone.Identifier | data/lseg/raw/03_CURRENT_RECENT_LSEG/RESIDUAL_LOAD/FR_IT_RESIDUAL_LOAD_EXPORT_B.xls:Zone.Identifier | data/lseg/raw/03_CURRENT_RECENT_LSEG/SUPPLY_WIND_SOLAR/GB_EMBEDDED_SOLAR_REPORT.pdf:Zone.Identifier | data/lseg/raw/03_CURRENT_RECENT_LSEG/SUPPLY_WIND_SOLAR/GB_EMBEDDED_WIND_REPORT.pdf:Zone.Identifier | data/lseg/raw/03_CURRENT_RECENT_LSEG/SUPPLY_WIND_SOLAR/SUPPLY_WIND_REPORT.pdf:Zone.Identifier | data/lseg/raw/03_CURRENT_RECENT_LSEG/WEATHER/CLOUD_COVER_CH.xls:Zone.Identifier | data/lseg/raw/03_CURRENT_RECENT_LSEG/WEATHER/CLOUD_COVER_REPORT.pdf:Zone.Identifier | data/lseg/raw/03_CURRENT_RECENT_LSEG/WEATHER/ECMWF_CLUSTER_REPORT.pdf:Zone.Identifier | data/lseg/raw/03_CURRENT_RECENT_LSEG/WEATHER/NAO_AO_REPORT.pdf:Zone.Identifier | data/lseg/raw/03_CURRENT_RECENT_LSEG/WEATHER/PRECIPITATION_ALP_AREA_REPORT.pdf:Zone.Identifier | data/lseg/raw/03_CURRENT_RECENT_LSEG/WEATHER/PRECIPITATION_CH_EFFECTIVE.xls:Zone.Identifier | data/lseg/raw/03_CURRENT_RECENT_LSEG/WEATHER/TEMPERATURE_DE_FR_AT_CH_TABLE.xls:Zone.Identifier | data/lseg/raw/03_CURRENT_RECENT_LSEG/WEATHER/TEMPERATURE_IT_CHART.xls:Zone.Identifier | data/lseg/raw/03_CURRENT_RECENT_LSEG/WEATHER/TEMPERATURE_REPORT.pdf:Zone.Identifier | data/lseg/raw/04_CROSS_BORDER_REFERENCE/01_PRICE_FLOW_GRAPH_CHE_VISIBLE.png:Zone.Identifier | data/lseg/raw/04_CROSS_BORDER_REFERENCE/02_DEU_SELECTED_CONNECTIONS.png:Zone.Identifier | data/lseg/raw/04_CROSS_BORDER_REFERENCE/03_NET_IMPORT_GRAPH.png:Zone.Identifier | data/lseg/raw/04_CROSS_BORDER_REFERENCE/04_NET_IMPORT_CHE_SELECTED_00.png:Zone.Identifier | data/lseg/raw/04_CROSS_BORDER_REFERENCE/05_NET_IMPORT_CHE_SELECTED_12.png:Zone.Identifier | data/lseg/raw/04_CROSS_BORDER_REFERENCE/06_CAPACITY_DIRECTION_1_CHE_SELECTED.png:Zone.Identifier | data/lseg/raw/04_CROSS_BORDER_REFERENCE/07_CAPACITY_DIRECTION_2_CHE_SELECTED_A.png:Zone.Identifier | data/lseg/raw/04_CROSS_BORDER_REFERENCE/08_CAPACITY_DIRECTION_2_CHE_SELECTED_B.png:Zone.Identifier | data/lseg/raw/04_CROSS_BORDER_REFERENCE/09_CAPACITY_DIRECTION_2_CHE_SELECTED_C.png:Zone.Identifier | data/lseg/raw/04_CROSS_BORDER_REFERENCE/10_SCHEDULED_EXCHANGE_NET_IMPORT_GRAPH.png:Zone.Identifier | data/lseg/raw/04_CROSS_BORDER_REFERENCE/11_SCHEDULED_EXCHANGE_CHE_SELECTED.png:Zone.Identifier | data/lseg/raw/04_CROSS_BORDER_REFERENCE/FLOWS_GRAPH_REPORT.pdf:Zone.Identifier | data/lseg/raw/05_LSEG_REFERENCE_PDFS/DEMAND_CONSUMPTION_OVERVIEW.pdf:Zone.Identifier | data/lseg/raw/90_INTERMEDIATE/LSEG_PRICE_DEMAND/FR_15M_RAW.xls.xlsx:Zone.Identifier | data/lseg/raw/90_INTERMEDIATE/LSEG_PRICE_DEMAND/FR_DA_RAW.xlsx:Zone.Identifier | data/lseg/raw/90_INTERMEDIATE/LSEG_PRICE_DEMAND/IT_DA_RAW(1).xlsx:Zone.Identifier | data/lseg/raw/90_INTERMEDIATE/LSEG_PRICE_DEMAND/IT_DA_RAW(2).xlsx:Zone.Identifier | data/lseg/raw/90_INTERMEDIATE/LSEG_PRICE_DEMAND/IT_DA_RAW(3).xlsx:Zone.Identifier | data/lseg/raw/90_INTERMEDIATE/LSEG_PRICE_DEMAND/IT_DA_RAW.xlsx:Zone.Identifier | data/lseg/raw/90_INTERMEDIATE/LSEG_PRICE_DEMAND/IT_DEMAND_15M_ALL_ZONES_TEMPLATE.xlsx:Zone.Identifier | data/lseg/raw/90_INTERMEDIATE/LSEG_PRICE_DEMAND/IT_DEMAND_15M_NORTH.xlsx:Zone.Identifier | data/lseg/raw/90_INTERMEDIATE/LSEG_PRICE_DEMAND/Mappe1(1).xlsx:Zone.Identifier | data/lseg/raw/90_INTERMEDIATE/LSEG_PRICE_DEMAND/Mappe1(2).xlsx:Zone.Identifier | data/lseg/raw/90_INTERMEDIATE/LSEG_PRICE_DEMAND/Mappe1(3).xlsx:Zone.Identifier | data/lseg/raw/90_INTERMEDIATE/LSEG_PRICE_DEMAND/Mappe1(4).xlsx:Zone.Identifier | data/lseg/raw/90_INTERMEDIATE/LSEG_PRICE_DEMAND/Mappe1(5).xlsx:Zone.Identifier | data/lseg/raw/90_INTERMEDIATE/SCREENSHOTS/0a528483-087b-4a33-a2f3-ecdd62770a3a.png:Zone.Identifier | data/lseg/raw/90_INTERMEDIATE/SCREENSHOTS/1609bf25-22b3-4c50-817b-fa945dba6bfe.png:Zone.Identifier | data/lseg/raw/90_INTERMEDIATE/SCREENSHOTS/1d02b907-f21b-48aa-bff6-9bb501bffd31.png:Zone.Identifier | data/lseg/raw/90_INTERMEDIATE/SCREENSHOTS/2bf92681-8086-451b-ad79-2cf2aaa286bf.png:Zone.Identifier | data/lseg/raw/90_INTERMEDIATE/SCREENSHOTS/5048f972-71a5-4bbb-9ebf-495783170275.png:Zone.Identifier | data/lseg/raw/90_INTERMEDIATE/SCREENSHOTS/57688dd7-cfad-46f7-9d61-7173a480ab24.png:Zone.Identifier | data/lseg/raw/90_INTERMEDIATE/SCREENSHOTS/6a48aa3a-47d9-431b-a8d4-4b421a82f395.png:Zone.Identifier | data/lseg/raw/90_INTERMEDIATE/SCREENSHOTS/6b0bf7a6-4724-4c1c-98c7-10c623883a8b.png:Zone.Identifier | data/lseg/raw/90_INTERMEDIATE/SCREENSHOTS/7cdf8489-62e1-4566-9c92-ddde781dfc41.png:Zone.Identifier | data/lseg/raw/90_INTERMEDIATE/SCREENSHOTS/839b9904-b506-4600-a582-19546fc0d0dc.png:Zone.Identifier | data/lseg/raw/90_INTERMEDIATE/SCREENSHOTS/87b02fce-0b58-4ead-b793-267dd464b8ec.png:Zone.Identifier | data/lseg/raw/90_INTERMEDIATE/SCREENSHOTS/917dfe63-9fd2-4e78-89c4-b98dcf9f033f.png:Zone.Identifier | data/lseg/raw/90_INTERMEDIATE/SCREENSHOTS/990167dc-a3d5-4b22-acec-131b4e0f87c9.png:Zone.Identifier | data/lseg/raw/90_INTERMEDIATE/SCREENSHOTS/af6db8b3-1471-4a8e-9879-1e782574016e.png:Zone.Identifier | data/lseg/raw/90_INTERMEDIATE/SCREENSHOTS/b94c25b1-cacf-496f-802b-f74a6ec3c376.png:Zone.Identifier | data/lseg/raw/90_INTERMEDIATE/SCREENSHOTS/bc276a5b-6ae8-473b-abe3-2d17e33bcdd3.png:Zone.Identifier | data/lseg/raw/90_INTERMEDIATE/SCREENSHOTS/chart_100049390.embedded.png:Zone.Identifier | data/lseg/raw/90_INTERMEDIATE/SCREENSHOTS/chart_100127248.embedded.png:Zone.Identifier | data/lseg/raw/90_INTERMEDIATE/SCREENSHOTS/crop_che.png:Zone.Identifier | data/lseg/raw/90_INTERMEDIATE/SCREENSHOTS/de1ee218-60dc-4b11-b243-1f352c398785.png:Zone.Identifier | data/lseg/raw/99_UNCLASSIFIED_RETAINED/LSEG_DISCOVERY_RAW_NOTES.txt:Zone.Identifier | data/lseg/raw/99_UNCLASSIFIED_RETAINED/table_100016453.xls:Zone.Identifier | data/lseg/raw/CH_DA_RAW.xlsx:Zone.Identifier | data/lseg/raw/DE_DA_RAW.xlsx:Zone.Identifier | data/lseg/raw/EDF_NUCLEAR_OUTAGE_REVISIONS_PIT.csv:Zone.Identifier | data/lseg/raw/EDF_NUCLEAR_PIT_DAILY_2021_2026.csv:Zone.Identifier | data/lseg/raw/FR_15M_RAW.xlsx:Zone.Identifier | data/lseg/raw/FR_DA_RAW_COMBINED.xlsx:Zone.Identifier | data/lseg/raw/Historique des indispo des moyens de production - depuis 2015 - 07092026-full.csv:Zone.Identifier | data/lseg/raw/IT_DA_RAW (1).xlsx:Zone.Identifier | data/lseg/raw/IT_DA_RAW.xlsx:Zone.Identifier | data/lseg/raw/IT_DEMAND_15M_ALL_ZONES_TEMPLATE.xlsx:Zone.Identifier | data/lseg/raw/IT_DEMAND_15M_NORTH.xlsx:Zone.Identifier | data/lseg/raw/IT_DEMAND_HOURLY.xlsx:Zone.Identifier | data/lseg/raw/publications-transparence-et-remit-liste-des-messages-edf-sa.csv:Zone.Identifier,Windows download-origin sidecar; excluded from data analysis.
data/lseg/raw/90_INTERMEDIATE/LSEG_PRICE_DEMAND/Mappe1(1).xlsx,Mappe1(1).xlsx,xlsx,other,unclassified,unclassified,UNKNOWN,Timestamp; TRDPRC_1 (RIC-specific repeated field),EUR/MWh likely for price workbooks; MW likely for demand workbooks; units not explicitly declared,Timestamp,"('2021-01-01 00:00:00', '2025-09-29 00:00:00')",not established from filename,observed/market value series; forecast status not encoded,Not present,Timestamp is delivery/observation time; no issue time,Not present in workbook layout,41220,0/3466 blank data cells in profiled tabular sheets,UNKNOWN,UNKNOWN,,,No reliable semantic mapping inferred.
data/lseg/raw/90_INTERMEDIATE/LSEG_PRICE_DEMAND/Mappe1(1).xlsx:Zone.Identifier,Mappe1(1).xlsx:Zone.Identifier,identifier,metadata_sidecar,ancillary file metadata,Zone.Identifier,UNKNOWN,Not applicable/non-tabular or not safely extractable,Not applicable or not declared,Not safely extractable,Not determined from file metadata,Not determined,Not determinable,Not safely extractable,Not safely extractable,Not safely extractable,25,Not applicable/non-tabular,UNKNOWN,None,,data/lseg/raw/00_START_HERE/ANONYMOUS_XLS_MAPPING.md:Zone.Identifier | data/lseg/raw/00_START_HERE/DATA_CATALOG.csv:Zone.Identifier | data/lseg/raw/00_START_HERE/EXTRACTION_STATUS_AND_GAPS.md:Zone.Identifier | data/lseg/raw/00_START_HERE/LICENSE_NOTES.md:Zone.Identifier | data/lseg/raw/00_START_HERE/MANIFEST_SHA256.csv:Zone.Identifier | data/lseg/raw/00_START_HERE/MISSING_CH_DE_RECOVERY.md:Zone.Identifier | data/lseg/raw/00_START_HERE/MISSING_CH_DE_RICS.csv:Zone.Identifier | data/lseg/raw/00_START_HERE/PROJECT_OBJECTIVE.txt:Zone.Identifier | data/lseg/raw/00_START_HERE/README_FIRST.md:Zone.Identifier | data/lseg/raw/00_START_HERE/RIC_FAMILIES.csv:Zone.Identifier | data/lseg/raw/01_CORE_HISTORICAL/FR_NUCLEAR_PIT/EDF_NUCLEAR_OUTAGE_REVISIONS_PIT.csv:Zone.Identifier | data/lseg/raw/01_CORE_HISTORICAL/FR_NUCLEAR_PIT/EDF_NUCLEAR_PIT_DAILY_2021_2026.csv:Zone.Identifier | data/lseg/raw/01_CORE_HISTORICAL/FR_NUCLEAR_PIT/EDF_NUCLEAR_PIT_SUMMARY.txt:Zone.Identifier | data/lseg/raw/01_CORE_HISTORICAL/LSEG_DEMAND/IT_DEMAND_15M_ALL_7_ZONES_2025_2026.xlsx:Zone.Identifier | data/lseg/raw/01_CORE_HISTORICAL/LSEG_DEMAND/IT_DEMAND_HOURLY_2021_2025.xlsx:Zone.Identifier | data/lseg/raw/01_CORE_HISTORICAL/LSEG_PRICES/FR_DAY_AHEAD_HOURLY_AND_15M.xlsx:Zone.Identifier | data/lseg/raw/01_CORE_HISTORICAL/LSEG_PRICES/IT_DAY_AHEAD_HOURLY_AND_15M.xlsx:Zone.Identifier | data/lseg/raw/02_SOURCE_RAW/FR_NUCLEAR/EDF_OUTAGE_HISTORY_RAW.csv:Zone.Identifier | data/lseg/raw/02_SOURCE_RAW/FR_NUCLEAR/EDF_TRANSPARENCY_REMIT_MESSAGES_RAW.csv:Zone.Identifier | data/lseg/raw/03_CURRENT_RECENT_LSEG/COST_CURVES/cost_curves_2026910_21432.xlsx:Zone.Identifier | data/lseg/raw/03_CURRENT_RECENT_LSEG/COST_CURVES/cost_curves_2026910_21543.xlsx:Zone.Identifier | data/lseg/raw/03_CURRENT_RECENT_LSEG/COST_CURVES/cost_curves_2026910_2164.xlsx:Zone.Identifier | data/lseg/raw/03_CURRENT_RECENT_LSEG/RESIDUAL_LOAD/CWE_RESIDUAL_LOAD_REPORT.pdf:Zone.Identifier | data/lseg/raw/03_CURRENT_RECENT_LSEG/RESIDUAL_LOAD/DE_RESIDUAL_LOAD_CURRENT_RECENT.xls:Zone.Identifier | data/lseg/raw/03_CURRENT_RECENT_LSEG/RESIDUAL_LOAD/DE_RESIDUAL_LOAD_REPORT.pdf:Zone.Identifier | data/lseg/raw/03_CURRENT_RECENT_LSEG/RESIDUAL_LOAD/FR_IT_RESIDUAL_LOAD_EXPORT_A.xls:Zone.Identifier | data/lseg/raw/03_CURRENT_RECENT_LSEG/RESIDUAL_LOAD/FR_IT_RESIDUAL_LOAD_EXPORT_B.xls:Zone.Identifier | data/lseg/raw/03_CURRENT_RECENT_LSEG/SUPPLY_WIND_SOLAR/GB_EMBEDDED_SOLAR_REPORT.pdf:Zone.Identifier | data/lseg/raw/03_CURRENT_RECENT_LSEG/SUPPLY_WIND_SOLAR/GB_EMBEDDED_WIND_REPORT.pdf:Zone.Identifier | data/lseg/raw/03_CURRENT_RECENT_LSEG/SUPPLY_WIND_SOLAR/SUPPLY_WIND_REPORT.pdf:Zone.Identifier | data/lseg/raw/03_CURRENT_RECENT_LSEG/WEATHER/CLOUD_COVER_CH.xls:Zone.Identifier | data/lseg/raw/03_CURRENT_RECENT_LSEG/WEATHER/CLOUD_COVER_REPORT.pdf:Zone.Identifier | data/lseg/raw/03_CURRENT_RECENT_LSEG/WEATHER/ECMWF_CLUSTER_REPORT.pdf:Zone.Identifier | data/lseg/raw/03_CURRENT_RECENT_LSEG/WEATHER/NAO_AO_REPORT.pdf:Zone.Identifier | data/lseg/raw/03_CURRENT_RECENT_LSEG/WEATHER/PRECIPITATION_ALP_AREA_REPORT.pdf:Zone.Identifier | data/lseg/raw/03_CURRENT_RECENT_LSEG/WEATHER/PRECIPITATION_CH_EFFECTIVE.xls:Zone.Identifier | data/lseg/raw/03_CURRENT_RECENT_LSEG/WEATHER/TEMPERATURE_DE_FR_AT_CH_TABLE.xls:Zone.Identifier | data/lseg/raw/03_CURRENT_RECENT_LSEG/WEATHER/TEMPERATURE_IT_CHART.xls:Zone.Identifier | data/lseg/raw/03_CURRENT_RECENT_LSEG/WEATHER/TEMPERATURE_REPORT.pdf:Zone.Identifier | data/lseg/raw/04_CROSS_BORDER_REFERENCE/01_PRICE_FLOW_GRAPH_CHE_VISIBLE.png:Zone.Identifier | data/lseg/raw/04_CROSS_BORDER_REFERENCE/02_DEU_SELECTED_CONNECTIONS.png:Zone.Identifier | data/lseg/raw/04_CROSS_BORDER_REFERENCE/03_NET_IMPORT_GRAPH.png:Zone.Identifier | data/lseg/raw/04_CROSS_BORDER_REFERENCE/04_NET_IMPORT_CHE_SELECTED_00.png:Zone.Identifier | data/lseg/raw/04_CROSS_BORDER_REFERENCE/05_NET_IMPORT_CHE_SELECTED_12.png:Zone.Identifier | data/lseg/raw/04_CROSS_BORDER_REFERENCE/06_CAPACITY_DIRECTION_1_CHE_SELECTED.png:Zone.Identifier | data/lseg/raw/04_CROSS_BORDER_REFERENCE/07_CAPACITY_DIRECTION_2_CHE_SELECTED_A.png:Zone.Identifier | data/lseg/raw/04_CROSS_BORDER_REFERENCE/08_CAPACITY_DIRECTION_2_CHE_SELECTED_B.png:Zone.Identifier | data/lseg/raw/04_CROSS_BORDER_REFERENCE/09_CAPACITY_DIRECTION_2_CHE_SELECTED_C.png:Zone.Identifier | data/lseg/raw/04_CROSS_BORDER_REFERENCE/10_SCHEDULED_EXCHANGE_NET_IMPORT_GRAPH.png:Zone.Identifier | data/lseg/raw/04_CROSS_BORDER_REFERENCE/11_SCHEDULED_EXCHANGE_CHE_SELECTED.png:Zone.Identifier | data/lseg/raw/04_CROSS_BORDER_REFERENCE/FLOWS_GRAPH_REPORT.pdf:Zone.Identifier | data/lseg/raw/05_LSEG_REFERENCE_PDFS/DEMAND_CONSUMPTION_OVERVIEW.pdf:Zone.Identifier | data/lseg/raw/90_INTERMEDIATE/LSEG_PRICE_DEMAND/FR_15M_RAW.xls.xlsx:Zone.Identifier | data/lseg/raw/90_INTERMEDIATE/LSEG_PRICE_DEMAND/FR_DA_RAW.xlsx:Zone.Identifier | data/lseg/raw/90_INTERMEDIATE/LSEG_PRICE_DEMAND/IT_DA_RAW(1).xlsx:Zone.Identifier | data/lseg/raw/90_INTERMEDIATE/LSEG_PRICE_DEMAND/IT_DA_RAW(2).xlsx:Zone.Identifier | data/lseg/raw/90_INTERMEDIATE/LSEG_PRICE_DEMAND/IT_DA_RAW(3).xlsx:Zone.Identifier | data/lseg/raw/90_INTERMEDIATE/LSEG_PRICE_DEMAND/IT_DA_RAW.xlsx:Zone.Identifier | data/lseg/raw/90_INTERMEDIATE/LSEG_PRICE_DEMAND/IT_DEMAND_15M_ALL_ZONES_TEMPLATE.xlsx:Zone.Identifier | data/lseg/raw/90_INTERMEDIATE/LSEG_PRICE_DEMAND/IT_DEMAND_15M_NORTH.xlsx:Zone.Identifier | data/lseg/raw/90_INTERMEDIATE/LSEG_PRICE_DEMAND/Mappe1(1).xlsx:Zone.Identifier | data/lseg/raw/90_INTERMEDIATE/LSEG_PRICE_DEMAND/Mappe1(2).xlsx:Zone.Identifier | data/lseg/raw/90_INTERMEDIATE/LSEG_PRICE_DEMAND/Mappe1(3).xlsx:Zone.Identifier | data/lseg/raw/90_INTERMEDIATE/LSEG_PRICE_DEMAND/Mappe1(4).xlsx:Zone.Identifier | data/lseg/raw/90_INTERMEDIATE/LSEG_PRICE_DEMAND/Mappe1(5).xlsx:Zone.Identifier | data/lseg/raw/90_INTERMEDIATE/SCREENSHOTS/0a528483-087b-4a33-a2f3-ecdd62770a3a.png:Zone.Identifier | data/lseg/raw/90_INTERMEDIATE/SCREENSHOTS/1609bf25-22b3-4c50-817b-fa945dba6bfe.png:Zone.Identifier | data/lseg/raw/90_INTERMEDIATE/SCREENSHOTS/1d02b907-f21b-48aa-bff6-9bb501bffd31.png:Zone.Identifier | data/lseg/raw/90_INTERMEDIATE/SCREENSHOTS/2bf92681-8086-451b-ad79-2cf2aaa286bf.png:Zone.Identifier | data/lseg/raw/90_INTERMEDIATE/SCREENSHOTS/5048f972-71a5-4bbb-9ebf-495783170275.png:Zone.Identifier | data/lseg/raw/90_INTERMEDIATE/SCREENSHOTS/57688dd7-cfad-46f7-9d61-7173a480ab24.png:Zone.Identifier | data/lseg/raw/90_INTERMEDIATE/SCREENSHOTS/6a48aa3a-47d9-431b-a8d4-4b421a82f395.png:Zone.Identifier | data/lseg/raw/90_INTERMEDIATE/SCREENSHOTS/6b0bf7a6-4724-4c1c-98c7-10c623883a8b.png:Zone.Identifier | data/lseg/raw/90_INTERMEDIATE/SCREENSHOTS/7cdf8489-62e1-4566-9c92-ddde781dfc41.png:Zone.Identifier | data/lseg/raw/90_INTERMEDIATE/SCREENSHOTS/839b9904-b506-4600-a582-19546fc0d0dc.png:Zone.Identifier | data/lseg/raw/90_INTERMEDIATE/SCREENSHOTS/87b02fce-0b58-4ead-b793-267dd464b8ec.png:Zone.Identifier | data/lseg/raw/90_INTERMEDIATE/SCREENSHOTS/917dfe63-9fd2-4e78-89c4-b98dcf9f033f.png:Zone.Identifier | data/lseg/raw/90_INTERMEDIATE/SCREENSHOTS/990167dc-a3d5-4b22-acec-131b4e0f87c9.png:Zone.Identifier | data/lseg/raw/90_INTERMEDIATE/SCREENSHOTS/af6db8b3-1471-4a8e-9879-1e782574016e.png:Zone.Identifier | data/lseg/raw/90_INTERMEDIATE/SCREENSHOTS/b94c25b1-cacf-496f-802b-f74a6ec3c376.png:Zone.Identifier | data/lseg/raw/90_INTERMEDIATE/SCREENSHOTS/bc276a5b-6ae8-473b-abe3-2d17e33bcdd3.png:Zone.Identifier | data/lseg/raw/90_INTERMEDIATE/SCREENSHOTS/chart_100049390.embedded.png:Zone.Identifier | data/lseg/raw/90_INTERMEDIATE/SCREENSHOTS/chart_100127248.embedded.png:Zone.Identifier | data/lseg/raw/90_INTERMEDIATE/SCREENSHOTS/crop_che.png:Zone.Identifier | data/lseg/raw/90_INTERMEDIATE/SCREENSHOTS/de1ee218-60dc-4b11-b243-1f352c398785.png:Zone.Identifier | data/lseg/raw/99_UNCLASSIFIED_RETAINED/LSEG_DISCOVERY_RAW_NOTES.txt:Zone.Identifier | data/lseg/raw/99_UNCLASSIFIED_RETAINED/table_100016453.xls:Zone.Identifier | data/lseg/raw/CH_DA_RAW.xlsx:Zone.Identifier | data/lseg/raw/DE_DA_RAW.xlsx:Zone.Identifier | data/lseg/raw/EDF_NUCLEAR_OUTAGE_REVISIONS_PIT.csv:Zone.Identifier | data/lseg/raw/EDF_NUCLEAR_PIT_DAILY_2021_2026.csv:Zone.Identifier | data/lseg/raw/FR_15M_RAW.xlsx:Zone.Identifier | data/lseg/raw/FR_DA_RAW_COMBINED.xlsx:Zone.Identifier | data/lseg/raw/Historique des indispo des moyens de production - depuis 2015 - 07092026-full.csv:Zone.Identifier | data/lseg/raw/IT_DA_RAW (1).xlsx:Zone.Identifier | data/lseg/raw/IT_DA_RAW.xlsx:Zone.Identifier | data/lseg/raw/IT_DEMAND_15M_ALL_ZONES_TEMPLATE.xlsx:Zone.Identifier | data/lseg/raw/IT_DEMAND_15M_NORTH.xlsx:Zone.Identifier | data/lseg/raw/IT_DEMAND_HOURLY.xlsx:Zone.Identifier | data/lseg/raw/publications-transparence-et-remit-liste-des-messages-edf-sa.csv:Zone.Identifier,Windows download-origin sidecar; excluded from data analysis.
data/lseg/raw/90_INTERMEDIATE/LSEG_PRICE_DEMAND/Mappe1(2).xlsx,Mappe1(2).xlsx,xlsx,other,unclassified,unclassified,UNKNOWN,Timestamp; TRDPRC_1 (RIC-specific repeated field),EUR/MWh likely for price workbooks; MW likely for demand workbooks; units not explicitly declared,Timestamp,"('2021-01-01 00:00:00', '2025-09-29 00:00:00')",not established from filename,observed/market value series; forecast status not encoded,Not present,Timestamp is delivery/observation time; no issue time,Not present in workbook layout,43526,0/3466 blank data cells in profiled tabular sheets,UNKNOWN,UNKNOWN,,,No reliable semantic mapping inferred.
data/lseg/raw/90_INTERMEDIATE/LSEG_PRICE_DEMAND/Mappe1(2).xlsx:Zone.Identifier,Mappe1(2).xlsx:Zone.Identifier,identifier,metadata_sidecar,ancillary file metadata,Zone.Identifier,UNKNOWN,Not applicable/non-tabular or not safely extractable,Not applicable or not declared,Not safely extractable,Not determined from file metadata,Not determined,Not determinable,Not safely extractable,Not safely extractable,Not safely extractable,25,Not applicable/non-tabular,UNKNOWN,None,,data/lseg/raw/00_START_HERE/ANONYMOUS_XLS_MAPPING.md:Zone.Identifier | data/lseg/raw/00_START_HERE/DATA_CATALOG.csv:Zone.Identifier | data/lseg/raw/00_START_HERE/EXTRACTION_STATUS_AND_GAPS.md:Zone.Identifier | data/lseg/raw/00_START_HERE/LICENSE_NOTES.md:Zone.Identifier | data/lseg/raw/00_START_HERE/MANIFEST_SHA256.csv:Zone.Identifier | data/lseg/raw/00_START_HERE/MISSING_CH_DE_RECOVERY.md:Zone.Identifier | data/lseg/raw/00_START_HERE/MISSING_CH_DE_RICS.csv:Zone.Identifier | data/lseg/raw/00_START_HERE/PROJECT_OBJECTIVE.txt:Zone.Identifier | data/lseg/raw/00_START_HERE/README_FIRST.md:Zone.Identifier | data/lseg/raw/00_START_HERE/RIC_FAMILIES.csv:Zone.Identifier | data/lseg/raw/01_CORE_HISTORICAL/FR_NUCLEAR_PIT/EDF_NUCLEAR_OUTAGE_REVISIONS_PIT.csv:Zone.Identifier | data/lseg/raw/01_CORE_HISTORICAL/FR_NUCLEAR_PIT/EDF_NUCLEAR_PIT_DAILY_2021_2026.csv:Zone.Identifier | data/lseg/raw/01_CORE_HISTORICAL/FR_NUCLEAR_PIT/EDF_NUCLEAR_PIT_SUMMARY.txt:Zone.Identifier | data/lseg/raw/01_CORE_HISTORICAL/LSEG_DEMAND/IT_DEMAND_15M_ALL_7_ZONES_2025_2026.xlsx:Zone.Identifier | data/lseg/raw/01_CORE_HISTORICAL/LSEG_DEMAND/IT_DEMAND_HOURLY_2021_2025.xlsx:Zone.Identifier | data/lseg/raw/01_CORE_HISTORICAL/LSEG_PRICES/FR_DAY_AHEAD_HOURLY_AND_15M.xlsx:Zone.Identifier | data/lseg/raw/01_CORE_HISTORICAL/LSEG_PRICES/IT_DAY_AHEAD_HOURLY_AND_15M.xlsx:Zone.Identifier | data/lseg/raw/02_SOURCE_RAW/FR_NUCLEAR/EDF_OUTAGE_HISTORY_RAW.csv:Zone.Identifier | data/lseg/raw/02_SOURCE_RAW/FR_NUCLEAR/EDF_TRANSPARENCY_REMIT_MESSAGES_RAW.csv:Zone.Identifier | data/lseg/raw/03_CURRENT_RECENT_LSEG/COST_CURVES/cost_curves_2026910_21432.xlsx:Zone.Identifier | data/lseg/raw/03_CURRENT_RECENT_LSEG/COST_CURVES/cost_curves_2026910_21543.xlsx:Zone.Identifier | data/lseg/raw/03_CURRENT_RECENT_LSEG/COST_CURVES/cost_curves_2026910_2164.xlsx:Zone.Identifier | data/lseg/raw/03_CURRENT_RECENT_LSEG/RESIDUAL_LOAD/CWE_RESIDUAL_LOAD_REPORT.pdf:Zone.Identifier | data/lseg/raw/03_CURRENT_RECENT_LSEG/RESIDUAL_LOAD/DE_RESIDUAL_LOAD_CURRENT_RECENT.xls:Zone.Identifier | data/lseg/raw/03_CURRENT_RECENT_LSEG/RESIDUAL_LOAD/DE_RESIDUAL_LOAD_REPORT.pdf:Zone.Identifier | data/lseg/raw/03_CURRENT_RECENT_LSEG/RESIDUAL_LOAD/FR_IT_RESIDUAL_LOAD_EXPORT_A.xls:Zone.Identifier | data/lseg/raw/03_CURRENT_RECENT_LSEG/RESIDUAL_LOAD/FR_IT_RESIDUAL_LOAD_EXPORT_B.xls:Zone.Identifier | data/lseg/raw/03_CURRENT_RECENT_LSEG/SUPPLY_WIND_SOLAR/GB_EMBEDDED_SOLAR_REPORT.pdf:Zone.Identifier | data/lseg/raw/03_CURRENT_RECENT_LSEG/SUPPLY_WIND_SOLAR/GB_EMBEDDED_WIND_REPORT.pdf:Zone.Identifier | data/lseg/raw/03_CURRENT_RECENT_LSEG/SUPPLY_WIND_SOLAR/SUPPLY_WIND_REPORT.pdf:Zone.Identifier | data/lseg/raw/03_CURRENT_RECENT_LSEG/WEATHER/CLOUD_COVER_CH.xls:Zone.Identifier | data/lseg/raw/03_CURRENT_RECENT_LSEG/WEATHER/CLOUD_COVER_REPORT.pdf:Zone.Identifier | data/lseg/raw/03_CURRENT_RECENT_LSEG/WEATHER/ECMWF_CLUSTER_REPORT.pdf:Zone.Identifier | data/lseg/raw/03_CURRENT_RECENT_LSEG/WEATHER/NAO_AO_REPORT.pdf:Zone.Identifier | data/lseg/raw/03_CURRENT_RECENT_LSEG/WEATHER/PRECIPITATION_ALP_AREA_REPORT.pdf:Zone.Identifier | data/lseg/raw/03_CURRENT_RECENT_LSEG/WEATHER/PRECIPITATION_CH_EFFECTIVE.xls:Zone.Identifier | data/lseg/raw/03_CURRENT_RECENT_LSEG/WEATHER/TEMPERATURE_DE_FR_AT_CH_TABLE.xls:Zone.Identifier | data/lseg/raw/03_CURRENT_RECENT_LSEG/WEATHER/TEMPERATURE_IT_CHART.xls:Zone.Identifier | data/lseg/raw/03_CURRENT_RECENT_LSEG/WEATHER/TEMPERATURE_REPORT.pdf:Zone.Identifier | data/lseg/raw/04_CROSS_BORDER_REFERENCE/01_PRICE_FLOW_GRAPH_CHE_VISIBLE.png:Zone.Identifier | data/lseg/raw/04_CROSS_BORDER_REFERENCE/02_DEU_SELECTED_CONNECTIONS.png:Zone.Identifier | data/lseg/raw/04_CROSS_BORDER_REFERENCE/03_NET_IMPORT_GRAPH.png:Zone.Identifier | data/lseg/raw/04_CROSS_BORDER_REFERENCE/04_NET_IMPORT_CHE_SELECTED_00.png:Zone.Identifier | data/lseg/raw/04_CROSS_BORDER_REFERENCE/05_NET_IMPORT_CHE_SELECTED_12.png:Zone.Identifier | data/lseg/raw/04_CROSS_BORDER_REFERENCE/06_CAPACITY_DIRECTION_1_CHE_SELECTED.png:Zone.Identifier | data/lseg/raw/04_CROSS_BORDER_REFERENCE/07_CAPACITY_DIRECTION_2_CHE_SELECTED_A.png:Zone.Identifier | data/lseg/raw/04_CROSS_BORDER_REFERENCE/08_CAPACITY_DIRECTION_2_CHE_SELECTED_B.png:Zone.Identifier | data/lseg/raw/04_CROSS_BORDER_REFERENCE/09_CAPACITY_DIRECTION_2_CHE_SELECTED_C.png:Zone.Identifier | data/lseg/raw/04_CROSS_BORDER_REFERENCE/10_SCHEDULED_EXCHANGE_NET_IMPORT_GRAPH.png:Zone.Identifier | data/lseg/raw/04_CROSS_BORDER_REFERENCE/11_SCHEDULED_EXCHANGE_CHE_SELECTED.png:Zone.Identifier | data/lseg/raw/04_CROSS_BORDER_REFERENCE/FLOWS_GRAPH_REPORT.pdf:Zone.Identifier | data/lseg/raw/05_LSEG_REFERENCE_PDFS/DEMAND_CONSUMPTION_OVERVIEW.pdf:Zone.Identifier | data/lseg/raw/90_INTERMEDIATE/LSEG_PRICE_DEMAND/FR_15M_RAW.xls.xlsx:Zone.Identifier | data/lseg/raw/90_INTERMEDIATE/LSEG_PRICE_DEMAND/FR_DA_RAW.xlsx:Zone.Identifier | data/lseg/raw/90_INTERMEDIATE/LSEG_PRICE_DEMAND/IT_DA_RAW(1).xlsx:Zone.Identifier | data/lseg/raw/90_INTERMEDIATE/LSEG_PRICE_DEMAND/IT_DA_RAW(2).xlsx:Zone.Identifier | data/lseg/raw/90_INTERMEDIATE/LSEG_PRICE_DEMAND/IT_DA_RAW(3).xlsx:Zone.Identifier | data/lseg/raw/90_INTERMEDIATE/LSEG_PRICE_DEMAND/IT_DA_RAW.xlsx:Zone.Identifier | data/lseg/raw/90_INTERMEDIATE/LSEG_PRICE_DEMAND/IT_DEMAND_15M_ALL_ZONES_TEMPLATE.xlsx:Zone.Identifier | data/lseg/raw/90_INTERMEDIATE/LSEG_PRICE_DEMAND/IT_DEMAND_15M_NORTH.xlsx:Zone.Identifier | data/lseg/raw/90_INTERMEDIATE/LSEG_PRICE_DEMAND/Mappe1(1).xlsx:Zone.Identifier | data/lseg/raw/90_INTERMEDIATE/LSEG_PRICE_DEMAND/Mappe1(2).xlsx:Zone.Identifier | data/lseg/raw/90_INTERMEDIATE/LSEG_PRICE_DEMAND/Mappe1(3).xlsx:Zone.Identifier | data/lseg/raw/90_INTERMEDIATE/LSEG_PRICE_DEMAND/Mappe1(4).xlsx:Zone.Identifier | data/lseg/raw/90_INTERMEDIATE/LSEG_PRICE_DEMAND/Mappe1(5).xlsx:Zone.Identifier | data/lseg/raw/90_INTERMEDIATE/SCREENSHOTS/0a528483-087b-4a33-a2f3-ecdd62770a3a.png:Zone.Identifier | data/lseg/raw/90_INTERMEDIATE/SCREENSHOTS/1609bf25-22b3-4c50-817b-fa945dba6bfe.png:Zone.Identifier | data/lseg/raw/90_INTERMEDIATE/SCREENSHOTS/1d02b907-f21b-48aa-bff6-9bb501bffd31.png:Zone.Identifier | data/lseg/raw/90_INTERMEDIATE/SCREENSHOTS/2bf92681-8086-451b-ad79-2cf2aaa286bf.png:Zone.Identifier | data/lseg/raw/90_INTERMEDIATE/SCREENSHOTS/5048f972-71a5-4bbb-9ebf-495783170275.png:Zone.Identifier | data/lseg/raw/90_INTERMEDIATE/SCREENSHOTS/57688dd7-cfad-46f7-9d61-7173a480ab24.png:Zone.Identifier | data/lseg/raw/90_INTERMEDIATE/SCREENSHOTS/6a48aa3a-47d9-431b-a8d4-4b421a82f395.png:Zone.Identifier | data/lseg/raw/90_INTERMEDIATE/SCREENSHOTS/6b0bf7a6-4724-4c1c-98c7-10c623883a8b.png:Zone.Identifier | data/lseg/raw/90_INTERMEDIATE/SCREENSHOTS/7cdf8489-62e1-4566-9c92-ddde781dfc41.png:Zone.Identifier | data/lseg/raw/90_INTERMEDIATE/SCREENSHOTS/839b9904-b506-4600-a582-19546fc0d0dc.png:Zone.Identifier | data/lseg/raw/90_INTERMEDIATE/SCREENSHOTS/87b02fce-0b58-4ead-b793-267dd464b8ec.png:Zone.Identifier | data/lseg/raw/90_INTERMEDIATE/SCREENSHOTS/917dfe63-9fd2-4e78-89c4-b98dcf9f033f.png:Zone.Identifier | data/lseg/raw/90_INTERMEDIATE/SCREENSHOTS/990167dc-a3d5-4b22-acec-131b4e0f87c9.png:Zone.Identifier | data/lseg/raw/90_INTERMEDIATE/SCREENSHOTS/af6db8b3-1471-4a8e-9879-1e782574016e.png:Zone.Identifier | data/lseg/raw/90_INTERMEDIATE/SCREENSHOTS/b94c25b1-cacf-496f-802b-f74a6ec3c376.png:Zone.Identifier | data/lseg/raw/90_INTERMEDIATE/SCREENSHOTS/bc276a5b-6ae8-473b-abe3-2d17e33bcdd3.png:Zone.Identifier | data/lseg/raw/90_INTERMEDIATE/SCREENSHOTS/chart_100049390.embedded.png:Zone.Identifier | data/lseg/raw/90_INTERMEDIATE/SCREENSHOTS/chart_100127248.embedded.png:Zone.Identifier | data/lseg/raw/90_INTERMEDIATE/SCREENSHOTS/crop_che.png:Zone.Identifier | data/lseg/raw/90_INTERMEDIATE/SCREENSHOTS/de1ee218-60dc-4b11-b243-1f352c398785.png:Zone.Identifier | data/lseg/raw/99_UNCLASSIFIED_RETAINED/LSEG_DISCOVERY_RAW_NOTES.txt:Zone.Identifier | data/lseg/raw/99_UNCLASSIFIED_RETAINED/table_100016453.xls:Zone.Identifier | data/lseg/raw/CH_DA_RAW.xlsx:Zone.Identifier | data/lseg/raw/DE_DA_RAW.xlsx:Zone.Identifier | data/lseg/raw/EDF_NUCLEAR_OUTAGE_REVISIONS_PIT.csv:Zone.Identifier | data/lseg/raw/EDF_NUCLEAR_PIT_DAILY_2021_2026.csv:Zone.Identifier | data/lseg/raw/FR_15M_RAW.xlsx:Zone.Identifier | data/lseg/raw/FR_DA_RAW_COMBINED.xlsx:Zone.Identifier | data/lseg/raw/Historique des indispo des moyens de production - depuis 2015 - 07092026-full.csv:Zone.Identifier | data/lseg/raw/IT_DA_RAW (1).xlsx:Zone.Identifier | data/lseg/raw/IT_DA_RAW.xlsx:Zone.Identifier | data/lseg/raw/IT_DEMAND_15M_ALL_ZONES_TEMPLATE.xlsx:Zone.Identifier | data/lseg/raw/IT_DEMAND_15M_NORTH.xlsx:Zone.Identifier | data/lseg/raw/IT_DEMAND_HOURLY.xlsx:Zone.Identifier | data/lseg/raw/publications-transparence-et-remit-liste-des-messages-edf-sa.csv:Zone.Identifier,Windows download-origin sidecar; excluded from data analysis.
data/lseg/raw/90_INTERMEDIATE/LSEG_PRICE_DEMAND/Mappe1(3).xlsx,Mappe1(3).xlsx,xlsx,other,unclassified,unclassified,UNKNOWN,Timestamp; TRDPRC_1 (RIC-specific repeated field),EUR/MWh likely for price workbooks; MW likely for demand workbooks; units not explicitly declared,Timestamp,"('2021-01-01 00:00:00', '2025-09-29 00:00:00')",not established from filename,observed/market value series; forecast status not encoded,Not present,Timestamp is delivery/observation time; no issue time,Not present in workbook layout,61314,0/6932 blank data cells in profiled tabular sheets,UNKNOWN,UNKNOWN,,,No reliable semantic mapping inferred.
data/lseg/raw/90_INTERMEDIATE/LSEG_PRICE_DEMAND/Mappe1(3).xlsx:Zone.Identifier,Mappe1(3).xlsx:Zone.Identifier,identifier,metadata_sidecar,ancillary file metadata,Zone.Identifier,UNKNOWN,Not applicable/non-tabular or not safely extractable,Not applicable or not declared,Not safely extractable,Not determined from file metadata,Not determined,Not determinable,Not safely extractable,Not safely extractable,Not safely extractable,25,Not applicable/non-tabular,UNKNOWN,None,,data/lseg/raw/00_START_HERE/ANONYMOUS_XLS_MAPPING.md:Zone.Identifier | data/lseg/raw/00_START_HERE/DATA_CATALOG.csv:Zone.Identifier | data/lseg/raw/00_START_HERE/EXTRACTION_STATUS_AND_GAPS.md:Zone.Identifier | data/lseg/raw/00_START_HERE/LICENSE_NOTES.md:Zone.Identifier | data/lseg/raw/00_START_HERE/MANIFEST_SHA256.csv:Zone.Identifier | data/lseg/raw/00_START_HERE/MISSING_CH_DE_RECOVERY.md:Zone.Identifier | data/lseg/raw/00_START_HERE/MISSING_CH_DE_RICS.csv:Zone.Identifier | data/lseg/raw/00_START_HERE/PROJECT_OBJECTIVE.txt:Zone.Identifier | data/lseg/raw/00_START_HERE/README_FIRST.md:Zone.Identifier | data/lseg/raw/00_START_HERE/RIC_FAMILIES.csv:Zone.Identifier | data/lseg/raw/01_CORE_HISTORICAL/FR_NUCLEAR_PIT/EDF_NUCLEAR_OUTAGE_REVISIONS_PIT.csv:Zone.Identifier | data/lseg/raw/01_CORE_HISTORICAL/FR_NUCLEAR_PIT/EDF_NUCLEAR_PIT_DAILY_2021_2026.csv:Zone.Identifier | data/lseg/raw/01_CORE_HISTORICAL/FR_NUCLEAR_PIT/EDF_NUCLEAR_PIT_SUMMARY.txt:Zone.Identifier | data/lseg/raw/01_CORE_HISTORICAL/LSEG_DEMAND/IT_DEMAND_15M_ALL_7_ZONES_2025_2026.xlsx:Zone.Identifier | data/lseg/raw/01_CORE_HISTORICAL/LSEG_DEMAND/IT_DEMAND_HOURLY_2021_2025.xlsx:Zone.Identifier | data/lseg/raw/01_CORE_HISTORICAL/LSEG_PRICES/FR_DAY_AHEAD_HOURLY_AND_15M.xlsx:Zone.Identifier | data/lseg/raw/01_CORE_HISTORICAL/LSEG_PRICES/IT_DAY_AHEAD_HOURLY_AND_15M.xlsx:Zone.Identifier | data/lseg/raw/02_SOURCE_RAW/FR_NUCLEAR/EDF_OUTAGE_HISTORY_RAW.csv:Zone.Identifier | data/lseg/raw/02_SOURCE_RAW/FR_NUCLEAR/EDF_TRANSPARENCY_REMIT_MESSAGES_RAW.csv:Zone.Identifier | data/lseg/raw/03_CURRENT_RECENT_LSEG/COST_CURVES/cost_curves_2026910_21432.xlsx:Zone.Identifier | data/lseg/raw/03_CURRENT_RECENT_LSEG/COST_CURVES/cost_curves_2026910_21543.xlsx:Zone.Identifier | data/lseg/raw/03_CURRENT_RECENT_LSEG/COST_CURVES/cost_curves_2026910_2164.xlsx:Zone.Identifier | data/lseg/raw/03_CURRENT_RECENT_LSEG/RESIDUAL_LOAD/CWE_RESIDUAL_LOAD_REPORT.pdf:Zone.Identifier | data/lseg/raw/03_CURRENT_RECENT_LSEG/RESIDUAL_LOAD/DE_RESIDUAL_LOAD_CURRENT_RECENT.xls:Zone.Identifier | data/lseg/raw/03_CURRENT_RECENT_LSEG/RESIDUAL_LOAD/DE_RESIDUAL_LOAD_REPORT.pdf:Zone.Identifier | data/lseg/raw/03_CURRENT_RECENT_LSEG/RESIDUAL_LOAD/FR_IT_RESIDUAL_LOAD_EXPORT_A.xls:Zone.Identifier | data/lseg/raw/03_CURRENT_RECENT_LSEG/RESIDUAL_LOAD/FR_IT_RESIDUAL_LOAD_EXPORT_B.xls:Zone.Identifier | data/lseg/raw/03_CURRENT_RECENT_LSEG/SUPPLY_WIND_SOLAR/GB_EMBEDDED_SOLAR_REPORT.pdf:Zone.Identifier | data/lseg/raw/03_CURRENT_RECENT_LSEG/SUPPLY_WIND_SOLAR/GB_EMBEDDED_WIND_REPORT.pdf:Zone.Identifier | data/lseg/raw/03_CURRENT_RECENT_LSEG/SUPPLY_WIND_SOLAR/SUPPLY_WIND_REPORT.pdf:Zone.Identifier | data/lseg/raw/03_CURRENT_RECENT_LSEG/WEATHER/CLOUD_COVER_CH.xls:Zone.Identifier | data/lseg/raw/03_CURRENT_RECENT_LSEG/WEATHER/CLOUD_COVER_REPORT.pdf:Zone.Identifier | data/lseg/raw/03_CURRENT_RECENT_LSEG/WEATHER/ECMWF_CLUSTER_REPORT.pdf:Zone.Identifier | data/lseg/raw/03_CURRENT_RECENT_LSEG/WEATHER/NAO_AO_REPORT.pdf:Zone.Identifier | data/lseg/raw/03_CURRENT_RECENT_LSEG/WEATHER/PRECIPITATION_ALP_AREA_REPORT.pdf:Zone.Identifier | data/lseg/raw/03_CURRENT_RECENT_LSEG/WEATHER/PRECIPITATION_CH_EFFECTIVE.xls:Zone.Identifier | data/lseg/raw/03_CURRENT_RECENT_LSEG/WEATHER/TEMPERATURE_DE_FR_AT_CH_TABLE.xls:Zone.Identifier | data/lseg/raw/03_CURRENT_RECENT_LSEG/WEATHER/TEMPERATURE_IT_CHART.xls:Zone.Identifier | data/lseg/raw/03_CURRENT_RECENT_LSEG/WEATHER/TEMPERATURE_REPORT.pdf:Zone.Identifier | data/lseg/raw/04_CROSS_BORDER_REFERENCE/01_PRICE_FLOW_GRAPH_CHE_VISIBLE.png:Zone.Identifier | data/lseg/raw/04_CROSS_BORDER_REFERENCE/02_DEU_SELECTED_CONNECTIONS.png:Zone.Identifier | data/lseg/raw/04_CROSS_BORDER_REFERENCE/03_NET_IMPORT_GRAPH.png:Zone.Identifier | data/lseg/raw/04_CROSS_BORDER_REFERENCE/04_NET_IMPORT_CHE_SELECTED_00.png:Zone.Identifier | data/lseg/raw/04_CROSS_BORDER_REFERENCE/05_NET_IMPORT_CHE_SELECTED_12.png:Zone.Identifier | data/lseg/raw/04_CROSS_BORDER_REFERENCE/06_CAPACITY_DIRECTION_1_CHE_SELECTED.png:Zone.Identifier | data/lseg/raw/04_CROSS_BORDER_REFERENCE/07_CAPACITY_DIRECTION_2_CHE_SELECTED_A.png:Zone.Identifier | data/lseg/raw/04_CROSS_BORDER_REFERENCE/08_CAPACITY_DIRECTION_2_CHE_SELECTED_B.png:Zone.Identifier | data/lseg/raw/04_CROSS_BORDER_REFERENCE/09_CAPACITY_DIRECTION_2_CHE_SELECTED_C.png:Zone.Identifier | data/lseg/raw/04_CROSS_BORDER_REFERENCE/10_SCHEDULED_EXCHANGE_NET_IMPORT_GRAPH.png:Zone.Identifier | data/lseg/raw/04_CROSS_BORDER_REFERENCE/11_SCHEDULED_EXCHANGE_CHE_SELECTED.png:Zone.Identifier | data/lseg/raw/04_CROSS_BORDER_REFERENCE/FLOWS_GRAPH_REPORT.pdf:Zone.Identifier | data/lseg/raw/05_LSEG_REFERENCE_PDFS/DEMAND_CONSUMPTION_OVERVIEW.pdf:Zone.Identifier | data/lseg/raw/90_INTERMEDIATE/LSEG_PRICE_DEMAND/FR_15M_RAW.xls.xlsx:Zone.Identifier | data/lseg/raw/90_INTERMEDIATE/LSEG_PRICE_DEMAND/FR_DA_RAW.xlsx:Zone.Identifier | data/lseg/raw/90_INTERMEDIATE/LSEG_PRICE_DEMAND/IT_DA_RAW(1).xlsx:Zone.Identifier | data/lseg/raw/90_INTERMEDIATE/LSEG_PRICE_DEMAND/IT_DA_RAW(2).xlsx:Zone.Identifier | data/lseg/raw/90_INTERMEDIATE/LSEG_PRICE_DEMAND/IT_DA_RAW(3).xlsx:Zone.Identifier | data/lseg/raw/90_INTERMEDIATE/LSEG_PRICE_DEMAND/IT_DA_RAW.xlsx:Zone.Identifier | data/lseg/raw/90_INTERMEDIATE/LSEG_PRICE_DEMAND/IT_DEMAND_15M_ALL_ZONES_TEMPLATE.xlsx:Zone.Identifier | data/lseg/raw/90_INTERMEDIATE/LSEG_PRICE_DEMAND/IT_DEMAND_15M_NORTH.xlsx:Zone.Identifier | data/lseg/raw/90_INTERMEDIATE/LSEG_PRICE_DEMAND/Mappe1(1).xlsx:Zone.Identifier | data/lseg/raw/90_INTERMEDIATE/LSEG_PRICE_DEMAND/Mappe1(2).xlsx:Zone.Identifier | data/lseg/raw/90_INTERMEDIATE/LSEG_PRICE_DEMAND/Mappe1(3).xlsx:Zone.Identifier | data/lseg/raw/90_INTERMEDIATE/LSEG_PRICE_DEMAND/Mappe1(4).xlsx:Zone.Identifier | data/lseg/raw/90_INTERMEDIATE/LSEG_PRICE_DEMAND/Mappe1(5).xlsx:Zone.Identifier | data/lseg/raw/90_INTERMEDIATE/SCREENSHOTS/0a528483-087b-4a33-a2f3-ecdd62770a3a.png:Zone.Identifier | data/lseg/raw/90_INTERMEDIATE/SCREENSHOTS/1609bf25-22b3-4c50-817b-fa945dba6bfe.png:Zone.Identifier | data/lseg/raw/90_INTERMEDIATE/SCREENSHOTS/1d02b907-f21b-48aa-bff6-9bb501bffd31.png:Zone.Identifier | data/lseg/raw/90_INTERMEDIATE/SCREENSHOTS/2bf92681-8086-451b-ad79-2cf2aaa286bf.png:Zone.Identifier | data/lseg/raw/90_INTERMEDIATE/SCREENSHOTS/5048f972-71a5-4bbb-9ebf-495783170275.png:Zone.Identifier | data/lseg/raw/90_INTERMEDIATE/SCREENSHOTS/57688dd7-cfad-46f7-9d61-7173a480ab24.png:Zone.Identifier | data/lseg/raw/90_INTERMEDIATE/SCREENSHOTS/6a48aa3a-47d9-431b-a8d4-4b421a82f395.png:Zone.Identifier | data/lseg/raw/90_INTERMEDIATE/SCREENSHOTS/6b0bf7a6-4724-4c1c-98c7-10c623883a8b.png:Zone.Identifier | data/lseg/raw/90_INTERMEDIATE/SCREENSHOTS/7cdf8489-62e1-4566-9c92-ddde781dfc41.png:Zone.Identifier | data/lseg/raw/90_INTERMEDIATE/SCREENSHOTS/839b9904-b506-4600-a582-19546fc0d0dc.png:Zone.Identifier | data/lseg/raw/90_INTERMEDIATE/SCREENSHOTS/87b02fce-0b58-4ead-b793-267dd464b8ec.png:Zone.Identifier | data/lseg/raw/90_INTERMEDIATE/SCREENSHOTS/917dfe63-9fd2-4e78-89c4-b98dcf9f033f.png:Zone.Identifier | data/lseg/raw/90_INTERMEDIATE/SCREENSHOTS/990167dc-a3d5-4b22-acec-131b4e0f87c9.png:Zone.Identifier | data/lseg/raw/90_INTERMEDIATE/SCREENSHOTS/af6db8b3-1471-4a8e-9879-1e782574016e.png:Zone.Identifier | data/lseg/raw/90_INTERMEDIATE/SCREENSHOTS/b94c25b1-cacf-496f-802b-f74a6ec3c376.png:Zone.Identifier | data/lseg/raw/90_INTERMEDIATE/SCREENSHOTS/bc276a5b-6ae8-473b-abe3-2d17e33bcdd3.png:Zone.Identifier | data/lseg/raw/90_INTERMEDIATE/SCREENSHOTS/chart_100049390.embedded.png:Zone.Identifier | data/lseg/raw/90_INTERMEDIATE/SCREENSHOTS/chart_100127248.embedded.png:Zone.Identifier | data/lseg/raw/90_INTERMEDIATE/SCREENSHOTS/crop_che.png:Zone.Identifier | data/lseg/raw/90_INTERMEDIATE/SCREENSHOTS/de1ee218-60dc-4b11-b243-1f352c398785.png:Zone.Identifier | data/lseg/raw/99_UNCLASSIFIED_RETAINED/LSEG_DISCOVERY_RAW_NOTES.txt:Zone.Identifier | data/lseg/raw/99_UNCLASSIFIED_RETAINED/table_100016453.xls:Zone.Identifier | data/lseg/raw/CH_DA_RAW.xlsx:Zone.Identifier | data/lseg/raw/DE_DA_RAW.xlsx:Zone.Identifier | data/lseg/raw/EDF_NUCLEAR_OUTAGE_REVISIONS_PIT.csv:Zone.Identifier | data/lseg/raw/EDF_NUCLEAR_PIT_DAILY_2021_2026.csv:Zone.Identifier | data/lseg/raw/FR_15M_RAW.xlsx:Zone.Identifier | data/lseg/raw/FR_DA_RAW_COMBINED.xlsx:Zone.Identifier | data/lseg/raw/Historique des indispo des moyens de production - depuis 2015 - 07092026-full.csv:Zone.Identifier | data/lseg/raw/IT_DA_RAW (1).xlsx:Zone.Identifier | data/lseg/raw/IT_DA_RAW.xlsx:Zone.Identifier | data/lseg/raw/IT_DEMAND_15M_ALL_ZONES_TEMPLATE.xlsx:Zone.Identifier | data/lseg/raw/IT_DEMAND_15M_NORTH.xlsx:Zone.Identifier | data/lseg/raw/IT_DEMAND_HOURLY.xlsx:Zone.Identifier | data/lseg/raw/publications-transparence-et-remit-liste-des-messages-edf-sa.csv:Zone.Identifier,Windows download-origin sidecar; excluded from data analysis.
data/lseg/raw/90_INTERMEDIATE/LSEG_PRICE_DEMAND/Mappe1(4).xlsx,Mappe1(4).xlsx,xlsx,other,unclassified,unclassified,UNKNOWN,Timestamp; TRDPRC_1 (RIC-specific repeated field),EUR/MWh likely for price workbooks; MW likely for demand workbooks; units not explicitly declared,Timestamp,"('2021-01-01 00:00:00', '2025-09-29 00:00:00')",not established from filename,observed/market value series; forecast status not encoded,Not present,Timestamp is delivery/observation time; no issue time,Not present in workbook layout,46231,0/3464 blank data cells in profiled tabular sheets,UNKNOWN,UNKNOWN,,,No reliable semantic mapping inferred.
data/lseg/raw/90_INTERMEDIATE/LSEG_PRICE_DEMAND/Mappe1(4).xlsx:Zone.Identifier,Mappe1(4).xlsx:Zone.Identifier,identifier,metadata_sidecar,ancillary file metadata,Zone.Identifier,UNKNOWN,Not applicable/non-tabular or not safely extractable,Not applicable or not declared,Not safely extractable,Not determined from file metadata,Not determined,Not determinable,Not safely extractable,Not safely extractable,Not safely extractable,25,Not applicable/non-tabular,UNKNOWN,None,,data/lseg/raw/00_START_HERE/ANONYMOUS_XLS_MAPPING.md:Zone.Identifier | data/lseg/raw/00_START_HERE/DATA_CATALOG.csv:Zone.Identifier | data/lseg/raw/00_START_HERE/EXTRACTION_STATUS_AND_GAPS.md:Zone.Identifier | data/lseg/raw/00_START_HERE/LICENSE_NOTES.md:Zone.Identifier | data/lseg/raw/00_START_HERE/MANIFEST_SHA256.csv:Zone.Identifier | data/lseg/raw/00_START_HERE/MISSING_CH_DE_RECOVERY.md:Zone.Identifier | data/lseg/raw/00_START_HERE/MISSING_CH_DE_RICS.csv:Zone.Identifier | data/lseg/raw/00_START_HERE/PROJECT_OBJECTIVE.txt:Zone.Identifier | data/lseg/raw/00_START_HERE/README_FIRST.md:Zone.Identifier | data/lseg/raw/00_START_HERE/RIC_FAMILIES.csv:Zone.Identifier | data/lseg/raw/01_CORE_HISTORICAL/FR_NUCLEAR_PIT/EDF_NUCLEAR_OUTAGE_REVISIONS_PIT.csv:Zone.Identifier | data/lseg/raw/01_CORE_HISTORICAL/FR_NUCLEAR_PIT/EDF_NUCLEAR_PIT_DAILY_2021_2026.csv:Zone.Identifier | data/lseg/raw/01_CORE_HISTORICAL/FR_NUCLEAR_PIT/EDF_NUCLEAR_PIT_SUMMARY.txt:Zone.Identifier | data/lseg/raw/01_CORE_HISTORICAL/LSEG_DEMAND/IT_DEMAND_15M_ALL_7_ZONES_2025_2026.xlsx:Zone.Identifier | data/lseg/raw/01_CORE_HISTORICAL/LSEG_DEMAND/IT_DEMAND_HOURLY_2021_2025.xlsx:Zone.Identifier | data/lseg/raw/01_CORE_HISTORICAL/LSEG_PRICES/FR_DAY_AHEAD_HOURLY_AND_15M.xlsx:Zone.Identifier | data/lseg/raw/01_CORE_HISTORICAL/LSEG_PRICES/IT_DAY_AHEAD_HOURLY_AND_15M.xlsx:Zone.Identifier | data/lseg/raw/02_SOURCE_RAW/FR_NUCLEAR/EDF_OUTAGE_HISTORY_RAW.csv:Zone.Identifier | data/lseg/raw/02_SOURCE_RAW/FR_NUCLEAR/EDF_TRANSPARENCY_REMIT_MESSAGES_RAW.csv:Zone.Identifier | data/lseg/raw/03_CURRENT_RECENT_LSEG/COST_CURVES/cost_curves_2026910_21432.xlsx:Zone.Identifier | data/lseg/raw/03_CURRENT_RECENT_LSEG/COST_CURVES/cost_curves_2026910_21543.xlsx:Zone.Identifier | data/lseg/raw/03_CURRENT_RECENT_LSEG/COST_CURVES/cost_curves_2026910_2164.xlsx:Zone.Identifier | data/lseg/raw/03_CURRENT_RECENT_LSEG/RESIDUAL_LOAD/CWE_RESIDUAL_LOAD_REPORT.pdf:Zone.Identifier | data/lseg/raw/03_CURRENT_RECENT_LSEG/RESIDUAL_LOAD/DE_RESIDUAL_LOAD_CURRENT_RECENT.xls:Zone.Identifier | data/lseg/raw/03_CURRENT_RECENT_LSEG/RESIDUAL_LOAD/DE_RESIDUAL_LOAD_REPORT.pdf:Zone.Identifier | data/lseg/raw/03_CURRENT_RECENT_LSEG/RESIDUAL_LOAD/FR_IT_RESIDUAL_LOAD_EXPORT_A.xls:Zone.Identifier | data/lseg/raw/03_CURRENT_RECENT_LSEG/RESIDUAL_LOAD/FR_IT_RESIDUAL_LOAD_EXPORT_B.xls:Zone.Identifier | data/lseg/raw/03_CURRENT_RECENT_LSEG/SUPPLY_WIND_SOLAR/GB_EMBEDDED_SOLAR_REPORT.pdf:Zone.Identifier | data/lseg/raw/03_CURRENT_RECENT_LSEG/SUPPLY_WIND_SOLAR/GB_EMBEDDED_WIND_REPORT.pdf:Zone.Identifier | data/lseg/raw/03_CURRENT_RECENT_LSEG/SUPPLY_WIND_SOLAR/SUPPLY_WIND_REPORT.pdf:Zone.Identifier | data/lseg/raw/03_CURRENT_RECENT_LSEG/WEATHER/CLOUD_COVER_CH.xls:Zone.Identifier | data/lseg/raw/03_CURRENT_RECENT_LSEG/WEATHER/CLOUD_COVER_REPORT.pdf:Zone.Identifier | data/lseg/raw/03_CURRENT_RECENT_LSEG/WEATHER/ECMWF_CLUSTER_REPORT.pdf:Zone.Identifier | data/lseg/raw/03_CURRENT_RECENT_LSEG/WEATHER/NAO_AO_REPORT.pdf:Zone.Identifier | data/lseg/raw/03_CURRENT_RECENT_LSEG/WEATHER/PRECIPITATION_ALP_AREA_REPORT.pdf:Zone.Identifier | data/lseg/raw/03_CURRENT_RECENT_LSEG/WEATHER/PRECIPITATION_CH_EFFECTIVE.xls:Zone.Identifier | data/lseg/raw/03_CURRENT_RECENT_LSEG/WEATHER/TEMPERATURE_DE_FR_AT_CH_TABLE.xls:Zone.Identifier | data/lseg/raw/03_CURRENT_RECENT_LSEG/WEATHER/TEMPERATURE_IT_CHART.xls:Zone.Identifier | data/lseg/raw/03_CURRENT_RECENT_LSEG/WEATHER/TEMPERATURE_REPORT.pdf:Zone.Identifier | data/lseg/raw/04_CROSS_BORDER_REFERENCE/01_PRICE_FLOW_GRAPH_CHE_VISIBLE.png:Zone.Identifier | data/lseg/raw/04_CROSS_BORDER_REFERENCE/02_DEU_SELECTED_CONNECTIONS.png:Zone.Identifier | data/lseg/raw/04_CROSS_BORDER_REFERENCE/03_NET_IMPORT_GRAPH.png:Zone.Identifier | data/lseg/raw/04_CROSS_BORDER_REFERENCE/04_NET_IMPORT_CHE_SELECTED_00.png:Zone.Identifier | data/lseg/raw/04_CROSS_BORDER_REFERENCE/05_NET_IMPORT_CHE_SELECTED_12.png:Zone.Identifier | data/lseg/raw/04_CROSS_BORDER_REFERENCE/06_CAPACITY_DIRECTION_1_CHE_SELECTED.png:Zone.Identifier | data/lseg/raw/04_CROSS_BORDER_REFERENCE/07_CAPACITY_DIRECTION_2_CHE_SELECTED_A.png:Zone.Identifier | data/lseg/raw/04_CROSS_BORDER_REFERENCE/08_CAPACITY_DIRECTION_2_CHE_SELECTED_B.png:Zone.Identifier | data/lseg/raw/04_CROSS_BORDER_REFERENCE/09_CAPACITY_DIRECTION_2_CHE_SELECTED_C.png:Zone.Identifier | data/lseg/raw/04_CROSS_BORDER_REFERENCE/10_SCHEDULED_EXCHANGE_NET_IMPORT_GRAPH.png:Zone.Identifier | data/lseg/raw/04_CROSS_BORDER_REFERENCE/11_SCHEDULED_EXCHANGE_CHE_SELECTED.png:Zone.Identifier | data/lseg/raw/04_CROSS_BORDER_REFERENCE/FLOWS_GRAPH_REPORT.pdf:Zone.Identifier | data/lseg/raw/05_LSEG_REFERENCE_PDFS/DEMAND_CONSUMPTION_OVERVIEW.pdf:Zone.Identifier | data/lseg/raw/90_INTERMEDIATE/LSEG_PRICE_DEMAND/FR_15M_RAW.xls.xlsx:Zone.Identifier | data/lseg/raw/90_INTERMEDIATE/LSEG_PRICE_DEMAND/FR_DA_RAW.xlsx:Zone.Identifier | data/lseg/raw/90_INTERMEDIATE/LSEG_PRICE_DEMAND/IT_DA_RAW(1).xlsx:Zone.Identifier | data/lseg/raw/90_INTERMEDIATE/LSEG_PRICE_DEMAND/IT_DA_RAW(2).xlsx:Zone.Identifier | data/lseg/raw/90_INTERMEDIATE/LSEG_PRICE_DEMAND/IT_DA_RAW(3).xlsx:Zone.Identifier | data/lseg/raw/90_INTERMEDIATE/LSEG_PRICE_DEMAND/IT_DA_RAW.xlsx:Zone.Identifier | data/lseg/raw/90_INTERMEDIATE/LSEG_PRICE_DEMAND/IT_DEMAND_15M_ALL_ZONES_TEMPLATE.xlsx:Zone.Identifier | data/lseg/raw/90_INTERMEDIATE/LSEG_PRICE_DEMAND/IT_DEMAND_15M_NORTH.xlsx:Zone.Identifier | data/lseg/raw/90_INTERMEDIATE/LSEG_PRICE_DEMAND/Mappe1(1).xlsx:Zone.Identifier | data/lseg/raw/90_INTERMEDIATE/LSEG_PRICE_DEMAND/Mappe1(2).xlsx:Zone.Identifier | data/lseg/raw/90_INTERMEDIATE/LSEG_PRICE_DEMAND/Mappe1(3).xlsx:Zone.Identifier | data/lseg/raw/90_INTERMEDIATE/LSEG_PRICE_DEMAND/Mappe1(4).xlsx:Zone.Identifier | data/lseg/raw/90_INTERMEDIATE/LSEG_PRICE_DEMAND/Mappe1(5).xlsx:Zone.Identifier | data/lseg/raw/90_INTERMEDIATE/SCREENSHOTS/0a528483-087b-4a33-a2f3-ecdd62770a3a.png:Zone.Identifier | data/lseg/raw/90_INTERMEDIATE/SCREENSHOTS/1609bf25-22b3-4c50-817b-fa945dba6bfe.png:Zone.Identifier | data/lseg/raw/90_INTERMEDIATE/SCREENSHOTS/1d02b907-f21b-48aa-bff6-9bb501bffd31.png:Zone.Identifier | data/lseg/raw/90_INTERMEDIATE/SCREENSHOTS/2bf92681-8086-451b-ad79-2cf2aaa286bf.png:Zone.Identifier | data/lseg/raw/90_INTERMEDIATE/SCREENSHOTS/5048f972-71a5-4bbb-9ebf-495783170275.png:Zone.Identifier | data/lseg/raw/90_INTERMEDIATE/SCREENSHOTS/57688dd7-cfad-46f7-9d61-7173a480ab24.png:Zone.Identifier | data/lseg/raw/90_INTERMEDIATE/SCREENSHOTS/6a48aa3a-47d9-431b-a8d4-4b421a82f395.png:Zone.Identifier | data/lseg/raw/90_INTERMEDIATE/SCREENSHOTS/6b0bf7a6-4724-4c1c-98c7-10c623883a8b.png:Zone.Identifier | data/lseg/raw/90_INTERMEDIATE/SCREENSHOTS/7cdf8489-62e1-4566-9c92-ddde781dfc41.png:Zone.Identifier | data/lseg/raw/90_INTERMEDIATE/SCREENSHOTS/839b9904-b506-4600-a582-19546fc0d0dc.png:Zone.Identifier | data/lseg/raw/90_INTERMEDIATE/SCREENSHOTS/87b02fce-0b58-4ead-b793-267dd464b8ec.png:Zone.Identifier | data/lseg/raw/90_INTERMEDIATE/SCREENSHOTS/917dfe63-9fd2-4e78-89c4-b98dcf9f033f.png:Zone.Identifier | data/lseg/raw/90_INTERMEDIATE/SCREENSHOTS/990167dc-a3d5-4b22-acec-131b4e0f87c9.png:Zone.Identifier | data/lseg/raw/90_INTERMEDIATE/SCREENSHOTS/af6db8b3-1471-4a8e-9879-1e782574016e.png:Zone.Identifier | data/lseg/raw/90_INTERMEDIATE/SCREENSHOTS/b94c25b1-cacf-496f-802b-f74a6ec3c376.png:Zone.Identifier | data/lseg/raw/90_INTERMEDIATE/SCREENSHOTS/bc276a5b-6ae8-473b-abe3-2d17e33bcdd3.png:Zone.Identifier | data/lseg/raw/90_INTERMEDIATE/SCREENSHOTS/chart_100049390.embedded.png:Zone.Identifier | data/lseg/raw/90_INTERMEDIATE/SCREENSHOTS/chart_100127248.embedded.png:Zone.Identifier | data/lseg/raw/90_INTERMEDIATE/SCREENSHOTS/crop_che.png:Zone.Identifier | data/lseg/raw/90_INTERMEDIATE/SCREENSHOTS/de1ee218-60dc-4b11-b243-1f352c398785.png:Zone.Identifier | data/lseg/raw/99_UNCLASSIFIED_RETAINED/LSEG_DISCOVERY_RAW_NOTES.txt:Zone.Identifier | data/lseg/raw/99_UNCLASSIFIED_RETAINED/table_100016453.xls:Zone.Identifier | data/lseg/raw/CH_DA_RAW.xlsx:Zone.Identifier | data/lseg/raw/DE_DA_RAW.xlsx:Zone.Identifier | data/lseg/raw/EDF_NUCLEAR_OUTAGE_REVISIONS_PIT.csv:Zone.Identifier | data/lseg/raw/EDF_NUCLEAR_PIT_DAILY_2021_2026.csv:Zone.Identifier | data/lseg/raw/FR_15M_RAW.xlsx:Zone.Identifier | data/lseg/raw/FR_DA_RAW_COMBINED.xlsx:Zone.Identifier | data/lseg/raw/Historique des indispo des moyens de production - depuis 2015 - 07092026-full.csv:Zone.Identifier | data/lseg/raw/IT_DA_RAW (1).xlsx:Zone.Identifier | data/lseg/raw/IT_DA_RAW.xlsx:Zone.Identifier | data/lseg/raw/IT_DEMAND_15M_ALL_ZONES_TEMPLATE.xlsx:Zone.Identifier | data/lseg/raw/IT_DEMAND_15M_NORTH.xlsx:Zone.Identifier | data/lseg/raw/IT_DEMAND_HOURLY.xlsx:Zone.Identifier | data/lseg/raw/publications-transparence-et-remit-liste-des-messages-edf-sa.csv:Zone.Identifier,Windows download-origin sidecar; excluded from data analysis.
data/lseg/raw/90_INTERMEDIATE/LSEG_PRICE_DEMAND/Mappe1(5).xlsx,Mappe1(5).xlsx,xlsx,other,unclassified,unclassified,UNKNOWN,Timestamp; TRDPRC_1 (RIC-specific repeated field),EUR/MWh likely for price workbooks; MW likely for demand workbooks; units not explicitly declared,Timestamp,"('2021-01-01 00:00:00', '2025-09-29 00:00:00')",not established from filename,observed/market value series; forecast status not encoded,Not present,Timestamp is delivery/observation time; no issue time,Not present in workbook layout,71722,0/6928 blank data cells in profiled tabular sheets,UNKNOWN,UNKNOWN,,,No reliable semantic mapping inferred.
data/lseg/raw/90_INTERMEDIATE/LSEG_PRICE_DEMAND/Mappe1(5).xlsx:Zone.Identifier,Mappe1(5).xlsx:Zone.Identifier,identifier,metadata_sidecar,ancillary file metadata,Zone.Identifier,UNKNOWN,Not applicable/non-tabular or not safely extractable,Not applicable or not declared,Not safely extractable,Not determined from file metadata,Not determined,Not determinable,Not safely extractable,Not safely extractable,Not safely extractable,25,Not applicable/non-tabular,UNKNOWN,None,,data/lseg/raw/00_START_HERE/ANONYMOUS_XLS_MAPPING.md:Zone.Identifier | data/lseg/raw/00_START_HERE/DATA_CATALOG.csv:Zone.Identifier | data/lseg/raw/00_START_HERE/EXTRACTION_STATUS_AND_GAPS.md:Zone.Identifier | data/lseg/raw/00_START_HERE/LICENSE_NOTES.md:Zone.Identifier | data/lseg/raw/00_START_HERE/MANIFEST_SHA256.csv:Zone.Identifier | data/lseg/raw/00_START_HERE/MISSING_CH_DE_RECOVERY.md:Zone.Identifier | data/lseg/raw/00_START_HERE/MISSING_CH_DE_RICS.csv:Zone.Identifier | data/lseg/raw/00_START_HERE/PROJECT_OBJECTIVE.txt:Zone.Identifier | data/lseg/raw/00_START_HERE/README_FIRST.md:Zone.Identifier | data/lseg/raw/00_START_HERE/RIC_FAMILIES.csv:Zone.Identifier | data/lseg/raw/01_CORE_HISTORICAL/FR_NUCLEAR_PIT/EDF_NUCLEAR_OUTAGE_REVISIONS_PIT.csv:Zone.Identifier | data/lseg/raw/01_CORE_HISTORICAL/FR_NUCLEAR_PIT/EDF_NUCLEAR_PIT_DAILY_2021_2026.csv:Zone.Identifier | data/lseg/raw/01_CORE_HISTORICAL/FR_NUCLEAR_PIT/EDF_NUCLEAR_PIT_SUMMARY.txt:Zone.Identifier | data/lseg/raw/01_CORE_HISTORICAL/LSEG_DEMAND/IT_DEMAND_15M_ALL_7_ZONES_2025_2026.xlsx:Zone.Identifier | data/lseg/raw/01_CORE_HISTORICAL/LSEG_DEMAND/IT_DEMAND_HOURLY_2021_2025.xlsx:Zone.Identifier | data/lseg/raw/01_CORE_HISTORICAL/LSEG_PRICES/FR_DAY_AHEAD_HOURLY_AND_15M.xlsx:Zone.Identifier | data/lseg/raw/01_CORE_HISTORICAL/LSEG_PRICES/IT_DAY_AHEAD_HOURLY_AND_15M.xlsx:Zone.Identifier | data/lseg/raw/02_SOURCE_RAW/FR_NUCLEAR/EDF_OUTAGE_HISTORY_RAW.csv:Zone.Identifier | data/lseg/raw/02_SOURCE_RAW/FR_NUCLEAR/EDF_TRANSPARENCY_REMIT_MESSAGES_RAW.csv:Zone.Identifier | data/lseg/raw/03_CURRENT_RECENT_LSEG/COST_CURVES/cost_curves_2026910_21432.xlsx:Zone.Identifier | data/lseg/raw/03_CURRENT_RECENT_LSEG/COST_CURVES/cost_curves_2026910_21543.xlsx:Zone.Identifier | data/lseg/raw/03_CURRENT_RECENT_LSEG/COST_CURVES/cost_curves_2026910_2164.xlsx:Zone.Identifier | data/lseg/raw/03_CURRENT_RECENT_LSEG/RESIDUAL_LOAD/CWE_RESIDUAL_LOAD_REPORT.pdf:Zone.Identifier | data/lseg/raw/03_CURRENT_RECENT_LSEG/RESIDUAL_LOAD/DE_RESIDUAL_LOAD_CURRENT_RECENT.xls:Zone.Identifier | data/lseg/raw/03_CURRENT_RECENT_LSEG/RESIDUAL_LOAD/DE_RESIDUAL_LOAD_REPORT.pdf:Zone.Identifier | data/lseg/raw/03_CURRENT_RECENT_LSEG/RESIDUAL_LOAD/FR_IT_RESIDUAL_LOAD_EXPORT_A.xls:Zone.Identifier | data/lseg/raw/03_CURRENT_RECENT_LSEG/RESIDUAL_LOAD/FR_IT_RESIDUAL_LOAD_EXPORT_B.xls:Zone.Identifier | data/lseg/raw/03_CURRENT_RECENT_LSEG/SUPPLY_WIND_SOLAR/GB_EMBEDDED_SOLAR_REPORT.pdf:Zone.Identifier | data/lseg/raw/03_CURRENT_RECENT_LSEG/SUPPLY_WIND_SOLAR/GB_EMBEDDED_WIND_REPORT.pdf:Zone.Identifier | data/lseg/raw/03_CURRENT_RECENT_LSEG/SUPPLY_WIND_SOLAR/SUPPLY_WIND_REPORT.pdf:Zone.Identifier | data/lseg/raw/03_CURRENT_RECENT_LSEG/WEATHER/CLOUD_COVER_CH.xls:Zone.Identifier | data/lseg/raw/03_CURRENT_RECENT_LSEG/WEATHER/CLOUD_COVER_REPORT.pdf:Zone.Identifier | data/lseg/raw/03_CURRENT_RECENT_LSEG/WEATHER/ECMWF_CLUSTER_REPORT.pdf:Zone.Identifier | data/lseg/raw/03_CURRENT_RECENT_LSEG/WEATHER/NAO_AO_REPORT.pdf:Zone.Identifier | data/lseg/raw/03_CURRENT_RECENT_LSEG/WEATHER/PRECIPITATION_ALP_AREA_REPORT.pdf:Zone.Identifier | data/lseg/raw/03_CURRENT_RECENT_LSEG/WEATHER/PRECIPITATION_CH_EFFECTIVE.xls:Zone.Identifier | data/lseg/raw/03_CURRENT_RECENT_LSEG/WEATHER/TEMPERATURE_DE_FR_AT_CH_TABLE.xls:Zone.Identifier | data/lseg/raw/03_CURRENT_RECENT_LSEG/WEATHER/TEMPERATURE_IT_CHART.xls:Zone.Identifier | data/lseg/raw/03_CURRENT_RECENT_LSEG/WEATHER/TEMPERATURE_REPORT.pdf:Zone.Identifier | data/lseg/raw/04_CROSS_BORDER_REFERENCE/01_PRICE_FLOW_GRAPH_CHE_VISIBLE.png:Zone.Identifier | data/lseg/raw/04_CROSS_BORDER_REFERENCE/02_DEU_SELECTED_CONNECTIONS.png:Zone.Identifier | data/lseg/raw/04_CROSS_BORDER_REFERENCE/03_NET_IMPORT_GRAPH.png:Zone.Identifier | data/lseg/raw/04_CROSS_BORDER_REFERENCE/04_NET_IMPORT_CHE_SELECTED_00.png:Zone.Identifier | data/lseg/raw/04_CROSS_BORDER_REFERENCE/05_NET_IMPORT_CHE_SELECTED_12.png:Zone.Identifier | data/lseg/raw/04_CROSS_BORDER_REFERENCE/06_CAPACITY_DIRECTION_1_CHE_SELECTED.png:Zone.Identifier | data/lseg/raw/04_CROSS_BORDER_REFERENCE/07_CAPACITY_DIRECTION_2_CHE_SELECTED_A.png:Zone.Identifier | data/lseg/raw/04_CROSS_BORDER_REFERENCE/08_CAPACITY_DIRECTION_2_CHE_SELECTED_B.png:Zone.Identifier | data/lseg/raw/04_CROSS_BORDER_REFERENCE/09_CAPACITY_DIRECTION_2_CHE_SELECTED_C.png:Zone.Identifier | data/lseg/raw/04_CROSS_BORDER_REFERENCE/10_SCHEDULED_EXCHANGE_NET_IMPORT_GRAPH.png:Zone.Identifier | data/lseg/raw/04_CROSS_BORDER_REFERENCE/11_SCHEDULED_EXCHANGE_CHE_SELECTED.png:Zone.Identifier | data/lseg/raw/04_CROSS_BORDER_REFERENCE/FLOWS_GRAPH_REPORT.pdf:Zone.Identifier | data/lseg/raw/05_LSEG_REFERENCE_PDFS/DEMAND_CONSUMPTION_OVERVIEW.pdf:Zone.Identifier | data/lseg/raw/90_INTERMEDIATE/LSEG_PRICE_DEMAND/FR_15M_RAW.xls.xlsx:Zone.Identifier | data/lseg/raw/90_INTERMEDIATE/LSEG_PRICE_DEMAND/FR_DA_RAW.xlsx:Zone.Identifier | data/lseg/raw/90_INTERMEDIATE/LSEG_PRICE_DEMAND/IT_DA_RAW(1).xlsx:Zone.Identifier | data/lseg/raw/90_INTERMEDIATE/LSEG_PRICE_DEMAND/IT_DA_RAW(2).xlsx:Zone.Identifier | data/lseg/raw/90_INTERMEDIATE/LSEG_PRICE_DEMAND/IT_DA_RAW(3).xlsx:Zone.Identifier | data/lseg/raw/90_INTERMEDIATE/LSEG_PRICE_DEMAND/IT_DA_RAW.xlsx:Zone.Identifier | data/lseg/raw/90_INTERMEDIATE/LSEG_PRICE_DEMAND/IT_DEMAND_15M_ALL_ZONES_TEMPLATE.xlsx:Zone.Identifier | data/lseg/raw/90_INTERMEDIATE/LSEG_PRICE_DEMAND/IT_DEMAND_15M_NORTH.xlsx:Zone.Identifier | data/lseg/raw/90_INTERMEDIATE/LSEG_PRICE_DEMAND/Mappe1(1).xlsx:Zone.Identifier | data/lseg/raw/90_INTERMEDIATE/LSEG_PRICE_DEMAND/Mappe1(2).xlsx:Zone.Identifier | data/lseg/raw/90_INTERMEDIATE/LSEG_PRICE_DEMAND/Mappe1(3).xlsx:Zone.Identifier | data/lseg/raw/90_INTERMEDIATE/LSEG_PRICE_DEMAND/Mappe1(4).xlsx:Zone.Identifier | data/lseg/raw/90_INTERMEDIATE/LSEG_PRICE_DEMAND/Mappe1(5).xlsx:Zone.Identifier | data/lseg/raw/90_INTERMEDIATE/SCREENSHOTS/0a528483-087b-4a33-a2f3-ecdd62770a3a.png:Zone.Identifier | data/lseg/raw/90_INTERMEDIATE/SCREENSHOTS/1609bf25-22b3-4c50-817b-fa945dba6bfe.png:Zone.Identifier | data/lseg/raw/90_INTERMEDIATE/SCREENSHOTS/1d02b907-f21b-48aa-bff6-9bb501bffd31.png:Zone.Identifier | data/lseg/raw/90_INTERMEDIATE/SCREENSHOTS/2bf92681-8086-451b-ad79-2cf2aaa286bf.png:Zone.Identifier | data/lseg/raw/90_INTERMEDIATE/SCREENSHOTS/5048f972-71a5-4bbb-9ebf-495783170275.png:Zone.Identifier | data/lseg/raw/90_INTERMEDIATE/SCREENSHOTS/57688dd7-cfad-46f7-9d61-7173a480ab24.png:Zone.Identifier | data/lseg/raw/90_INTERMEDIATE/SCREENSHOTS/6a48aa3a-47d9-431b-a8d4-4b421a82f395.png:Zone.Identifier | data/lseg/raw/90_INTERMEDIATE/SCREENSHOTS/6b0bf7a6-4724-4c1c-98c7-10c623883a8b.png:Zone.Identifier | data/lseg/raw/90_INTERMEDIATE/SCREENSHOTS/7cdf8489-62e1-4566-9c92-ddde781dfc41.png:Zone.Identifier | data/lseg/raw/90_INTERMEDIATE/SCREENSHOTS/839b9904-b506-4600-a582-19546fc0d0dc.png:Zone.Identifier | data/lseg/raw/90_INTERMEDIATE/SCREENSHOTS/87b02fce-0b58-4ead-b793-267dd464b8ec.png:Zone.Identifier | data/lseg/raw/90_INTERMEDIATE/SCREENSHOTS/917dfe63-9fd2-4e78-89c4-b98dcf9f033f.png:Zone.Identifier | data/lseg/raw/90_INTERMEDIATE/SCREENSHOTS/990167dc-a3d5-4b22-acec-131b4e0f87c9.png:Zone.Identifier | data/lseg/raw/90_INTERMEDIATE/SCREENSHOTS/af6db8b3-1471-4a8e-9879-1e782574016e.png:Zone.Identifier | data/lseg/raw/90_INTERMEDIATE/SCREENSHOTS/b94c25b1-cacf-496f-802b-f74a6ec3c376.png:Zone.Identifier | data/lseg/raw/90_INTERMEDIATE/SCREENSHOTS/bc276a5b-6ae8-473b-abe3-2d17e33bcdd3.png:Zone.Identifier | data/lseg/raw/90_INTERMEDIATE/SCREENSHOTS/chart_100049390.embedded.png:Zone.Identifier | data/lseg/raw/90_INTERMEDIATE/SCREENSHOTS/chart_100127248.embedded.png:Zone.Identifier | data/lseg/raw/90_INTERMEDIATE/SCREENSHOTS/crop_che.png:Zone.Identifier | data/lseg/raw/90_INTERMEDIATE/SCREENSHOTS/de1ee218-60dc-4b11-b243-1f352c398785.png:Zone.Identifier | data/lseg/raw/99_UNCLASSIFIED_RETAINED/LSEG_DISCOVERY_RAW_NOTES.txt:Zone.Identifier | data/lseg/raw/99_UNCLASSIFIED_RETAINED/table_100016453.xls:Zone.Identifier | data/lseg/raw/CH_DA_RAW.xlsx:Zone.Identifier | data/lseg/raw/DE_DA_RAW.xlsx:Zone.Identifier | data/lseg/raw/EDF_NUCLEAR_OUTAGE_REVISIONS_PIT.csv:Zone.Identifier | data/lseg/raw/EDF_NUCLEAR_PIT_DAILY_2021_2026.csv:Zone.Identifier | data/lseg/raw/FR_15M_RAW.xlsx:Zone.Identifier | data/lseg/raw/FR_DA_RAW_COMBINED.xlsx:Zone.Identifier | data/lseg/raw/Historique des indispo des moyens de production - depuis 2015 - 07092026-full.csv:Zone.Identifier | data/lseg/raw/IT_DA_RAW (1).xlsx:Zone.Identifier | data/lseg/raw/IT_DA_RAW.xlsx:Zone.Identifier | data/lseg/raw/IT_DEMAND_15M_ALL_ZONES_TEMPLATE.xlsx:Zone.Identifier | data/lseg/raw/IT_DEMAND_15M_NORTH.xlsx:Zone.Identifier | data/lseg/raw/IT_DEMAND_HOURLY.xlsx:Zone.Identifier | data/lseg/raw/publications-transparence-et-remit-liste-des-messages-edf-sa.csv:Zone.Identifier,Windows download-origin sidecar; excluded from data analysis.
data/lseg/raw/90_INTERMEDIATE/SCREENSHOTS/0a528483-087b-4a33-a2f3-ecdd62770a3a.png,0a528483-087b-4a33-a2f3-ecdd62770a3a.png,png,reference_image_or_report,LSEG reference report,LSEG reference report,Europe/unknown,Not applicable/non-tabular or not safely extractable,Not applicable or not declared,Not safely extractable,Not determined from file metadata,Not determined,Not determinable,Not safely extractable,Not safely extractable,Not safely extractable,178115,Not applicable/non-tabular,UNKNOWN,REFERENCE_ONLY,,,Non-tabular artifact; no reliable row-level schema inferred.
data/lseg/raw/90_INTERMEDIATE/SCREENSHOTS/0a528483-087b-4a33-a2f3-ecdd62770a3a.png:Zone.Identifier,0a528483-087b-4a33-a2f3-ecdd62770a3a.png:Zone.Identifier,identifier,metadata_sidecar,ancillary file metadata,Zone.Identifier,UNKNOWN,Not applicable/non-tabular or not safely extractable,Not applicable or not declared,Not safely extractable,Not determined from file metadata,Not determined,Not determinable,Not safely extractable,Not safely extractable,Not safely extractable,25,Not applicable/non-tabular,UNKNOWN,None,,data/lseg/raw/00_START_HERE/ANONYMOUS_XLS_MAPPING.md:Zone.Identifier | data/lseg/raw/00_START_HERE/DATA_CATALOG.csv:Zone.Identifier | data/lseg/raw/00_START_HERE/EXTRACTION_STATUS_AND_GAPS.md:Zone.Identifier | data/lseg/raw/00_START_HERE/LICENSE_NOTES.md:Zone.Identifier | data/lseg/raw/00_START_HERE/MANIFEST_SHA256.csv:Zone.Identifier | data/lseg/raw/00_START_HERE/MISSING_CH_DE_RECOVERY.md:Zone.Identifier | data/lseg/raw/00_START_HERE/MISSING_CH_DE_RICS.csv:Zone.Identifier | data/lseg/raw/00_START_HERE/PROJECT_OBJECTIVE.txt:Zone.Identifier | data/lseg/raw/00_START_HERE/README_FIRST.md:Zone.Identifier | data/lseg/raw/00_START_HERE/RIC_FAMILIES.csv:Zone.Identifier | data/lseg/raw/01_CORE_HISTORICAL/FR_NUCLEAR_PIT/EDF_NUCLEAR_OUTAGE_REVISIONS_PIT.csv:Zone.Identifier | data/lseg/raw/01_CORE_HISTORICAL/FR_NUCLEAR_PIT/EDF_NUCLEAR_PIT_DAILY_2021_2026.csv:Zone.Identifier | data/lseg/raw/01_CORE_HISTORICAL/FR_NUCLEAR_PIT/EDF_NUCLEAR_PIT_SUMMARY.txt:Zone.Identifier | data/lseg/raw/01_CORE_HISTORICAL/LSEG_DEMAND/IT_DEMAND_15M_ALL_7_ZONES_2025_2026.xlsx:Zone.Identifier | data/lseg/raw/01_CORE_HISTORICAL/LSEG_DEMAND/IT_DEMAND_HOURLY_2021_2025.xlsx:Zone.Identifier | data/lseg/raw/01_CORE_HISTORICAL/LSEG_PRICES/FR_DAY_AHEAD_HOURLY_AND_15M.xlsx:Zone.Identifier | data/lseg/raw/01_CORE_HISTORICAL/LSEG_PRICES/IT_DAY_AHEAD_HOURLY_AND_15M.xlsx:Zone.Identifier | data/lseg/raw/02_SOURCE_RAW/FR_NUCLEAR/EDF_OUTAGE_HISTORY_RAW.csv:Zone.Identifier | data/lseg/raw/02_SOURCE_RAW/FR_NUCLEAR/EDF_TRANSPARENCY_REMIT_MESSAGES_RAW.csv:Zone.Identifier | data/lseg/raw/03_CURRENT_RECENT_LSEG/COST_CURVES/cost_curves_2026910_21432.xlsx:Zone.Identifier | data/lseg/raw/03_CURRENT_RECENT_LSEG/COST_CURVES/cost_curves_2026910_21543.xlsx:Zone.Identifier | data/lseg/raw/03_CURRENT_RECENT_LSEG/COST_CURVES/cost_curves_2026910_2164.xlsx:Zone.Identifier | data/lseg/raw/03_CURRENT_RECENT_LSEG/RESIDUAL_LOAD/CWE_RESIDUAL_LOAD_REPORT.pdf:Zone.Identifier | data/lseg/raw/03_CURRENT_RECENT_LSEG/RESIDUAL_LOAD/DE_RESIDUAL_LOAD_CURRENT_RECENT.xls:Zone.Identifier | data/lseg/raw/03_CURRENT_RECENT_LSEG/RESIDUAL_LOAD/DE_RESIDUAL_LOAD_REPORT.pdf:Zone.Identifier | data/lseg/raw/03_CURRENT_RECENT_LSEG/RESIDUAL_LOAD/FR_IT_RESIDUAL_LOAD_EXPORT_A.xls:Zone.Identifier | data/lseg/raw/03_CURRENT_RECENT_LSEG/RESIDUAL_LOAD/FR_IT_RESIDUAL_LOAD_EXPORT_B.xls:Zone.Identifier | data/lseg/raw/03_CURRENT_RECENT_LSEG/SUPPLY_WIND_SOLAR/GB_EMBEDDED_SOLAR_REPORT.pdf:Zone.Identifier | data/lseg/raw/03_CURRENT_RECENT_LSEG/SUPPLY_WIND_SOLAR/GB_EMBEDDED_WIND_REPORT.pdf:Zone.Identifier | data/lseg/raw/03_CURRENT_RECENT_LSEG/SUPPLY_WIND_SOLAR/SUPPLY_WIND_REPORT.pdf:Zone.Identifier | data/lseg/raw/03_CURRENT_RECENT_LSEG/WEATHER/CLOUD_COVER_CH.xls:Zone.Identifier | data/lseg/raw/03_CURRENT_RECENT_LSEG/WEATHER/CLOUD_COVER_REPORT.pdf:Zone.Identifier | data/lseg/raw/03_CURRENT_RECENT_LSEG/WEATHER/ECMWF_CLUSTER_REPORT.pdf:Zone.Identifier | data/lseg/raw/03_CURRENT_RECENT_LSEG/WEATHER/NAO_AO_REPORT.pdf:Zone.Identifier | data/lseg/raw/03_CURRENT_RECENT_LSEG/WEATHER/PRECIPITATION_ALP_AREA_REPORT.pdf:Zone.Identifier | data/lseg/raw/03_CURRENT_RECENT_LSEG/WEATHER/PRECIPITATION_CH_EFFECTIVE.xls:Zone.Identifier | data/lseg/raw/03_CURRENT_RECENT_LSEG/WEATHER/TEMPERATURE_DE_FR_AT_CH_TABLE.xls:Zone.Identifier | data/lseg/raw/03_CURRENT_RECENT_LSEG/WEATHER/TEMPERATURE_IT_CHART.xls:Zone.Identifier | data/lseg/raw/03_CURRENT_RECENT_LSEG/WEATHER/TEMPERATURE_REPORT.pdf:Zone.Identifier | data/lseg/raw/04_CROSS_BORDER_REFERENCE/01_PRICE_FLOW_GRAPH_CHE_VISIBLE.png:Zone.Identifier | data/lseg/raw/04_CROSS_BORDER_REFERENCE/02_DEU_SELECTED_CONNECTIONS.png:Zone.Identifier | data/lseg/raw/04_CROSS_BORDER_REFERENCE/03_NET_IMPORT_GRAPH.png:Zone.Identifier | data/lseg/raw/04_CROSS_BORDER_REFERENCE/04_NET_IMPORT_CHE_SELECTED_00.png:Zone.Identifier | data/lseg/raw/04_CROSS_BORDER_REFERENCE/05_NET_IMPORT_CHE_SELECTED_12.png:Zone.Identifier | data/lseg/raw/04_CROSS_BORDER_REFERENCE/06_CAPACITY_DIRECTION_1_CHE_SELECTED.png:Zone.Identifier | data/lseg/raw/04_CROSS_BORDER_REFERENCE/07_CAPACITY_DIRECTION_2_CHE_SELECTED_A.png:Zone.Identifier | data/lseg/raw/04_CROSS_BORDER_REFERENCE/08_CAPACITY_DIRECTION_2_CHE_SELECTED_B.png:Zone.Identifier | data/lseg/raw/04_CROSS_BORDER_REFERENCE/09_CAPACITY_DIRECTION_2_CHE_SELECTED_C.png:Zone.Identifier | data/lseg/raw/04_CROSS_BORDER_REFERENCE/10_SCHEDULED_EXCHANGE_NET_IMPORT_GRAPH.png:Zone.Identifier | data/lseg/raw/04_CROSS_BORDER_REFERENCE/11_SCHEDULED_EXCHANGE_CHE_SELECTED.png:Zone.Identifier | data/lseg/raw/04_CROSS_BORDER_REFERENCE/FLOWS_GRAPH_REPORT.pdf:Zone.Identifier | data/lseg/raw/05_LSEG_REFERENCE_PDFS/DEMAND_CONSUMPTION_OVERVIEW.pdf:Zone.Identifier | data/lseg/raw/90_INTERMEDIATE/LSEG_PRICE_DEMAND/FR_15M_RAW.xls.xlsx:Zone.Identifier | data/lseg/raw/90_INTERMEDIATE/LSEG_PRICE_DEMAND/FR_DA_RAW.xlsx:Zone.Identifier | data/lseg/raw/90_INTERMEDIATE/LSEG_PRICE_DEMAND/IT_DA_RAW(1).xlsx:Zone.Identifier | data/lseg/raw/90_INTERMEDIATE/LSEG_PRICE_DEMAND/IT_DA_RAW(2).xlsx:Zone.Identifier | data/lseg/raw/90_INTERMEDIATE/LSEG_PRICE_DEMAND/IT_DA_RAW(3).xlsx:Zone.Identifier | data/lseg/raw/90_INTERMEDIATE/LSEG_PRICE_DEMAND/IT_DA_RAW.xlsx:Zone.Identifier | data/lseg/raw/90_INTERMEDIATE/LSEG_PRICE_DEMAND/IT_DEMAND_15M_ALL_ZONES_TEMPLATE.xlsx:Zone.Identifier | data/lseg/raw/90_INTERMEDIATE/LSEG_PRICE_DEMAND/IT_DEMAND_15M_NORTH.xlsx:Zone.Identifier | data/lseg/raw/90_INTERMEDIATE/LSEG_PRICE_DEMAND/Mappe1(1).xlsx:Zone.Identifier | data/lseg/raw/90_INTERMEDIATE/LSEG_PRICE_DEMAND/Mappe1(2).xlsx:Zone.Identifier | data/lseg/raw/90_INTERMEDIATE/LSEG_PRICE_DEMAND/Mappe1(3).xlsx:Zone.Identifier | data/lseg/raw/90_INTERMEDIATE/LSEG_PRICE_DEMAND/Mappe1(4).xlsx:Zone.Identifier | data/lseg/raw/90_INTERMEDIATE/LSEG_PRICE_DEMAND/Mappe1(5).xlsx:Zone.Identifier | data/lseg/raw/90_INTERMEDIATE/SCREENSHOTS/0a528483-087b-4a33-a2f3-ecdd62770a3a.png:Zone.Identifier | data/lseg/raw/90_INTERMEDIATE/SCREENSHOTS/1609bf25-22b3-4c50-817b-fa945dba6bfe.png:Zone.Identifier | data/lseg/raw/90_INTERMEDIATE/SCREENSHOTS/1d02b907-f21b-48aa-bff6-9bb501bffd31.png:Zone.Identifier | data/lseg/raw/90_INTERMEDIATE/SCREENSHOTS/2bf92681-8086-451b-ad79-2cf2aaa286bf.png:Zone.Identifier | data/lseg/raw/90_INTERMEDIATE/SCREENSHOTS/5048f972-71a5-4bbb-9ebf-495783170275.png:Zone.Identifier | data/lseg/raw/90_INTERMEDIATE/SCREENSHOTS/57688dd7-cfad-46f7-9d61-7173a480ab24.png:Zone.Identifier | data/lseg/raw/90_INTERMEDIATE/SCREENSHOTS/6a48aa3a-47d9-431b-a8d4-4b421a82f395.png:Zone.Identifier | data/lseg/raw/90_INTERMEDIATE/SCREENSHOTS/6b0bf7a6-4724-4c1c-98c7-10c623883a8b.png:Zone.Identifier | data/lseg/raw/90_INTERMEDIATE/SCREENSHOTS/7cdf8489-62e1-4566-9c92-ddde781dfc41.png:Zone.Identifier | data/lseg/raw/90_INTERMEDIATE/SCREENSHOTS/839b9904-b506-4600-a582-19546fc0d0dc.png:Zone.Identifier | data/lseg/raw/90_INTERMEDIATE/SCREENSHOTS/87b02fce-0b58-4ead-b793-267dd464b8ec.png:Zone.Identifier | data/lseg/raw/90_INTERMEDIATE/SCREENSHOTS/917dfe63-9fd2-4e78-89c4-b98dcf9f033f.png:Zone.Identifier | data/lseg/raw/90_INTERMEDIATE/SCREENSHOTS/990167dc-a3d5-4b22-acec-131b4e0f87c9.png:Zone.Identifier | data/lseg/raw/90_INTERMEDIATE/SCREENSHOTS/af6db8b3-1471-4a8e-9879-1e782574016e.png:Zone.Identifier | data/lseg/raw/90_INTERMEDIATE/SCREENSHOTS/b94c25b1-cacf-496f-802b-f74a6ec3c376.png:Zone.Identifier | data/lseg/raw/90_INTERMEDIATE/SCREENSHOTS/bc276a5b-6ae8-473b-abe3-2d17e33bcdd3.png:Zone.Identifier | data/lseg/raw/90_INTERMEDIATE/SCREENSHOTS/chart_100049390.embedded.png:Zone.Identifier | data/lseg/raw/90_INTERMEDIATE/SCREENSHOTS/chart_100127248.embedded.png:Zone.Identifier | data/lseg/raw/90_INTERMEDIATE/SCREENSHOTS/crop_che.png:Zone.Identifier | data/lseg/raw/90_INTERMEDIATE/SCREENSHOTS/de1ee218-60dc-4b11-b243-1f352c398785.png:Zone.Identifier | data/lseg/raw/99_UNCLASSIFIED_RETAINED/LSEG_DISCOVERY_RAW_NOTES.txt:Zone.Identifier | data/lseg/raw/99_UNCLASSIFIED_RETAINED/table_100016453.xls:Zone.Identifier | data/lseg/raw/CH_DA_RAW.xlsx:Zone.Identifier | data/lseg/raw/DE_DA_RAW.xlsx:Zone.Identifier | data/lseg/raw/EDF_NUCLEAR_OUTAGE_REVISIONS_PIT.csv:Zone.Identifier | data/lseg/raw/EDF_NUCLEAR_PIT_DAILY_2021_2026.csv:Zone.Identifier | data/lseg/raw/FR_15M_RAW.xlsx:Zone.Identifier | data/lseg/raw/FR_DA_RAW_COMBINED.xlsx:Zone.Identifier | data/lseg/raw/Historique des indispo des moyens de production - depuis 2015 - 07092026-full.csv:Zone.Identifier | data/lseg/raw/IT_DA_RAW (1).xlsx:Zone.Identifier | data/lseg/raw/IT_DA_RAW.xlsx:Zone.Identifier | data/lseg/raw/IT_DEMAND_15M_ALL_ZONES_TEMPLATE.xlsx:Zone.Identifier | data/lseg/raw/IT_DEMAND_15M_NORTH.xlsx:Zone.Identifier | data/lseg/raw/IT_DEMAND_HOURLY.xlsx:Zone.Identifier | data/lseg/raw/publications-transparence-et-remit-liste-des-messages-edf-sa.csv:Zone.Identifier,Windows download-origin sidecar; excluded from data analysis.
data/lseg/raw/90_INTERMEDIATE/SCREENSHOTS/1609bf25-22b3-4c50-817b-fa945dba6bfe.png,1609bf25-22b3-4c50-817b-fa945dba6bfe.png,png,reference_image_or_report,LSEG reference report,LSEG reference report,Europe/unknown,Not applicable/non-tabular or not safely extractable,Not applicable or not declared,Not safely extractable,Not determined from file metadata,Not determined,Not determinable,Not safely extractable,Not safely extractable,Not safely extractable,93130,Not applicable/non-tabular,UNKNOWN,REFERENCE_ONLY,,,Non-tabular artifact; no reliable row-level schema inferred.
data/lseg/raw/90_INTERMEDIATE/SCREENSHOTS/1609bf25-22b3-4c50-817b-fa945dba6bfe.png:Zone.Identifier,1609bf25-22b3-4c50-817b-fa945dba6bfe.png:Zone.Identifier,identifier,metadata_sidecar,ancillary file metadata,Zone.Identifier,UNKNOWN,Not applicable/non-tabular or not safely extractable,Not applicable or not declared,Not safely extractable,Not determined from file metadata,Not determined,Not determinable,Not safely extractable,Not safely extractable,Not safely extractable,25,Not applicable/non-tabular,UNKNOWN,None,,data/lseg/raw/00_START_HERE/ANONYMOUS_XLS_MAPPING.md:Zone.Identifier | data/lseg/raw/00_START_HERE/DATA_CATALOG.csv:Zone.Identifier | data/lseg/raw/00_START_HERE/EXTRACTION_STATUS_AND_GAPS.md:Zone.Identifier | data/lseg/raw/00_START_HERE/LICENSE_NOTES.md:Zone.Identifier | data/lseg/raw/00_START_HERE/MANIFEST_SHA256.csv:Zone.Identifier | data/lseg/raw/00_START_HERE/MISSING_CH_DE_RECOVERY.md:Zone.Identifier | data/lseg/raw/00_START_HERE/MISSING_CH_DE_RICS.csv:Zone.Identifier | data/lseg/raw/00_START_HERE/PROJECT_OBJECTIVE.txt:Zone.Identifier | data/lseg/raw/00_START_HERE/README_FIRST.md:Zone.Identifier | data/lseg/raw/00_START_HERE/RIC_FAMILIES.csv:Zone.Identifier | data/lseg/raw/01_CORE_HISTORICAL/FR_NUCLEAR_PIT/EDF_NUCLEAR_OUTAGE_REVISIONS_PIT.csv:Zone.Identifier | data/lseg/raw/01_CORE_HISTORICAL/FR_NUCLEAR_PIT/EDF_NUCLEAR_PIT_DAILY_2021_2026.csv:Zone.Identifier | data/lseg/raw/01_CORE_HISTORICAL/FR_NUCLEAR_PIT/EDF_NUCLEAR_PIT_SUMMARY.txt:Zone.Identifier | data/lseg/raw/01_CORE_HISTORICAL/LSEG_DEMAND/IT_DEMAND_15M_ALL_7_ZONES_2025_2026.xlsx:Zone.Identifier | data/lseg/raw/01_CORE_HISTORICAL/LSEG_DEMAND/IT_DEMAND_HOURLY_2021_2025.xlsx:Zone.Identifier | data/lseg/raw/01_CORE_HISTORICAL/LSEG_PRICES/FR_DAY_AHEAD_HOURLY_AND_15M.xlsx:Zone.Identifier | data/lseg/raw/01_CORE_HISTORICAL/LSEG_PRICES/IT_DAY_AHEAD_HOURLY_AND_15M.xlsx:Zone.Identifier | data/lseg/raw/02_SOURCE_RAW/FR_NUCLEAR/EDF_OUTAGE_HISTORY_RAW.csv:Zone.Identifier | data/lseg/raw/02_SOURCE_RAW/FR_NUCLEAR/EDF_TRANSPARENCY_REMIT_MESSAGES_RAW.csv:Zone.Identifier | data/lseg/raw/03_CURRENT_RECENT_LSEG/COST_CURVES/cost_curves_2026910_21432.xlsx:Zone.Identifier | data/lseg/raw/03_CURRENT_RECENT_LSEG/COST_CURVES/cost_curves_2026910_21543.xlsx:Zone.Identifier | data/lseg/raw/03_CURRENT_RECENT_LSEG/COST_CURVES/cost_curves_2026910_2164.xlsx:Zone.Identifier | data/lseg/raw/03_CURRENT_RECENT_LSEG/RESIDUAL_LOAD/CWE_RESIDUAL_LOAD_REPORT.pdf:Zone.Identifier | data/lseg/raw/03_CURRENT_RECENT_LSEG/RESIDUAL_LOAD/DE_RESIDUAL_LOAD_CURRENT_RECENT.xls:Zone.Identifier | data/lseg/raw/03_CURRENT_RECENT_LSEG/RESIDUAL_LOAD/DE_RESIDUAL_LOAD_REPORT.pdf:Zone.Identifier | data/lseg/raw/03_CURRENT_RECENT_LSEG/RESIDUAL_LOAD/FR_IT_RESIDUAL_LOAD_EXPORT_A.xls:Zone.Identifier | data/lseg/raw/03_CURRENT_RECENT_LSEG/RESIDUAL_LOAD/FR_IT_RESIDUAL_LOAD_EXPORT_B.xls:Zone.Identifier | data/lseg/raw/03_CURRENT_RECENT_LSEG/SUPPLY_WIND_SOLAR/GB_EMBEDDED_SOLAR_REPORT.pdf:Zone.Identifier | data/lseg/raw/03_CURRENT_RECENT_LSEG/SUPPLY_WIND_SOLAR/GB_EMBEDDED_WIND_REPORT.pdf:Zone.Identifier | data/lseg/raw/03_CURRENT_RECENT_LSEG/SUPPLY_WIND_SOLAR/SUPPLY_WIND_REPORT.pdf:Zone.Identifier | data/lseg/raw/03_CURRENT_RECENT_LSEG/WEATHER/CLOUD_COVER_CH.xls:Zone.Identifier | data/lseg/raw/03_CURRENT_RECENT_LSEG/WEATHER/CLOUD_COVER_REPORT.pdf:Zone.Identifier | data/lseg/raw/03_CURRENT_RECENT_LSEG/WEATHER/ECMWF_CLUSTER_REPORT.pdf:Zone.Identifier | data/lseg/raw/03_CURRENT_RECENT_LSEG/WEATHER/NAO_AO_REPORT.pdf:Zone.Identifier | data/lseg/raw/03_CURRENT_RECENT_LSEG/WEATHER/PRECIPITATION_ALP_AREA_REPORT.pdf:Zone.Identifier | data/lseg/raw/03_CURRENT_RECENT_LSEG/WEATHER/PRECIPITATION_CH_EFFECTIVE.xls:Zone.Identifier | data/lseg/raw/03_CURRENT_RECENT_LSEG/WEATHER/TEMPERATURE_DE_FR_AT_CH_TABLE.xls:Zone.Identifier | data/lseg/raw/03_CURRENT_RECENT_LSEG/WEATHER/TEMPERATURE_IT_CHART.xls:Zone.Identifier | data/lseg/raw/03_CURRENT_RECENT_LSEG/WEATHER/TEMPERATURE_REPORT.pdf:Zone.Identifier | data/lseg/raw/04_CROSS_BORDER_REFERENCE/01_PRICE_FLOW_GRAPH_CHE_VISIBLE.png:Zone.Identifier | data/lseg/raw/04_CROSS_BORDER_REFERENCE/02_DEU_SELECTED_CONNECTIONS.png:Zone.Identifier | data/lseg/raw/04_CROSS_BORDER_REFERENCE/03_NET_IMPORT_GRAPH.png:Zone.Identifier | data/lseg/raw/04_CROSS_BORDER_REFERENCE/04_NET_IMPORT_CHE_SELECTED_00.png:Zone.Identifier | data/lseg/raw/04_CROSS_BORDER_REFERENCE/05_NET_IMPORT_CHE_SELECTED_12.png:Zone.Identifier | data/lseg/raw/04_CROSS_BORDER_REFERENCE/06_CAPACITY_DIRECTION_1_CHE_SELECTED.png:Zone.Identifier | data/lseg/raw/04_CROSS_BORDER_REFERENCE/07_CAPACITY_DIRECTION_2_CHE_SELECTED_A.png:Zone.Identifier | data/lseg/raw/04_CROSS_BORDER_REFERENCE/08_CAPACITY_DIRECTION_2_CHE_SELECTED_B.png:Zone.Identifier | data/lseg/raw/04_CROSS_BORDER_REFERENCE/09_CAPACITY_DIRECTION_2_CHE_SELECTED_C.png:Zone.Identifier | data/lseg/raw/04_CROSS_BORDER_REFERENCE/10_SCHEDULED_EXCHANGE_NET_IMPORT_GRAPH.png:Zone.Identifier | data/lseg/raw/04_CROSS_BORDER_REFERENCE/11_SCHEDULED_EXCHANGE_CHE_SELECTED.png:Zone.Identifier | data/lseg/raw/04_CROSS_BORDER_REFERENCE/FLOWS_GRAPH_REPORT.pdf:Zone.Identifier | data/lseg/raw/05_LSEG_REFERENCE_PDFS/DEMAND_CONSUMPTION_OVERVIEW.pdf:Zone.Identifier | data/lseg/raw/90_INTERMEDIATE/LSEG_PRICE_DEMAND/FR_15M_RAW.xls.xlsx:Zone.Identifier | data/lseg/raw/90_INTERMEDIATE/LSEG_PRICE_DEMAND/FR_DA_RAW.xlsx:Zone.Identifier | data/lseg/raw/90_INTERMEDIATE/LSEG_PRICE_DEMAND/IT_DA_RAW(1).xlsx:Zone.Identifier | data/lseg/raw/90_INTERMEDIATE/LSEG_PRICE_DEMAND/IT_DA_RAW(2).xlsx:Zone.Identifier | data/lseg/raw/90_INTERMEDIATE/LSEG_PRICE_DEMAND/IT_DA_RAW(3).xlsx:Zone.Identifier | data/lseg/raw/90_INTERMEDIATE/LSEG_PRICE_DEMAND/IT_DA_RAW.xlsx:Zone.Identifier | data/lseg/raw/90_INTERMEDIATE/LSEG_PRICE_DEMAND/IT_DEMAND_15M_ALL_ZONES_TEMPLATE.xlsx:Zone.Identifier | data/lseg/raw/90_INTERMEDIATE/LSEG_PRICE_DEMAND/IT_DEMAND_15M_NORTH.xlsx:Zone.Identifier | data/lseg/raw/90_INTERMEDIATE/LSEG_PRICE_DEMAND/Mappe1(1).xlsx:Zone.Identifier | data/lseg/raw/90_INTERMEDIATE/LSEG_PRICE_DEMAND/Mappe1(2).xlsx:Zone.Identifier | data/lseg/raw/90_INTERMEDIATE/LSEG_PRICE_DEMAND/Mappe1(3).xlsx:Zone.Identifier | data/lseg/raw/90_INTERMEDIATE/LSEG_PRICE_DEMAND/Mappe1(4).xlsx:Zone.Identifier | data/lseg/raw/90_INTERMEDIATE/LSEG_PRICE_DEMAND/Mappe1(5).xlsx:Zone.Identifier | data/lseg/raw/90_INTERMEDIATE/SCREENSHOTS/0a528483-087b-4a33-a2f3-ecdd62770a3a.png:Zone.Identifier | data/lseg/raw/90_INTERMEDIATE/SCREENSHOTS/1609bf25-22b3-4c50-817b-fa945dba6bfe.png:Zone.Identifier | data/lseg/raw/90_INTERMEDIATE/SCREENSHOTS/1d02b907-f21b-48aa-bff6-9bb501bffd31.png:Zone.Identifier | data/lseg/raw/90_INTERMEDIATE/SCREENSHOTS/2bf92681-8086-451b-ad79-2cf2aaa286bf.png:Zone.Identifier | data/lseg/raw/90_INTERMEDIATE/SCREENSHOTS/5048f972-71a5-4bbb-9ebf-495783170275.png:Zone.Identifier | data/lseg/raw/90_INTERMEDIATE/SCREENSHOTS/57688dd7-cfad-46f7-9d61-7173a480ab24.png:Zone.Identifier | data/lseg/raw/90_INTERMEDIATE/SCREENSHOTS/6a48aa3a-47d9-431b-a8d4-4b421a82f395.png:Zone.Identifier | data/lseg/raw/90_INTERMEDIATE/SCREENSHOTS/6b0bf7a6-4724-4c1c-98c7-10c623883a8b.png:Zone.Identifier | data/lseg/raw/90_INTERMEDIATE/SCREENSHOTS/7cdf8489-62e1-4566-9c92-ddde781dfc41.png:Zone.Identifier | data/lseg/raw/90_INTERMEDIATE/SCREENSHOTS/839b9904-b506-4600-a582-19546fc0d0dc.png:Zone.Identifier | data/lseg/raw/90_INTERMEDIATE/SCREENSHOTS/87b02fce-0b58-4ead-b793-267dd464b8ec.png:Zone.Identifier | data/lseg/raw/90_INTERMEDIATE/SCREENSHOTS/917dfe63-9fd2-4e78-89c4-b98dcf9f033f.png:Zone.Identifier | data/lseg/raw/90_INTERMEDIATE/SCREENSHOTS/990167dc-a3d5-4b22-acec-131b4e0f87c9.png:Zone.Identifier | data/lseg/raw/90_INTERMEDIATE/SCREENSHOTS/af6db8b3-1471-4a8e-9879-1e782574016e.png:Zone.Identifier | data/lseg/raw/90_INTERMEDIATE/SCREENSHOTS/b94c25b1-cacf-496f-802b-f74a6ec3c376.png:Zone.Identifier | data/lseg/raw/90_INTERMEDIATE/SCREENSHOTS/bc276a5b-6ae8-473b-abe3-2d17e33bcdd3.png:Zone.Identifier | data/lseg/raw/90_INTERMEDIATE/SCREENSHOTS/chart_100049390.embedded.png:Zone.Identifier | data/lseg/raw/90_INTERMEDIATE/SCREENSHOTS/chart_100127248.embedded.png:Zone.Identifier | data/lseg/raw/90_INTERMEDIATE/SCREENSHOTS/crop_che.png:Zone.Identifier | data/lseg/raw/90_INTERMEDIATE/SCREENSHOTS/de1ee218-60dc-4b11-b243-1f352c398785.png:Zone.Identifier | data/lseg/raw/99_UNCLASSIFIED_RETAINED/LSEG_DISCOVERY_RAW_NOTES.txt:Zone.Identifier | data/lseg/raw/99_UNCLASSIFIED_RETAINED/table_100016453.xls:Zone.Identifier | data/lseg/raw/CH_DA_RAW.xlsx:Zone.Identifier | data/lseg/raw/DE_DA_RAW.xlsx:Zone.Identifier | data/lseg/raw/EDF_NUCLEAR_OUTAGE_REVISIONS_PIT.csv:Zone.Identifier | data/lseg/raw/EDF_NUCLEAR_PIT_DAILY_2021_2026.csv:Zone.Identifier | data/lseg/raw/FR_15M_RAW.xlsx:Zone.Identifier | data/lseg/raw/FR_DA_RAW_COMBINED.xlsx:Zone.Identifier | data/lseg/raw/Historique des indispo des moyens de production - depuis 2015 - 07092026-full.csv:Zone.Identifier | data/lseg/raw/IT_DA_RAW (1).xlsx:Zone.Identifier | data/lseg/raw/IT_DA_RAW.xlsx:Zone.Identifier | data/lseg/raw/IT_DEMAND_15M_ALL_ZONES_TEMPLATE.xlsx:Zone.Identifier | data/lseg/raw/IT_DEMAND_15M_NORTH.xlsx:Zone.Identifier | data/lseg/raw/IT_DEMAND_HOURLY.xlsx:Zone.Identifier | data/lseg/raw/publications-transparence-et-remit-liste-des-messages-edf-sa.csv:Zone.Identifier,Windows download-origin sidecar; excluded from data analysis.
data/lseg/raw/90_INTERMEDIATE/SCREENSHOTS/1d02b907-f21b-48aa-bff6-9bb501bffd31.png,1d02b907-f21b-48aa-bff6-9bb501bffd31.png,png,reference_image_or_report,LSEG reference report,LSEG reference report,Europe/unknown,Not applicable/non-tabular or not safely extractable,Not applicable or not declared,Not safely extractable,Not determined from file metadata,Not determined,Not determinable,Not safely extractable,Not safely extractable,Not safely extractable,168132,Not applicable/non-tabular,UNKNOWN,REFERENCE_ONLY,,,Non-tabular artifact; no reliable row-level schema inferred.
data/lseg/raw/90_INTERMEDIATE/SCREENSHOTS/1d02b907-f21b-48aa-bff6-9bb501bffd31.png:Zone.Identifier,1d02b907-f21b-48aa-bff6-9bb501bffd31.png:Zone.Identifier,identifier,metadata_sidecar,ancillary file metadata,Zone.Identifier,UNKNOWN,Not applicable/non-tabular or not safely extractable,Not applicable or not declared,Not safely extractable,Not determined from file metadata,Not determined,Not determinable,Not safely extractable,Not safely extractable,Not safely extractable,25,Not applicable/non-tabular,UNKNOWN,None,,data/lseg/raw/00_START_HERE/ANONYMOUS_XLS_MAPPING.md:Zone.Identifier | data/lseg/raw/00_START_HERE/DATA_CATALOG.csv:Zone.Identifier | data/lseg/raw/00_START_HERE/EXTRACTION_STATUS_AND_GAPS.md:Zone.Identifier | data/lseg/raw/00_START_HERE/LICENSE_NOTES.md:Zone.Identifier | data/lseg/raw/00_START_HERE/MANIFEST_SHA256.csv:Zone.Identifier | data/lseg/raw/00_START_HERE/MISSING_CH_DE_RECOVERY.md:Zone.Identifier | data/lseg/raw/00_START_HERE/MISSING_CH_DE_RICS.csv:Zone.Identifier | data/lseg/raw/00_START_HERE/PROJECT_OBJECTIVE.txt:Zone.Identifier | data/lseg/raw/00_START_HERE/README_FIRST.md:Zone.Identifier | data/lseg/raw/00_START_HERE/RIC_FAMILIES.csv:Zone.Identifier | data/lseg/raw/01_CORE_HISTORICAL/FR_NUCLEAR_PIT/EDF_NUCLEAR_OUTAGE_REVISIONS_PIT.csv:Zone.Identifier | data/lseg/raw/01_CORE_HISTORICAL/FR_NUCLEAR_PIT/EDF_NUCLEAR_PIT_DAILY_2021_2026.csv:Zone.Identifier | data/lseg/raw/01_CORE_HISTORICAL/FR_NUCLEAR_PIT/EDF_NUCLEAR_PIT_SUMMARY.txt:Zone.Identifier | data/lseg/raw/01_CORE_HISTORICAL/LSEG_DEMAND/IT_DEMAND_15M_ALL_7_ZONES_2025_2026.xlsx:Zone.Identifier | data/lseg/raw/01_CORE_HISTORICAL/LSEG_DEMAND/IT_DEMAND_HOURLY_2021_2025.xlsx:Zone.Identifier | data/lseg/raw/01_CORE_HISTORICAL/LSEG_PRICES/FR_DAY_AHEAD_HOURLY_AND_15M.xlsx:Zone.Identifier | data/lseg/raw/01_CORE_HISTORICAL/LSEG_PRICES/IT_DAY_AHEAD_HOURLY_AND_15M.xlsx:Zone.Identifier | data/lseg/raw/02_SOURCE_RAW/FR_NUCLEAR/EDF_OUTAGE_HISTORY_RAW.csv:Zone.Identifier | data/lseg/raw/02_SOURCE_RAW/FR_NUCLEAR/EDF_TRANSPARENCY_REMIT_MESSAGES_RAW.csv:Zone.Identifier | data/lseg/raw/03_CURRENT_RECENT_LSEG/COST_CURVES/cost_curves_2026910_21432.xlsx:Zone.Identifier | data/lseg/raw/03_CURRENT_RECENT_LSEG/COST_CURVES/cost_curves_2026910_21543.xlsx:Zone.Identifier | data/lseg/raw/03_CURRENT_RECENT_LSEG/COST_CURVES/cost_curves_2026910_2164.xlsx:Zone.Identifier | data/lseg/raw/03_CURRENT_RECENT_LSEG/RESIDUAL_LOAD/CWE_RESIDUAL_LOAD_REPORT.pdf:Zone.Identifier | data/lseg/raw/03_CURRENT_RECENT_LSEG/RESIDUAL_LOAD/DE_RESIDUAL_LOAD_CURRENT_RECENT.xls:Zone.Identifier | data/lseg/raw/03_CURRENT_RECENT_LSEG/RESIDUAL_LOAD/DE_RESIDUAL_LOAD_REPORT.pdf:Zone.Identifier | data/lseg/raw/03_CURRENT_RECENT_LSEG/RESIDUAL_LOAD/FR_IT_RESIDUAL_LOAD_EXPORT_A.xls:Zone.Identifier | data/lseg/raw/03_CURRENT_RECENT_LSEG/RESIDUAL_LOAD/FR_IT_RESIDUAL_LOAD_EXPORT_B.xls:Zone.Identifier | data/lseg/raw/03_CURRENT_RECENT_LSEG/SUPPLY_WIND_SOLAR/GB_EMBEDDED_SOLAR_REPORT.pdf:Zone.Identifier | data/lseg/raw/03_CURRENT_RECENT_LSEG/SUPPLY_WIND_SOLAR/GB_EMBEDDED_WIND_REPORT.pdf:Zone.Identifier | data/lseg/raw/03_CURRENT_RECENT_LSEG/SUPPLY_WIND_SOLAR/SUPPLY_WIND_REPORT.pdf:Zone.Identifier | data/lseg/raw/03_CURRENT_RECENT_LSEG/WEATHER/CLOUD_COVER_CH.xls:Zone.Identifier | data/lseg/raw/03_CURRENT_RECENT_LSEG/WEATHER/CLOUD_COVER_REPORT.pdf:Zone.Identifier | data/lseg/raw/03_CURRENT_RECENT_LSEG/WEATHER/ECMWF_CLUSTER_REPORT.pdf:Zone.Identifier | data/lseg/raw/03_CURRENT_RECENT_LSEG/WEATHER/NAO_AO_REPORT.pdf:Zone.Identifier | data/lseg/raw/03_CURRENT_RECENT_LSEG/WEATHER/PRECIPITATION_ALP_AREA_REPORT.pdf:Zone.Identifier | data/lseg/raw/03_CURRENT_RECENT_LSEG/WEATHER/PRECIPITATION_CH_EFFECTIVE.xls:Zone.Identifier | data/lseg/raw/03_CURRENT_RECENT_LSEG/WEATHER/TEMPERATURE_DE_FR_AT_CH_TABLE.xls:Zone.Identifier | data/lseg/raw/03_CURRENT_RECENT_LSEG/WEATHER/TEMPERATURE_IT_CHART.xls:Zone.Identifier | data/lseg/raw/03_CURRENT_RECENT_LSEG/WEATHER/TEMPERATURE_REPORT.pdf:Zone.Identifier | data/lseg/raw/04_CROSS_BORDER_REFERENCE/01_PRICE_FLOW_GRAPH_CHE_VISIBLE.png:Zone.Identifier | data/lseg/raw/04_CROSS_BORDER_REFERENCE/02_DEU_SELECTED_CONNECTIONS.png:Zone.Identifier | data/lseg/raw/04_CROSS_BORDER_REFERENCE/03_NET_IMPORT_GRAPH.png:Zone.Identifier | data/lseg/raw/04_CROSS_BORDER_REFERENCE/04_NET_IMPORT_CHE_SELECTED_00.png:Zone.Identifier | data/lseg/raw/04_CROSS_BORDER_REFERENCE/05_NET_IMPORT_CHE_SELECTED_12.png:Zone.Identifier | data/lseg/raw/04_CROSS_BORDER_REFERENCE/06_CAPACITY_DIRECTION_1_CHE_SELECTED.png:Zone.Identifier | data/lseg/raw/04_CROSS_BORDER_REFERENCE/07_CAPACITY_DIRECTION_2_CHE_SELECTED_A.png:Zone.Identifier | data/lseg/raw/04_CROSS_BORDER_REFERENCE/08_CAPACITY_DIRECTION_2_CHE_SELECTED_B.png:Zone.Identifier | data/lseg/raw/04_CROSS_BORDER_REFERENCE/09_CAPACITY_DIRECTION_2_CHE_SELECTED_C.png:Zone.Identifier | data/lseg/raw/04_CROSS_BORDER_REFERENCE/10_SCHEDULED_EXCHANGE_NET_IMPORT_GRAPH.png:Zone.Identifier | data/lseg/raw/04_CROSS_BORDER_REFERENCE/11_SCHEDULED_EXCHANGE_CHE_SELECTED.png:Zone.Identifier | data/lseg/raw/04_CROSS_BORDER_REFERENCE/FLOWS_GRAPH_REPORT.pdf:Zone.Identifier | data/lseg/raw/05_LSEG_REFERENCE_PDFS/DEMAND_CONSUMPTION_OVERVIEW.pdf:Zone.Identifier | data/lseg/raw/90_INTERMEDIATE/LSEG_PRICE_DEMAND/FR_15M_RAW.xls.xlsx:Zone.Identifier | data/lseg/raw/90_INTERMEDIATE/LSEG_PRICE_DEMAND/FR_DA_RAW.xlsx:Zone.Identifier | data/lseg/raw/90_INTERMEDIATE/LSEG_PRICE_DEMAND/IT_DA_RAW(1).xlsx:Zone.Identifier | data/lseg/raw/90_INTERMEDIATE/LSEG_PRICE_DEMAND/IT_DA_RAW(2).xlsx:Zone.Identifier | data/lseg/raw/90_INTERMEDIATE/LSEG_PRICE_DEMAND/IT_DA_RAW(3).xlsx:Zone.Identifier | data/lseg/raw/90_INTERMEDIATE/LSEG_PRICE_DEMAND/IT_DA_RAW.xlsx:Zone.Identifier | data/lseg/raw/90_INTERMEDIATE/LSEG_PRICE_DEMAND/IT_DEMAND_15M_ALL_ZONES_TEMPLATE.xlsx:Zone.Identifier | data/lseg/raw/90_INTERMEDIATE/LSEG_PRICE_DEMAND/IT_DEMAND_15M_NORTH.xlsx:Zone.Identifier | data/lseg/raw/90_INTERMEDIATE/LSEG_PRICE_DEMAND/Mappe1(1).xlsx:Zone.Identifier | data/lseg/raw/90_INTERMEDIATE/LSEG_PRICE_DEMAND/Mappe1(2).xlsx:Zone.Identifier | data/lseg/raw/90_INTERMEDIATE/LSEG_PRICE_DEMAND/Mappe1(3).xlsx:Zone.Identifier | data/lseg/raw/90_INTERMEDIATE/LSEG_PRICE_DEMAND/Mappe1(4).xlsx:Zone.Identifier | data/lseg/raw/90_INTERMEDIATE/LSEG_PRICE_DEMAND/Mappe1(5).xlsx:Zone.Identifier | data/lseg/raw/90_INTERMEDIATE/SCREENSHOTS/0a528483-087b-4a33-a2f3-ecdd62770a3a.png:Zone.Identifier | data/lseg/raw/90_INTERMEDIATE/SCREENSHOTS/1609bf25-22b3-4c50-817b-fa945dba6bfe.png:Zone.Identifier | data/lseg/raw/90_INTERMEDIATE/SCREENSHOTS/1d02b907-f21b-48aa-bff6-9bb501bffd31.png:Zone.Identifier | data/lseg/raw/90_INTERMEDIATE/SCREENSHOTS/2bf92681-8086-451b-ad79-2cf2aaa286bf.png:Zone.Identifier | data/lseg/raw/90_INTERMEDIATE/SCREENSHOTS/5048f972-71a5-4bbb-9ebf-495783170275.png:Zone.Identifier | data/lseg/raw/90_INTERMEDIATE/SCREENSHOTS/57688dd7-cfad-46f7-9d61-7173a480ab24.png:Zone.Identifier | data/lseg/raw/90_INTERMEDIATE/SCREENSHOTS/6a48aa3a-47d9-431b-a8d4-4b421a82f395.png:Zone.Identifier | data/lseg/raw/90_INTERMEDIATE/SCREENSHOTS/6b0bf7a6-4724-4c1c-98c7-10c623883a8b.png:Zone.Identifier | data/lseg/raw/90_INTERMEDIATE/SCREENSHOTS/7cdf8489-62e1-4566-9c92-ddde781dfc41.png:Zone.Identifier | data/lseg/raw/90_INTERMEDIATE/SCREENSHOTS/839b9904-b506-4600-a582-19546fc0d0dc.png:Zone.Identifier | data/lseg/raw/90_INTERMEDIATE/SCREENSHOTS/87b02fce-0b58-4ead-b793-267dd464b8ec.png:Zone.Identifier | data/lseg/raw/90_INTERMEDIATE/SCREENSHOTS/917dfe63-9fd2-4e78-89c4-b98dcf9f033f.png:Zone.Identifier | data/lseg/raw/90_INTERMEDIATE/SCREENSHOTS/990167dc-a3d5-4b22-acec-131b4e0f87c9.png:Zone.Identifier | data/lseg/raw/90_INTERMEDIATE/SCREENSHOTS/af6db8b3-1471-4a8e-9879-1e782574016e.png:Zone.Identifier | data/lseg/raw/90_INTERMEDIATE/SCREENSHOTS/b94c25b1-cacf-496f-802b-f74a6ec3c376.png:Zone.Identifier | data/lseg/raw/90_INTERMEDIATE/SCREENSHOTS/bc276a5b-6ae8-473b-abe3-2d17e33bcdd3.png:Zone.Identifier | data/lseg/raw/90_INTERMEDIATE/SCREENSHOTS/chart_100049390.embedded.png:Zone.Identifier | data/lseg/raw/90_INTERMEDIATE/SCREENSHOTS/chart_100127248.embedded.png:Zone.Identifier | data/lseg/raw/90_INTERMEDIATE/SCREENSHOTS/crop_che.png:Zone.Identifier | data/lseg/raw/90_INTERMEDIATE/SCREENSHOTS/de1ee218-60dc-4b11-b243-1f352c398785.png:Zone.Identifier | data/lseg/raw/99_UNCLASSIFIED_RETAINED/LSEG_DISCOVERY_RAW_NOTES.txt:Zone.Identifier | data/lseg/raw/99_UNCLASSIFIED_RETAINED/table_100016453.xls:Zone.Identifier | data/lseg/raw/CH_DA_RAW.xlsx:Zone.Identifier | data/lseg/raw/DE_DA_RAW.xlsx:Zone.Identifier | data/lseg/raw/EDF_NUCLEAR_OUTAGE_REVISIONS_PIT.csv:Zone.Identifier | data/lseg/raw/EDF_NUCLEAR_PIT_DAILY_2021_2026.csv:Zone.Identifier | data/lseg/raw/FR_15M_RAW.xlsx:Zone.Identifier | data/lseg/raw/FR_DA_RAW_COMBINED.xlsx:Zone.Identifier | data/lseg/raw/Historique des indispo des moyens de production - depuis 2015 - 07092026-full.csv:Zone.Identifier | data/lseg/raw/IT_DA_RAW (1).xlsx:Zone.Identifier | data/lseg/raw/IT_DA_RAW.xlsx:Zone.Identifier | data/lseg/raw/IT_DEMAND_15M_ALL_ZONES_TEMPLATE.xlsx:Zone.Identifier | data/lseg/raw/IT_DEMAND_15M_NORTH.xlsx:Zone.Identifier | data/lseg/raw/IT_DEMAND_HOURLY.xlsx:Zone.Identifier | data/lseg/raw/publications-transparence-et-remit-liste-des-messages-edf-sa.csv:Zone.Identifier,Windows download-origin sidecar; excluded from data analysis.
data/lseg/raw/90_INTERMEDIATE/SCREENSHOTS/2bf92681-8086-451b-ad79-2cf2aaa286bf.png,2bf92681-8086-451b-ad79-2cf2aaa286bf.png,png,reference_image_or_report,LSEG reference report,LSEG reference report,Europe/unknown,Not applicable/non-tabular or not safely extractable,Not applicable or not declared,Not safely extractable,Not determined from file metadata,Not determined,Not determinable,Not safely extractable,Not safely extractable,Not safely extractable,92628,Not applicable/non-tabular,UNKNOWN,REFERENCE_ONLY,,,Non-tabular artifact; no reliable row-level schema inferred.
data/lseg/raw/90_INTERMEDIATE/SCREENSHOTS/2bf92681-8086-451b-ad79-2cf2aaa286bf.png:Zone.Identifier,2bf92681-8086-451b-ad79-2cf2aaa286bf.png:Zone.Identifier,identifier,metadata_sidecar,ancillary file metadata,Zone.Identifier,UNKNOWN,Not applicable/non-tabular or not safely extractable,Not applicable or not declared,Not safely extractable,Not determined from file metadata,Not determined,Not determinable,Not safely extractable,Not safely extractable,Not safely extractable,25,Not applicable/non-tabular,UNKNOWN,None,,data/lseg/raw/00_START_HERE/ANONYMOUS_XLS_MAPPING.md:Zone.Identifier | data/lseg/raw/00_START_HERE/DATA_CATALOG.csv:Zone.Identifier | data/lseg/raw/00_START_HERE/EXTRACTION_STATUS_AND_GAPS.md:Zone.Identifier | data/lseg/raw/00_START_HERE/LICENSE_NOTES.md:Zone.Identifier | data/lseg/raw/00_START_HERE/MANIFEST_SHA256.csv:Zone.Identifier | data/lseg/raw/00_START_HERE/MISSING_CH_DE_RECOVERY.md:Zone.Identifier | data/lseg/raw/00_START_HERE/MISSING_CH_DE_RICS.csv:Zone.Identifier | data/lseg/raw/00_START_HERE/PROJECT_OBJECTIVE.txt:Zone.Identifier | data/lseg/raw/00_START_HERE/README_FIRST.md:Zone.Identifier | data/lseg/raw/00_START_HERE/RIC_FAMILIES.csv:Zone.Identifier | data/lseg/raw/01_CORE_HISTORICAL/FR_NUCLEAR_PIT/EDF_NUCLEAR_OUTAGE_REVISIONS_PIT.csv:Zone.Identifier | data/lseg/raw/01_CORE_HISTORICAL/FR_NUCLEAR_PIT/EDF_NUCLEAR_PIT_DAILY_2021_2026.csv:Zone.Identifier | data/lseg/raw/01_CORE_HISTORICAL/FR_NUCLEAR_PIT/EDF_NUCLEAR_PIT_SUMMARY.txt:Zone.Identifier | data/lseg/raw/01_CORE_HISTORICAL/LSEG_DEMAND/IT_DEMAND_15M_ALL_7_ZONES_2025_2026.xlsx:Zone.Identifier | data/lseg/raw/01_CORE_HISTORICAL/LSEG_DEMAND/IT_DEMAND_HOURLY_2021_2025.xlsx:Zone.Identifier | data/lseg/raw/01_CORE_HISTORICAL/LSEG_PRICES/FR_DAY_AHEAD_HOURLY_AND_15M.xlsx:Zone.Identifier | data/lseg/raw/01_CORE_HISTORICAL/LSEG_PRICES/IT_DAY_AHEAD_HOURLY_AND_15M.xlsx:Zone.Identifier | data/lseg/raw/02_SOURCE_RAW/FR_NUCLEAR/EDF_OUTAGE_HISTORY_RAW.csv:Zone.Identifier | data/lseg/raw/02_SOURCE_RAW/FR_NUCLEAR/EDF_TRANSPARENCY_REMIT_MESSAGES_RAW.csv:Zone.Identifier | data/lseg/raw/03_CURRENT_RECENT_LSEG/COST_CURVES/cost_curves_2026910_21432.xlsx:Zone.Identifier | data/lseg/raw/03_CURRENT_RECENT_LSEG/COST_CURVES/cost_curves_2026910_21543.xlsx:Zone.Identifier | data/lseg/raw/03_CURRENT_RECENT_LSEG/COST_CURVES/cost_curves_2026910_2164.xlsx:Zone.Identifier | data/lseg/raw/03_CURRENT_RECENT_LSEG/RESIDUAL_LOAD/CWE_RESIDUAL_LOAD_REPORT.pdf:Zone.Identifier | data/lseg/raw/03_CURRENT_RECENT_LSEG/RESIDUAL_LOAD/DE_RESIDUAL_LOAD_CURRENT_RECENT.xls:Zone.Identifier | data/lseg/raw/03_CURRENT_RECENT_LSEG/RESIDUAL_LOAD/DE_RESIDUAL_LOAD_REPORT.pdf:Zone.Identifier | data/lseg/raw/03_CURRENT_RECENT_LSEG/RESIDUAL_LOAD/FR_IT_RESIDUAL_LOAD_EXPORT_A.xls:Zone.Identifier | data/lseg/raw/03_CURRENT_RECENT_LSEG/RESIDUAL_LOAD/FR_IT_RESIDUAL_LOAD_EXPORT_B.xls:Zone.Identifier | data/lseg/raw/03_CURRENT_RECENT_LSEG/SUPPLY_WIND_SOLAR/GB_EMBEDDED_SOLAR_REPORT.pdf:Zone.Identifier | data/lseg/raw/03_CURRENT_RECENT_LSEG/SUPPLY_WIND_SOLAR/GB_EMBEDDED_WIND_REPORT.pdf:Zone.Identifier | data/lseg/raw/03_CURRENT_RECENT_LSEG/SUPPLY_WIND_SOLAR/SUPPLY_WIND_REPORT.pdf:Zone.Identifier | data/lseg/raw/03_CURRENT_RECENT_LSEG/WEATHER/CLOUD_COVER_CH.xls:Zone.Identifier | data/lseg/raw/03_CURRENT_RECENT_LSEG/WEATHER/CLOUD_COVER_REPORT.pdf:Zone.Identifier | data/lseg/raw/03_CURRENT_RECENT_LSEG/WEATHER/ECMWF_CLUSTER_REPORT.pdf:Zone.Identifier | data/lseg/raw/03_CURRENT_RECENT_LSEG/WEATHER/NAO_AO_REPORT.pdf:Zone.Identifier | data/lseg/raw/03_CURRENT_RECENT_LSEG/WEATHER/PRECIPITATION_ALP_AREA_REPORT.pdf:Zone.Identifier | data/lseg/raw/03_CURRENT_RECENT_LSEG/WEATHER/PRECIPITATION_CH_EFFECTIVE.xls:Zone.Identifier | data/lseg/raw/03_CURRENT_RECENT_LSEG/WEATHER/TEMPERATURE_DE_FR_AT_CH_TABLE.xls:Zone.Identifier | data/lseg/raw/03_CURRENT_RECENT_LSEG/WEATHER/TEMPERATURE_IT_CHART.xls:Zone.Identifier | data/lseg/raw/03_CURRENT_RECENT_LSEG/WEATHER/TEMPERATURE_REPORT.pdf:Zone.Identifier | data/lseg/raw/04_CROSS_BORDER_REFERENCE/01_PRICE_FLOW_GRAPH_CHE_VISIBLE.png:Zone.Identifier | data/lseg/raw/04_CROSS_BORDER_REFERENCE/02_DEU_SELECTED_CONNECTIONS.png:Zone.Identifier | data/lseg/raw/04_CROSS_BORDER_REFERENCE/03_NET_IMPORT_GRAPH.png:Zone.Identifier | data/lseg/raw/04_CROSS_BORDER_REFERENCE/04_NET_IMPORT_CHE_SELECTED_00.png:Zone.Identifier | data/lseg/raw/04_CROSS_BORDER_REFERENCE/05_NET_IMPORT_CHE_SELECTED_12.png:Zone.Identifier | data/lseg/raw/04_CROSS_BORDER_REFERENCE/06_CAPACITY_DIRECTION_1_CHE_SELECTED.png:Zone.Identifier | data/lseg/raw/04_CROSS_BORDER_REFERENCE/07_CAPACITY_DIRECTION_2_CHE_SELECTED_A.png:Zone.Identifier | data/lseg/raw/04_CROSS_BORDER_REFERENCE/08_CAPACITY_DIRECTION_2_CHE_SELECTED_B.png:Zone.Identifier | data/lseg/raw/04_CROSS_BORDER_REFERENCE/09_CAPACITY_DIRECTION_2_CHE_SELECTED_C.png:Zone.Identifier | data/lseg/raw/04_CROSS_BORDER_REFERENCE/10_SCHEDULED_EXCHANGE_NET_IMPORT_GRAPH.png:Zone.Identifier | data/lseg/raw/04_CROSS_BORDER_REFERENCE/11_SCHEDULED_EXCHANGE_CHE_SELECTED.png:Zone.Identifier | data/lseg/raw/04_CROSS_BORDER_REFERENCE/FLOWS_GRAPH_REPORT.pdf:Zone.Identifier | data/lseg/raw/05_LSEG_REFERENCE_PDFS/DEMAND_CONSUMPTION_OVERVIEW.pdf:Zone.Identifier | data/lseg/raw/90_INTERMEDIATE/LSEG_PRICE_DEMAND/FR_15M_RAW.xls.xlsx:Zone.Identifier | data/lseg/raw/90_INTERMEDIATE/LSEG_PRICE_DEMAND/FR_DA_RAW.xlsx:Zone.Identifier | data/lseg/raw/90_INTERMEDIATE/LSEG_PRICE_DEMAND/IT_DA_RAW(1).xlsx:Zone.Identifier | data/lseg/raw/90_INTERMEDIATE/LSEG_PRICE_DEMAND/IT_DA_RAW(2).xlsx:Zone.Identifier | data/lseg/raw/90_INTERMEDIATE/LSEG_PRICE_DEMAND/IT_DA_RAW(3).xlsx:Zone.Identifier | data/lseg/raw/90_INTERMEDIATE/LSEG_PRICE_DEMAND/IT_DA_RAW.xlsx:Zone.Identifier | data/lseg/raw/90_INTERMEDIATE/LSEG_PRICE_DEMAND/IT_DEMAND_15M_ALL_ZONES_TEMPLATE.xlsx:Zone.Identifier | data/lseg/raw/90_INTERMEDIATE/LSEG_PRICE_DEMAND/IT_DEMAND_15M_NORTH.xlsx:Zone.Identifier | data/lseg/raw/90_INTERMEDIATE/LSEG_PRICE_DEMAND/Mappe1(1).xlsx:Zone.Identifier | data/lseg/raw/90_INTERMEDIATE/LSEG_PRICE_DEMAND/Mappe1(2).xlsx:Zone.Identifier | data/lseg/raw/90_INTERMEDIATE/LSEG_PRICE_DEMAND/Mappe1(3).xlsx:Zone.Identifier | data/lseg/raw/90_INTERMEDIATE/LSEG_PRICE_DEMAND/Mappe1(4).xlsx:Zone.Identifier | data/lseg/raw/90_INTERMEDIATE/LSEG_PRICE_DEMAND/Mappe1(5).xlsx:Zone.Identifier | data/lseg/raw/90_INTERMEDIATE/SCREENSHOTS/0a528483-087b-4a33-a2f3-ecdd62770a3a.png:Zone.Identifier | data/lseg/raw/90_INTERMEDIATE/SCREENSHOTS/1609bf25-22b3-4c50-817b-fa945dba6bfe.png:Zone.Identifier | data/lseg/raw/90_INTERMEDIATE/SCREENSHOTS/1d02b907-f21b-48aa-bff6-9bb501bffd31.png:Zone.Identifier | data/lseg/raw/90_INTERMEDIATE/SCREENSHOTS/2bf92681-8086-451b-ad79-2cf2aaa286bf.png:Zone.Identifier | data/lseg/raw/90_INTERMEDIATE/SCREENSHOTS/5048f972-71a5-4bbb-9ebf-495783170275.png:Zone.Identifier | data/lseg/raw/90_INTERMEDIATE/SCREENSHOTS/57688dd7-cfad-46f7-9d61-7173a480ab24.png:Zone.Identifier | data/lseg/raw/90_INTERMEDIATE/SCREENSHOTS/6a48aa3a-47d9-431b-a8d4-4b421a82f395.png:Zone.Identifier | data/lseg/raw/90_INTERMEDIATE/SCREENSHOTS/6b0bf7a6-4724-4c1c-98c7-10c623883a8b.png:Zone.Identifier | data/lseg/raw/90_INTERMEDIATE/SCREENSHOTS/7cdf8489-62e1-4566-9c92-ddde781dfc41.png:Zone.Identifier | data/lseg/raw/90_INTERMEDIATE/SCREENSHOTS/839b9904-b506-4600-a582-19546fc0d0dc.png:Zone.Identifier | data/lseg/raw/90_INTERMEDIATE/SCREENSHOTS/87b02fce-0b58-4ead-b793-267dd464b8ec.png:Zone.Identifier | data/lseg/raw/90_INTERMEDIATE/SCREENSHOTS/917dfe63-9fd2-4e78-89c4-b98dcf9f033f.png:Zone.Identifier | data/lseg/raw/90_INTERMEDIATE/SCREENSHOTS/990167dc-a3d5-4b22-acec-131b4e0f87c9.png:Zone.Identifier | data/lseg/raw/90_INTERMEDIATE/SCREENSHOTS/af6db8b3-1471-4a8e-9879-1e782574016e.png:Zone.Identifier | data/lseg/raw/90_INTERMEDIATE/SCREENSHOTS/b94c25b1-cacf-496f-802b-f74a6ec3c376.png:Zone.Identifier | data/lseg/raw/90_INTERMEDIATE/SCREENSHOTS/bc276a5b-6ae8-473b-abe3-2d17e33bcdd3.png:Zone.Identifier | data/lseg/raw/90_INTERMEDIATE/SCREENSHOTS/chart_100049390.embedded.png:Zone.Identifier | data/lseg/raw/90_INTERMEDIATE/SCREENSHOTS/chart_100127248.embedded.png:Zone.Identifier | data/lseg/raw/90_INTERMEDIATE/SCREENSHOTS/crop_che.png:Zone.Identifier | data/lseg/raw/90_INTERMEDIATE/SCREENSHOTS/de1ee218-60dc-4b11-b243-1f352c398785.png:Zone.Identifier | data/lseg/raw/99_UNCLASSIFIED_RETAINED/LSEG_DISCOVERY_RAW_NOTES.txt:Zone.Identifier | data/lseg/raw/99_UNCLASSIFIED_RETAINED/table_100016453.xls:Zone.Identifier | data/lseg/raw/CH_DA_RAW.xlsx:Zone.Identifier | data/lseg/raw/DE_DA_RAW.xlsx:Zone.Identifier | data/lseg/raw/EDF_NUCLEAR_OUTAGE_REVISIONS_PIT.csv:Zone.Identifier | data/lseg/raw/EDF_NUCLEAR_PIT_DAILY_2021_2026.csv:Zone.Identifier | data/lseg/raw/FR_15M_RAW.xlsx:Zone.Identifier | data/lseg/raw/FR_DA_RAW_COMBINED.xlsx:Zone.Identifier | data/lseg/raw/Historique des indispo des moyens de production - depuis 2015 - 07092026-full.csv:Zone.Identifier | data/lseg/raw/IT_DA_RAW (1).xlsx:Zone.Identifier | data/lseg/raw/IT_DA_RAW.xlsx:Zone.Identifier | data/lseg/raw/IT_DEMAND_15M_ALL_ZONES_TEMPLATE.xlsx:Zone.Identifier | data/lseg/raw/IT_DEMAND_15M_NORTH.xlsx:Zone.Identifier | data/lseg/raw/IT_DEMAND_HOURLY.xlsx:Zone.Identifier | data/lseg/raw/publications-transparence-et-remit-liste-des-messages-edf-sa.csv:Zone.Identifier,Windows download-origin sidecar; excluded from data analysis.
data/lseg/raw/90_INTERMEDIATE/SCREENSHOTS/5048f972-71a5-4bbb-9ebf-495783170275.png,5048f972-71a5-4bbb-9ebf-495783170275.png,png,reference_image_or_report,LSEG reference report,LSEG reference report,Europe/unknown,Not applicable/non-tabular or not safely extractable,Not applicable or not declared,Not safely extractable,Not determined from file metadata,Not determined,Not determinable,Not safely extractable,Not safely extractable,Not safely extractable,73080,Not applicable/non-tabular,UNKNOWN,REFERENCE_ONLY,,,Non-tabular artifact; no reliable row-level schema inferred.
data/lseg/raw/90_INTERMEDIATE/SCREENSHOTS/5048f972-71a5-4bbb-9ebf-495783170275.png:Zone.Identifier,5048f972-71a5-4bbb-9ebf-495783170275.png:Zone.Identifier,identifier,metadata_sidecar,ancillary file metadata,Zone.Identifier,UNKNOWN,Not applicable/non-tabular or not safely extractable,Not applicable or not declared,Not safely extractable,Not determined from file metadata,Not determined,Not determinable,Not safely extractable,Not safely extractable,Not safely extractable,25,Not applicable/non-tabular,UNKNOWN,None,,data/lseg/raw/00_START_HERE/ANONYMOUS_XLS_MAPPING.md:Zone.Identifier | data/lseg/raw/00_START_HERE/DATA_CATALOG.csv:Zone.Identifier | data/lseg/raw/00_START_HERE/EXTRACTION_STATUS_AND_GAPS.md:Zone.Identifier | data/lseg/raw/00_START_HERE/LICENSE_NOTES.md:Zone.Identifier | data/lseg/raw/00_START_HERE/MANIFEST_SHA256.csv:Zone.Identifier | data/lseg/raw/00_START_HERE/MISSING_CH_DE_RECOVERY.md:Zone.Identifier | data/lseg/raw/00_START_HERE/MISSING_CH_DE_RICS.csv:Zone.Identifier | data/lseg/raw/00_START_HERE/PROJECT_OBJECTIVE.txt:Zone.Identifier | data/lseg/raw/00_START_HERE/README_FIRST.md:Zone.Identifier | data/lseg/raw/00_START_HERE/RIC_FAMILIES.csv:Zone.Identifier | data/lseg/raw/01_CORE_HISTORICAL/FR_NUCLEAR_PIT/EDF_NUCLEAR_OUTAGE_REVISIONS_PIT.csv:Zone.Identifier | data/lseg/raw/01_CORE_HISTORICAL/FR_NUCLEAR_PIT/EDF_NUCLEAR_PIT_DAILY_2021_2026.csv:Zone.Identifier | data/lseg/raw/01_CORE_HISTORICAL/FR_NUCLEAR_PIT/EDF_NUCLEAR_PIT_SUMMARY.txt:Zone.Identifier | data/lseg/raw/01_CORE_HISTORICAL/LSEG_DEMAND/IT_DEMAND_15M_ALL_7_ZONES_2025_2026.xlsx:Zone.Identifier | data/lseg/raw/01_CORE_HISTORICAL/LSEG_DEMAND/IT_DEMAND_HOURLY_2021_2025.xlsx:Zone.Identifier | data/lseg/raw/01_CORE_HISTORICAL/LSEG_PRICES/FR_DAY_AHEAD_HOURLY_AND_15M.xlsx:Zone.Identifier | data/lseg/raw/01_CORE_HISTORICAL/LSEG_PRICES/IT_DAY_AHEAD_HOURLY_AND_15M.xlsx:Zone.Identifier | data/lseg/raw/02_SOURCE_RAW/FR_NUCLEAR/EDF_OUTAGE_HISTORY_RAW.csv:Zone.Identifier | data/lseg/raw/02_SOURCE_RAW/FR_NUCLEAR/EDF_TRANSPARENCY_REMIT_MESSAGES_RAW.csv:Zone.Identifier | data/lseg/raw/03_CURRENT_RECENT_LSEG/COST_CURVES/cost_curves_2026910_21432.xlsx:Zone.Identifier | data/lseg/raw/03_CURRENT_RECENT_LSEG/COST_CURVES/cost_curves_2026910_21543.xlsx:Zone.Identifier | data/lseg/raw/03_CURRENT_RECENT_LSEG/COST_CURVES/cost_curves_2026910_2164.xlsx:Zone.Identifier | data/lseg/raw/03_CURRENT_RECENT_LSEG/RESIDUAL_LOAD/CWE_RESIDUAL_LOAD_REPORT.pdf:Zone.Identifier | data/lseg/raw/03_CURRENT_RECENT_LSEG/RESIDUAL_LOAD/DE_RESIDUAL_LOAD_CURRENT_RECENT.xls:Zone.Identifier | data/lseg/raw/03_CURRENT_RECENT_LSEG/RESIDUAL_LOAD/DE_RESIDUAL_LOAD_REPORT.pdf:Zone.Identifier | data/lseg/raw/03_CURRENT_RECENT_LSEG/RESIDUAL_LOAD/FR_IT_RESIDUAL_LOAD_EXPORT_A.xls:Zone.Identifier | data/lseg/raw/03_CURRENT_RECENT_LSEG/RESIDUAL_LOAD/FR_IT_RESIDUAL_LOAD_EXPORT_B.xls:Zone.Identifier | data/lseg/raw/03_CURRENT_RECENT_LSEG/SUPPLY_WIND_SOLAR/GB_EMBEDDED_SOLAR_REPORT.pdf:Zone.Identifier | data/lseg/raw/03_CURRENT_RECENT_LSEG/SUPPLY_WIND_SOLAR/GB_EMBEDDED_WIND_REPORT.pdf:Zone.Identifier | data/lseg/raw/03_CURRENT_RECENT_LSEG/SUPPLY_WIND_SOLAR/SUPPLY_WIND_REPORT.pdf:Zone.Identifier | data/lseg/raw/03_CURRENT_RECENT_LSEG/WEATHER/CLOUD_COVER_CH.xls:Zone.Identifier | data/lseg/raw/03_CURRENT_RECENT_LSEG/WEATHER/CLOUD_COVER_REPORT.pdf:Zone.Identifier | data/lseg/raw/03_CURRENT_RECENT_LSEG/WEATHER/ECMWF_CLUSTER_REPORT.pdf:Zone.Identifier | data/lseg/raw/03_CURRENT_RECENT_LSEG/WEATHER/NAO_AO_REPORT.pdf:Zone.Identifier | data/lseg/raw/03_CURRENT_RECENT_LSEG/WEATHER/PRECIPITATION_ALP_AREA_REPORT.pdf:Zone.Identifier | data/lseg/raw/03_CURRENT_RECENT_LSEG/WEATHER/PRECIPITATION_CH_EFFECTIVE.xls:Zone.Identifier | data/lseg/raw/03_CURRENT_RECENT_LSEG/WEATHER/TEMPERATURE_DE_FR_AT_CH_TABLE.xls:Zone.Identifier | data/lseg/raw/03_CURRENT_RECENT_LSEG/WEATHER/TEMPERATURE_IT_CHART.xls:Zone.Identifier | data/lseg/raw/03_CURRENT_RECENT_LSEG/WEATHER/TEMPERATURE_REPORT.pdf:Zone.Identifier | data/lseg/raw/04_CROSS_BORDER_REFERENCE/01_PRICE_FLOW_GRAPH_CHE_VISIBLE.png:Zone.Identifier | data/lseg/raw/04_CROSS_BORDER_REFERENCE/02_DEU_SELECTED_CONNECTIONS.png:Zone.Identifier | data/lseg/raw/04_CROSS_BORDER_REFERENCE/03_NET_IMPORT_GRAPH.png:Zone.Identifier | data/lseg/raw/04_CROSS_BORDER_REFERENCE/04_NET_IMPORT_CHE_SELECTED_00.png:Zone.Identifier | data/lseg/raw/04_CROSS_BORDER_REFERENCE/05_NET_IMPORT_CHE_SELECTED_12.png:Zone.Identifier | data/lseg/raw/04_CROSS_BORDER_REFERENCE/06_CAPACITY_DIRECTION_1_CHE_SELECTED.png:Zone.Identifier | data/lseg/raw/04_CROSS_BORDER_REFERENCE/07_CAPACITY_DIRECTION_2_CHE_SELECTED_A.png:Zone.Identifier | data/lseg/raw/04_CROSS_BORDER_REFERENCE/08_CAPACITY_DIRECTION_2_CHE_SELECTED_B.png:Zone.Identifier | data/lseg/raw/04_CROSS_BORDER_REFERENCE/09_CAPACITY_DIRECTION_2_CHE_SELECTED_C.png:Zone.Identifier | data/lseg/raw/04_CROSS_BORDER_REFERENCE/10_SCHEDULED_EXCHANGE_NET_IMPORT_GRAPH.png:Zone.Identifier | data/lseg/raw/04_CROSS_BORDER_REFERENCE/11_SCHEDULED_EXCHANGE_CHE_SELECTED.png:Zone.Identifier | data/lseg/raw/04_CROSS_BORDER_REFERENCE/FLOWS_GRAPH_REPORT.pdf:Zone.Identifier | data/lseg/raw/05_LSEG_REFERENCE_PDFS/DEMAND_CONSUMPTION_OVERVIEW.pdf:Zone.Identifier | data/lseg/raw/90_INTERMEDIATE/LSEG_PRICE_DEMAND/FR_15M_RAW.xls.xlsx:Zone.Identifier | data/lseg/raw/90_INTERMEDIATE/LSEG_PRICE_DEMAND/FR_DA_RAW.xlsx:Zone.Identifier | data/lseg/raw/90_INTERMEDIATE/LSEG_PRICE_DEMAND/IT_DA_RAW(1).xlsx:Zone.Identifier | data/lseg/raw/90_INTERMEDIATE/LSEG_PRICE_DEMAND/IT_DA_RAW(2).xlsx:Zone.Identifier | data/lseg/raw/90_INTERMEDIATE/LSEG_PRICE_DEMAND/IT_DA_RAW(3).xlsx:Zone.Identifier | data/lseg/raw/90_INTERMEDIATE/LSEG_PRICE_DEMAND/IT_DA_RAW.xlsx:Zone.Identifier | data/lseg/raw/90_INTERMEDIATE/LSEG_PRICE_DEMAND/IT_DEMAND_15M_ALL_ZONES_TEMPLATE.xlsx:Zone.Identifier | data/lseg/raw/90_INTERMEDIATE/LSEG_PRICE_DEMAND/IT_DEMAND_15M_NORTH.xlsx:Zone.Identifier | data/lseg/raw/90_INTERMEDIATE/LSEG_PRICE_DEMAND/Mappe1(1).xlsx:Zone.Identifier | data/lseg/raw/90_INTERMEDIATE/LSEG_PRICE_DEMAND/Mappe1(2).xlsx:Zone.Identifier | data/lseg/raw/90_INTERMEDIATE/LSEG_PRICE_DEMAND/Mappe1(3).xlsx:Zone.Identifier | data/lseg/raw/90_INTERMEDIATE/LSEG_PRICE_DEMAND/Mappe1(4).xlsx:Zone.Identifier | data/lseg/raw/90_INTERMEDIATE/LSEG_PRICE_DEMAND/Mappe1(5).xlsx:Zone.Identifier | data/lseg/raw/90_INTERMEDIATE/SCREENSHOTS/0a528483-087b-4a33-a2f3-ecdd62770a3a.png:Zone.Identifier | data/lseg/raw/90_INTERMEDIATE/SCREENSHOTS/1609bf25-22b3-4c50-817b-fa945dba6bfe.png:Zone.Identifier | data/lseg/raw/90_INTERMEDIATE/SCREENSHOTS/1d02b907-f21b-48aa-bff6-9bb501bffd31.png:Zone.Identifier | data/lseg/raw/90_INTERMEDIATE/SCREENSHOTS/2bf92681-8086-451b-ad79-2cf2aaa286bf.png:Zone.Identifier | data/lseg/raw/90_INTERMEDIATE/SCREENSHOTS/5048f972-71a5-4bbb-9ebf-495783170275.png:Zone.Identifier | data/lseg/raw/90_INTERMEDIATE/SCREENSHOTS/57688dd7-cfad-46f7-9d61-7173a480ab24.png:Zone.Identifier | data/lseg/raw/90_INTERMEDIATE/SCREENSHOTS/6a48aa3a-47d9-431b-a8d4-4b421a82f395.png:Zone.Identifier | data/lseg/raw/90_INTERMEDIATE/SCREENSHOTS/6b0bf7a6-4724-4c1c-98c7-10c623883a8b.png:Zone.Identifier | data/lseg/raw/90_INTERMEDIATE/SCREENSHOTS/7cdf8489-62e1-4566-9c92-ddde781dfc41.png:Zone.Identifier | data/lseg/raw/90_INTERMEDIATE/SCREENSHOTS/839b9904-b506-4600-a582-19546fc0d0dc.png:Zone.Identifier | data/lseg/raw/90_INTERMEDIATE/SCREENSHOTS/87b02fce-0b58-4ead-b793-267dd464b8ec.png:Zone.Identifier | data/lseg/raw/90_INTERMEDIATE/SCREENSHOTS/917dfe63-9fd2-4e78-89c4-b98dcf9f033f.png:Zone.Identifier | data/lseg/raw/90_INTERMEDIATE/SCREENSHOTS/990167dc-a3d5-4b22-acec-131b4e0f87c9.png:Zone.Identifier | data/lseg/raw/90_INTERMEDIATE/SCREENSHOTS/af6db8b3-1471-4a8e-9879-1e782574016e.png:Zone.Identifier | data/lseg/raw/90_INTERMEDIATE/SCREENSHOTS/b94c25b1-cacf-496f-802b-f74a6ec3c376.png:Zone.Identifier | data/lseg/raw/90_INTERMEDIATE/SCREENSHOTS/bc276a5b-6ae8-473b-abe3-2d17e33bcdd3.png:Zone.Identifier | data/lseg/raw/90_INTERMEDIATE/SCREENSHOTS/chart_100049390.embedded.png:Zone.Identifier | data/lseg/raw/90_INTERMEDIATE/SCREENSHOTS/chart_100127248.embedded.png:Zone.Identifier | data/lseg/raw/90_INTERMEDIATE/SCREENSHOTS/crop_che.png:Zone.Identifier | data/lseg/raw/90_INTERMEDIATE/SCREENSHOTS/de1ee218-60dc-4b11-b243-1f352c398785.png:Zone.Identifier | data/lseg/raw/99_UNCLASSIFIED_RETAINED/LSEG_DISCOVERY_RAW_NOTES.txt:Zone.Identifier | data/lseg/raw/99_UNCLASSIFIED_RETAINED/table_100016453.xls:Zone.Identifier | data/lseg/raw/CH_DA_RAW.xlsx:Zone.Identifier | data/lseg/raw/DE_DA_RAW.xlsx:Zone.Identifier | data/lseg/raw/EDF_NUCLEAR_OUTAGE_REVISIONS_PIT.csv:Zone.Identifier | data/lseg/raw/EDF_NUCLEAR_PIT_DAILY_2021_2026.csv:Zone.Identifier | data/lseg/raw/FR_15M_RAW.xlsx:Zone.Identifier | data/lseg/raw/FR_DA_RAW_COMBINED.xlsx:Zone.Identifier | data/lseg/raw/Historique des indispo des moyens de production - depuis 2015 - 07092026-full.csv:Zone.Identifier | data/lseg/raw/IT_DA_RAW (1).xlsx:Zone.Identifier | data/lseg/raw/IT_DA_RAW.xlsx:Zone.Identifier | data/lseg/raw/IT_DEMAND_15M_ALL_ZONES_TEMPLATE.xlsx:Zone.Identifier | data/lseg/raw/IT_DEMAND_15M_NORTH.xlsx:Zone.Identifier | data/lseg/raw/IT_DEMAND_HOURLY.xlsx:Zone.Identifier | data/lseg/raw/publications-transparence-et-remit-liste-des-messages-edf-sa.csv:Zone.Identifier,Windows download-origin sidecar; excluded from data analysis.
data/lseg/raw/90_INTERMEDIATE/SCREENSHOTS/57688dd7-cfad-46f7-9d61-7173a480ab24.png,57688dd7-cfad-46f7-9d61-7173a480ab24.png,png,reference_image_or_report,LSEG reference report,LSEG reference report,Europe/unknown,Not applicable/non-tabular or not safely extractable,Not applicable or not declared,Not safely extractable,Not determined from file metadata,Not determined,Not determinable,Not safely extractable,Not safely extractable,Not safely extractable,79406,Not applicable/non-tabular,UNKNOWN,REFERENCE_ONLY,,,Non-tabular artifact; no reliable row-level schema inferred.
data/lseg/raw/90_INTERMEDIATE/SCREENSHOTS/57688dd7-cfad-46f7-9d61-7173a480ab24.png:Zone.Identifier,57688dd7-cfad-46f7-9d61-7173a480ab24.png:Zone.Identifier,identifier,metadata_sidecar,ancillary file metadata,Zone.Identifier,UNKNOWN,Not applicable/non-tabular or not safely extractable,Not applicable or not declared,Not safely extractable,Not determined from file metadata,Not determined,Not determinable,Not safely extractable,Not safely extractable,Not safely extractable,25,Not applicable/non-tabular,UNKNOWN,None,,data/lseg/raw/00_START_HERE/ANONYMOUS_XLS_MAPPING.md:Zone.Identifier | data/lseg/raw/00_START_HERE/DATA_CATALOG.csv:Zone.Identifier | data/lseg/raw/00_START_HERE/EXTRACTION_STATUS_AND_GAPS.md:Zone.Identifier | data/lseg/raw/00_START_HERE/LICENSE_NOTES.md:Zone.Identifier | data/lseg/raw/00_START_HERE/MANIFEST_SHA256.csv:Zone.Identifier | data/lseg/raw/00_START_HERE/MISSING_CH_DE_RECOVERY.md:Zone.Identifier | data/lseg/raw/00_START_HERE/MISSING_CH_DE_RICS.csv:Zone.Identifier | data/lseg/raw/00_START_HERE/PROJECT_OBJECTIVE.txt:Zone.Identifier | data/lseg/raw/00_START_HERE/README_FIRST.md:Zone.Identifier | data/lseg/raw/00_START_HERE/RIC_FAMILIES.csv:Zone.Identifier | data/lseg/raw/01_CORE_HISTORICAL/FR_NUCLEAR_PIT/EDF_NUCLEAR_OUTAGE_REVISIONS_PIT.csv:Zone.Identifier | data/lseg/raw/01_CORE_HISTORICAL/FR_NUCLEAR_PIT/EDF_NUCLEAR_PIT_DAILY_2021_2026.csv:Zone.Identifier | data/lseg/raw/01_CORE_HISTORICAL/FR_NUCLEAR_PIT/EDF_NUCLEAR_PIT_SUMMARY.txt:Zone.Identifier | data/lseg/raw/01_CORE_HISTORICAL/LSEG_DEMAND/IT_DEMAND_15M_ALL_7_ZONES_2025_2026.xlsx:Zone.Identifier | data/lseg/raw/01_CORE_HISTORICAL/LSEG_DEMAND/IT_DEMAND_HOURLY_2021_2025.xlsx:Zone.Identifier | data/lseg/raw/01_CORE_HISTORICAL/LSEG_PRICES/FR_DAY_AHEAD_HOURLY_AND_15M.xlsx:Zone.Identifier | data/lseg/raw/01_CORE_HISTORICAL/LSEG_PRICES/IT_DAY_AHEAD_HOURLY_AND_15M.xlsx:Zone.Identifier | data/lseg/raw/02_SOURCE_RAW/FR_NUCLEAR/EDF_OUTAGE_HISTORY_RAW.csv:Zone.Identifier | data/lseg/raw/02_SOURCE_RAW/FR_NUCLEAR/EDF_TRANSPARENCY_REMIT_MESSAGES_RAW.csv:Zone.Identifier | data/lseg/raw/03_CURRENT_RECENT_LSEG/COST_CURVES/cost_curves_2026910_21432.xlsx:Zone.Identifier | data/lseg/raw/03_CURRENT_RECENT_LSEG/COST_CURVES/cost_curves_2026910_21543.xlsx:Zone.Identifier | data/lseg/raw/03_CURRENT_RECENT_LSEG/COST_CURVES/cost_curves_2026910_2164.xlsx:Zone.Identifier | data/lseg/raw/03_CURRENT_RECENT_LSEG/RESIDUAL_LOAD/CWE_RESIDUAL_LOAD_REPORT.pdf:Zone.Identifier | data/lseg/raw/03_CURRENT_RECENT_LSEG/RESIDUAL_LOAD/DE_RESIDUAL_LOAD_CURRENT_RECENT.xls:Zone.Identifier | data/lseg/raw/03_CURRENT_RECENT_LSEG/RESIDUAL_LOAD/DE_RESIDUAL_LOAD_REPORT.pdf:Zone.Identifier | data/lseg/raw/03_CURRENT_RECENT_LSEG/RESIDUAL_LOAD/FR_IT_RESIDUAL_LOAD_EXPORT_A.xls:Zone.Identifier | data/lseg/raw/03_CURRENT_RECENT_LSEG/RESIDUAL_LOAD/FR_IT_RESIDUAL_LOAD_EXPORT_B.xls:Zone.Identifier | data/lseg/raw/03_CURRENT_RECENT_LSEG/SUPPLY_WIND_SOLAR/GB_EMBEDDED_SOLAR_REPORT.pdf:Zone.Identifier | data/lseg/raw/03_CURRENT_RECENT_LSEG/SUPPLY_WIND_SOLAR/GB_EMBEDDED_WIND_REPORT.pdf:Zone.Identifier | data/lseg/raw/03_CURRENT_RECENT_LSEG/SUPPLY_WIND_SOLAR/SUPPLY_WIND_REPORT.pdf:Zone.Identifier | data/lseg/raw/03_CURRENT_RECENT_LSEG/WEATHER/CLOUD_COVER_CH.xls:Zone.Identifier | data/lseg/raw/03_CURRENT_RECENT_LSEG/WEATHER/CLOUD_COVER_REPORT.pdf:Zone.Identifier | data/lseg/raw/03_CURRENT_RECENT_LSEG/WEATHER/ECMWF_CLUSTER_REPORT.pdf:Zone.Identifier | data/lseg/raw/03_CURRENT_RECENT_LSEG/WEATHER/NAO_AO_REPORT.pdf:Zone.Identifier | data/lseg/raw/03_CURRENT_RECENT_LSEG/WEATHER/PRECIPITATION_ALP_AREA_REPORT.pdf:Zone.Identifier | data/lseg/raw/03_CURRENT_RECENT_LSEG/WEATHER/PRECIPITATION_CH_EFFECTIVE.xls:Zone.Identifier | data/lseg/raw/03_CURRENT_RECENT_LSEG/WEATHER/TEMPERATURE_DE_FR_AT_CH_TABLE.xls:Zone.Identifier | data/lseg/raw/03_CURRENT_RECENT_LSEG/WEATHER/TEMPERATURE_IT_CHART.xls:Zone.Identifier | data/lseg/raw/03_CURRENT_RECENT_LSEG/WEATHER/TEMPERATURE_REPORT.pdf:Zone.Identifier | data/lseg/raw/04_CROSS_BORDER_REFERENCE/01_PRICE_FLOW_GRAPH_CHE_VISIBLE.png:Zone.Identifier | data/lseg/raw/04_CROSS_BORDER_REFERENCE/02_DEU_SELECTED_CONNECTIONS.png:Zone.Identifier | data/lseg/raw/04_CROSS_BORDER_REFERENCE/03_NET_IMPORT_GRAPH.png:Zone.Identifier | data/lseg/raw/04_CROSS_BORDER_REFERENCE/04_NET_IMPORT_CHE_SELECTED_00.png:Zone.Identifier | data/lseg/raw/04_CROSS_BORDER_REFERENCE/05_NET_IMPORT_CHE_SELECTED_12.png:Zone.Identifier | data/lseg/raw/04_CROSS_BORDER_REFERENCE/06_CAPACITY_DIRECTION_1_CHE_SELECTED.png:Zone.Identifier | data/lseg/raw/04_CROSS_BORDER_REFERENCE/07_CAPACITY_DIRECTION_2_CHE_SELECTED_A.png:Zone.Identifier | data/lseg/raw/04_CROSS_BORDER_REFERENCE/08_CAPACITY_DIRECTION_2_CHE_SELECTED_B.png:Zone.Identifier | data/lseg/raw/04_CROSS_BORDER_REFERENCE/09_CAPACITY_DIRECTION_2_CHE_SELECTED_C.png:Zone.Identifier | data/lseg/raw/04_CROSS_BORDER_REFERENCE/10_SCHEDULED_EXCHANGE_NET_IMPORT_GRAPH.png:Zone.Identifier | data/lseg/raw/04_CROSS_BORDER_REFERENCE/11_SCHEDULED_EXCHANGE_CHE_SELECTED.png:Zone.Identifier | data/lseg/raw/04_CROSS_BORDER_REFERENCE/FLOWS_GRAPH_REPORT.pdf:Zone.Identifier | data/lseg/raw/05_LSEG_REFERENCE_PDFS/DEMAND_CONSUMPTION_OVERVIEW.pdf:Zone.Identifier | data/lseg/raw/90_INTERMEDIATE/LSEG_PRICE_DEMAND/FR_15M_RAW.xls.xlsx:Zone.Identifier | data/lseg/raw/90_INTERMEDIATE/LSEG_PRICE_DEMAND/FR_DA_RAW.xlsx:Zone.Identifier | data/lseg/raw/90_INTERMEDIATE/LSEG_PRICE_DEMAND/IT_DA_RAW(1).xlsx:Zone.Identifier | data/lseg/raw/90_INTERMEDIATE/LSEG_PRICE_DEMAND/IT_DA_RAW(2).xlsx:Zone.Identifier | data/lseg/raw/90_INTERMEDIATE/LSEG_PRICE_DEMAND/IT_DA_RAW(3).xlsx:Zone.Identifier | data/lseg/raw/90_INTERMEDIATE/LSEG_PRICE_DEMAND/IT_DA_RAW.xlsx:Zone.Identifier | data/lseg/raw/90_INTERMEDIATE/LSEG_PRICE_DEMAND/IT_DEMAND_15M_ALL_ZONES_TEMPLATE.xlsx:Zone.Identifier | data/lseg/raw/90_INTERMEDIATE/LSEG_PRICE_DEMAND/IT_DEMAND_15M_NORTH.xlsx:Zone.Identifier | data/lseg/raw/90_INTERMEDIATE/LSEG_PRICE_DEMAND/Mappe1(1).xlsx:Zone.Identifier | data/lseg/raw/90_INTERMEDIATE/LSEG_PRICE_DEMAND/Mappe1(2).xlsx:Zone.Identifier | data/lseg/raw/90_INTERMEDIATE/LSEG_PRICE_DEMAND/Mappe1(3).xlsx:Zone.Identifier | data/lseg/raw/90_INTERMEDIATE/LSEG_PRICE_DEMAND/Mappe1(4).xlsx:Zone.Identifier | data/lseg/raw/90_INTERMEDIATE/LSEG_PRICE_DEMAND/Mappe1(5).xlsx:Zone.Identifier | data/lseg/raw/90_INTERMEDIATE/SCREENSHOTS/0a528483-087b-4a33-a2f3-ecdd62770a3a.png:Zone.Identifier | data/lseg/raw/90_INTERMEDIATE/SCREENSHOTS/1609bf25-22b3-4c50-817b-fa945dba6bfe.png:Zone.Identifier | data/lseg/raw/90_INTERMEDIATE/SCREENSHOTS/1d02b907-f21b-48aa-bff6-9bb501bffd31.png:Zone.Identifier | data/lseg/raw/90_INTERMEDIATE/SCREENSHOTS/2bf92681-8086-451b-ad79-2cf2aaa286bf.png:Zone.Identifier | data/lseg/raw/90_INTERMEDIATE/SCREENSHOTS/5048f972-71a5-4bbb-9ebf-495783170275.png:Zone.Identifier | data/lseg/raw/90_INTERMEDIATE/SCREENSHOTS/57688dd7-cfad-46f7-9d61-7173a480ab24.png:Zone.Identifier | data/lseg/raw/90_INTERMEDIATE/SCREENSHOTS/6a48aa3a-47d9-431b-a8d4-4b421a82f395.png:Zone.Identifier | data/lseg/raw/90_INTERMEDIATE/SCREENSHOTS/6b0bf7a6-4724-4c1c-98c7-10c623883a8b.png:Zone.Identifier | data/lseg/raw/90_INTERMEDIATE/SCREENSHOTS/7cdf8489-62e1-4566-9c92-ddde781dfc41.png:Zone.Identifier | data/lseg/raw/90_INTERMEDIATE/SCREENSHOTS/839b9904-b506-4600-a582-19546fc0d0dc.png:Zone.Identifier | data/lseg/raw/90_INTERMEDIATE/SCREENSHOTS/87b02fce-0b58-4ead-b793-267dd464b8ec.png:Zone.Identifier | data/lseg/raw/90_INTERMEDIATE/SCREENSHOTS/917dfe63-9fd2-4e78-89c4-b98dcf9f033f.png:Zone.Identifier | data/lseg/raw/90_INTERMEDIATE/SCREENSHOTS/990167dc-a3d5-4b22-acec-131b4e0f87c9.png:Zone.Identifier | data/lseg/raw/90_INTERMEDIATE/SCREENSHOTS/af6db8b3-1471-4a8e-9879-1e782574016e.png:Zone.Identifier | data/lseg/raw/90_INTERMEDIATE/SCREENSHOTS/b94c25b1-cacf-496f-802b-f74a6ec3c376.png:Zone.Identifier | data/lseg/raw/90_INTERMEDIATE/SCREENSHOTS/bc276a5b-6ae8-473b-abe3-2d17e33bcdd3.png:Zone.Identifier | data/lseg/raw/90_INTERMEDIATE/SCREENSHOTS/chart_100049390.embedded.png:Zone.Identifier | data/lseg/raw/90_INTERMEDIATE/SCREENSHOTS/chart_100127248.embedded.png:Zone.Identifier | data/lseg/raw/90_INTERMEDIATE/SCREENSHOTS/crop_che.png:Zone.Identifier | data/lseg/raw/90_INTERMEDIATE/SCREENSHOTS/de1ee218-60dc-4b11-b243-1f352c398785.png:Zone.Identifier | data/lseg/raw/99_UNCLASSIFIED_RETAINED/LSEG_DISCOVERY_RAW_NOTES.txt:Zone.Identifier | data/lseg/raw/99_UNCLASSIFIED_RETAINED/table_100016453.xls:Zone.Identifier | data/lseg/raw/CH_DA_RAW.xlsx:Zone.Identifier | data/lseg/raw/DE_DA_RAW.xlsx:Zone.Identifier | data/lseg/raw/EDF_NUCLEAR_OUTAGE_REVISIONS_PIT.csv:Zone.Identifier | data/lseg/raw/EDF_NUCLEAR_PIT_DAILY_2021_2026.csv:Zone.Identifier | data/lseg/raw/FR_15M_RAW.xlsx:Zone.Identifier | data/lseg/raw/FR_DA_RAW_COMBINED.xlsx:Zone.Identifier | data/lseg/raw/Historique des indispo des moyens de production - depuis 2015 - 07092026-full.csv:Zone.Identifier | data/lseg/raw/IT_DA_RAW (1).xlsx:Zone.Identifier | data/lseg/raw/IT_DA_RAW.xlsx:Zone.Identifier | data/lseg/raw/IT_DEMAND_15M_ALL_ZONES_TEMPLATE.xlsx:Zone.Identifier | data/lseg/raw/IT_DEMAND_15M_NORTH.xlsx:Zone.Identifier | data/lseg/raw/IT_DEMAND_HOURLY.xlsx:Zone.Identifier | data/lseg/raw/publications-transparence-et-remit-liste-des-messages-edf-sa.csv:Zone.Identifier,Windows download-origin sidecar; excluded from data analysis.
data/lseg/raw/90_INTERMEDIATE/SCREENSHOTS/6a48aa3a-47d9-431b-a8d4-4b421a82f395.png,6a48aa3a-47d9-431b-a8d4-4b421a82f395.png,png,reference_image_or_report,LSEG reference report,LSEG reference report,Europe/unknown,Not applicable/non-tabular or not safely extractable,Not applicable or not declared,Not safely extractable,Not determined from file metadata,Not determined,Not determinable,Not safely extractable,Not safely extractable,Not safely extractable,108680,Not applicable/non-tabular,UNKNOWN,REFERENCE_ONLY,,,Non-tabular artifact; no reliable row-level schema inferred.
data/lseg/raw/90_INTERMEDIATE/SCREENSHOTS/6a48aa3a-47d9-431b-a8d4-4b421a82f395.png:Zone.Identifier,6a48aa3a-47d9-431b-a8d4-4b421a82f395.png:Zone.Identifier,identifier,metadata_sidecar,ancillary file metadata,Zone.Identifier,UNKNOWN,Not applicable/non-tabular or not safely extractable,Not applicable or not declared,Not safely extractable,Not determined from file metadata,Not determined,Not determinable,Not safely extractable,Not safely extractable,Not safely extractable,25,Not applicable/non-tabular,UNKNOWN,None,,data/lseg/raw/00_START_HERE/ANONYMOUS_XLS_MAPPING.md:Zone.Identifier | data/lseg/raw/00_START_HERE/DATA_CATALOG.csv:Zone.Identifier | data/lseg/raw/00_START_HERE/EXTRACTION_STATUS_AND_GAPS.md:Zone.Identifier | data/lseg/raw/00_START_HERE/LICENSE_NOTES.md:Zone.Identifier | data/lseg/raw/00_START_HERE/MANIFEST_SHA256.csv:Zone.Identifier | data/lseg/raw/00_START_HERE/MISSING_CH_DE_RECOVERY.md:Zone.Identifier | data/lseg/raw/00_START_HERE/MISSING_CH_DE_RICS.csv:Zone.Identifier | data/lseg/raw/00_START_HERE/PROJECT_OBJECTIVE.txt:Zone.Identifier | data/lseg/raw/00_START_HERE/README_FIRST.md:Zone.Identifier | data/lseg/raw/00_START_HERE/RIC_FAMILIES.csv:Zone.Identifier | data/lseg/raw/01_CORE_HISTORICAL/FR_NUCLEAR_PIT/EDF_NUCLEAR_OUTAGE_REVISIONS_PIT.csv:Zone.Identifier | data/lseg/raw/01_CORE_HISTORICAL/FR_NUCLEAR_PIT/EDF_NUCLEAR_PIT_DAILY_2021_2026.csv:Zone.Identifier | data/lseg/raw/01_CORE_HISTORICAL/FR_NUCLEAR_PIT/EDF_NUCLEAR_PIT_SUMMARY.txt:Zone.Identifier | data/lseg/raw/01_CORE_HISTORICAL/LSEG_DEMAND/IT_DEMAND_15M_ALL_7_ZONES_2025_2026.xlsx:Zone.Identifier | data/lseg/raw/01_CORE_HISTORICAL/LSEG_DEMAND/IT_DEMAND_HOURLY_2021_2025.xlsx:Zone.Identifier | data/lseg/raw/01_CORE_HISTORICAL/LSEG_PRICES/FR_DAY_AHEAD_HOURLY_AND_15M.xlsx:Zone.Identifier | data/lseg/raw/01_CORE_HISTORICAL/LSEG_PRICES/IT_DAY_AHEAD_HOURLY_AND_15M.xlsx:Zone.Identifier | data/lseg/raw/02_SOURCE_RAW/FR_NUCLEAR/EDF_OUTAGE_HISTORY_RAW.csv:Zone.Identifier | data/lseg/raw/02_SOURCE_RAW/FR_NUCLEAR/EDF_TRANSPARENCY_REMIT_MESSAGES_RAW.csv:Zone.Identifier | data/lseg/raw/03_CURRENT_RECENT_LSEG/COST_CURVES/cost_curves_2026910_21432.xlsx:Zone.Identifier | data/lseg/raw/03_CURRENT_RECENT_LSEG/COST_CURVES/cost_curves_2026910_21543.xlsx:Zone.Identifier | data/lseg/raw/03_CURRENT_RECENT_LSEG/COST_CURVES/cost_curves_2026910_2164.xlsx:Zone.Identifier | data/lseg/raw/03_CURRENT_RECENT_LSEG/RESIDUAL_LOAD/CWE_RESIDUAL_LOAD_REPORT.pdf:Zone.Identifier | data/lseg/raw/03_CURRENT_RECENT_LSEG/RESIDUAL_LOAD/DE_RESIDUAL_LOAD_CURRENT_RECENT.xls:Zone.Identifier | data/lseg/raw/03_CURRENT_RECENT_LSEG/RESIDUAL_LOAD/DE_RESIDUAL_LOAD_REPORT.pdf:Zone.Identifier | data/lseg/raw/03_CURRENT_RECENT_LSEG/RESIDUAL_LOAD/FR_IT_RESIDUAL_LOAD_EXPORT_A.xls:Zone.Identifier | data/lseg/raw/03_CURRENT_RECENT_LSEG/RESIDUAL_LOAD/FR_IT_RESIDUAL_LOAD_EXPORT_B.xls:Zone.Identifier | data/lseg/raw/03_CURRENT_RECENT_LSEG/SUPPLY_WIND_SOLAR/GB_EMBEDDED_SOLAR_REPORT.pdf:Zone.Identifier | data/lseg/raw/03_CURRENT_RECENT_LSEG/SUPPLY_WIND_SOLAR/GB_EMBEDDED_WIND_REPORT.pdf:Zone.Identifier | data/lseg/raw/03_CURRENT_RECENT_LSEG/SUPPLY_WIND_SOLAR/SUPPLY_WIND_REPORT.pdf:Zone.Identifier | data/lseg/raw/03_CURRENT_RECENT_LSEG/WEATHER/CLOUD_COVER_CH.xls:Zone.Identifier | data/lseg/raw/03_CURRENT_RECENT_LSEG/WEATHER/CLOUD_COVER_REPORT.pdf:Zone.Identifier | data/lseg/raw/03_CURRENT_RECENT_LSEG/WEATHER/ECMWF_CLUSTER_REPORT.pdf:Zone.Identifier | data/lseg/raw/03_CURRENT_RECENT_LSEG/WEATHER/NAO_AO_REPORT.pdf:Zone.Identifier | data/lseg/raw/03_CURRENT_RECENT_LSEG/WEATHER/PRECIPITATION_ALP_AREA_REPORT.pdf:Zone.Identifier | data/lseg/raw/03_CURRENT_RECENT_LSEG/WEATHER/PRECIPITATION_CH_EFFECTIVE.xls:Zone.Identifier | data/lseg/raw/03_CURRENT_RECENT_LSEG/WEATHER/TEMPERATURE_DE_FR_AT_CH_TABLE.xls:Zone.Identifier | data/lseg/raw/03_CURRENT_RECENT_LSEG/WEATHER/TEMPERATURE_IT_CHART.xls:Zone.Identifier | data/lseg/raw/03_CURRENT_RECENT_LSEG/WEATHER/TEMPERATURE_REPORT.pdf:Zone.Identifier | data/lseg/raw/04_CROSS_BORDER_REFERENCE/01_PRICE_FLOW_GRAPH_CHE_VISIBLE.png:Zone.Identifier | data/lseg/raw/04_CROSS_BORDER_REFERENCE/02_DEU_SELECTED_CONNECTIONS.png:Zone.Identifier | data/lseg/raw/04_CROSS_BORDER_REFERENCE/03_NET_IMPORT_GRAPH.png:Zone.Identifier | data/lseg/raw/04_CROSS_BORDER_REFERENCE/04_NET_IMPORT_CHE_SELECTED_00.png:Zone.Identifier | data/lseg/raw/04_CROSS_BORDER_REFERENCE/05_NET_IMPORT_CHE_SELECTED_12.png:Zone.Identifier | data/lseg/raw/04_CROSS_BORDER_REFERENCE/06_CAPACITY_DIRECTION_1_CHE_SELECTED.png:Zone.Identifier | data/lseg/raw/04_CROSS_BORDER_REFERENCE/07_CAPACITY_DIRECTION_2_CHE_SELECTED_A.png:Zone.Identifier | data/lseg/raw/04_CROSS_BORDER_REFERENCE/08_CAPACITY_DIRECTION_2_CHE_SELECTED_B.png:Zone.Identifier | data/lseg/raw/04_CROSS_BORDER_REFERENCE/09_CAPACITY_DIRECTION_2_CHE_SELECTED_C.png:Zone.Identifier | data/lseg/raw/04_CROSS_BORDER_REFERENCE/10_SCHEDULED_EXCHANGE_NET_IMPORT_GRAPH.png:Zone.Identifier | data/lseg/raw/04_CROSS_BORDER_REFERENCE/11_SCHEDULED_EXCHANGE_CHE_SELECTED.png:Zone.Identifier | data/lseg/raw/04_CROSS_BORDER_REFERENCE/FLOWS_GRAPH_REPORT.pdf:Zone.Identifier | data/lseg/raw/05_LSEG_REFERENCE_PDFS/DEMAND_CONSUMPTION_OVERVIEW.pdf:Zone.Identifier | data/lseg/raw/90_INTERMEDIATE/LSEG_PRICE_DEMAND/FR_15M_RAW.xls.xlsx:Zone.Identifier | data/lseg/raw/90_INTERMEDIATE/LSEG_PRICE_DEMAND/FR_DA_RAW.xlsx:Zone.Identifier | data/lseg/raw/90_INTERMEDIATE/LSEG_PRICE_DEMAND/IT_DA_RAW(1).xlsx:Zone.Identifier | data/lseg/raw/90_INTERMEDIATE/LSEG_PRICE_DEMAND/IT_DA_RAW(2).xlsx:Zone.Identifier | data/lseg/raw/90_INTERMEDIATE/LSEG_PRICE_DEMAND/IT_DA_RAW(3).xlsx:Zone.Identifier | data/lseg/raw/90_INTERMEDIATE/LSEG_PRICE_DEMAND/IT_DA_RAW.xlsx:Zone.Identifier | data/lseg/raw/90_INTERMEDIATE/LSEG_PRICE_DEMAND/IT_DEMAND_15M_ALL_ZONES_TEMPLATE.xlsx:Zone.Identifier | data/lseg/raw/90_INTERMEDIATE/LSEG_PRICE_DEMAND/IT_DEMAND_15M_NORTH.xlsx:Zone.Identifier | data/lseg/raw/90_INTERMEDIATE/LSEG_PRICE_DEMAND/Mappe1(1).xlsx:Zone.Identifier | data/lseg/raw/90_INTERMEDIATE/LSEG_PRICE_DEMAND/Mappe1(2).xlsx:Zone.Identifier | data/lseg/raw/90_INTERMEDIATE/LSEG_PRICE_DEMAND/Mappe1(3).xlsx:Zone.Identifier | data/lseg/raw/90_INTERMEDIATE/LSEG_PRICE_DEMAND/Mappe1(4).xlsx:Zone.Identifier | data/lseg/raw/90_INTERMEDIATE/LSEG_PRICE_DEMAND/Mappe1(5).xlsx:Zone.Identifier | data/lseg/raw/90_INTERMEDIATE/SCREENSHOTS/0a528483-087b-4a33-a2f3-ecdd62770a3a.png:Zone.Identifier | data/lseg/raw/90_INTERMEDIATE/SCREENSHOTS/1609bf25-22b3-4c50-817b-fa945dba6bfe.png:Zone.Identifier | data/lseg/raw/90_INTERMEDIATE/SCREENSHOTS/1d02b907-f21b-48aa-bff6-9bb501bffd31.png:Zone.Identifier | data/lseg/raw/90_INTERMEDIATE/SCREENSHOTS/2bf92681-8086-451b-ad79-2cf2aaa286bf.png:Zone.Identifier | data/lseg/raw/90_INTERMEDIATE/SCREENSHOTS/5048f972-71a5-4bbb-9ebf-495783170275.png:Zone.Identifier | data/lseg/raw/90_INTERMEDIATE/SCREENSHOTS/57688dd7-cfad-46f7-9d61-7173a480ab24.png:Zone.Identifier | data/lseg/raw/90_INTERMEDIATE/SCREENSHOTS/6a48aa3a-47d9-431b-a8d4-4b421a82f395.png:Zone.Identifier | data/lseg/raw/90_INTERMEDIATE/SCREENSHOTS/6b0bf7a6-4724-4c1c-98c7-10c623883a8b.png:Zone.Identifier | data/lseg/raw/90_INTERMEDIATE/SCREENSHOTS/7cdf8489-62e1-4566-9c92-ddde781dfc41.png:Zone.Identifier | data/lseg/raw/90_INTERMEDIATE/SCREENSHOTS/839b9904-b506-4600-a582-19546fc0d0dc.png:Zone.Identifier | data/lseg/raw/90_INTERMEDIATE/SCREENSHOTS/87b02fce-0b58-4ead-b793-267dd464b8ec.png:Zone.Identifier | data/lseg/raw/90_INTERMEDIATE/SCREENSHOTS/917dfe63-9fd2-4e78-89c4-b98dcf9f033f.png:Zone.Identifier | data/lseg/raw/90_INTERMEDIATE/SCREENSHOTS/990167dc-a3d5-4b22-acec-131b4e0f87c9.png:Zone.Identifier | data/lseg/raw/90_INTERMEDIATE/SCREENSHOTS/af6db8b3-1471-4a8e-9879-1e782574016e.png:Zone.Identifier | data/lseg/raw/90_INTERMEDIATE/SCREENSHOTS/b94c25b1-cacf-496f-802b-f74a6ec3c376.png:Zone.Identifier | data/lseg/raw/90_INTERMEDIATE/SCREENSHOTS/bc276a5b-6ae8-473b-abe3-2d17e33bcdd3.png:Zone.Identifier | data/lseg/raw/90_INTERMEDIATE/SCREENSHOTS/chart_100049390.embedded.png:Zone.Identifier | data/lseg/raw/90_INTERMEDIATE/SCREENSHOTS/chart_100127248.embedded.png:Zone.Identifier | data/lseg/raw/90_INTERMEDIATE/SCREENSHOTS/crop_che.png:Zone.Identifier | data/lseg/raw/90_INTERMEDIATE/SCREENSHOTS/de1ee218-60dc-4b11-b243-1f352c398785.png:Zone.Identifier | data/lseg/raw/99_UNCLASSIFIED_RETAINED/LSEG_DISCOVERY_RAW_NOTES.txt:Zone.Identifier | data/lseg/raw/99_UNCLASSIFIED_RETAINED/table_100016453.xls:Zone.Identifier | data/lseg/raw/CH_DA_RAW.xlsx:Zone.Identifier | data/lseg/raw/DE_DA_RAW.xlsx:Zone.Identifier | data/lseg/raw/EDF_NUCLEAR_OUTAGE_REVISIONS_PIT.csv:Zone.Identifier | data/lseg/raw/EDF_NUCLEAR_PIT_DAILY_2021_2026.csv:Zone.Identifier | data/lseg/raw/FR_15M_RAW.xlsx:Zone.Identifier | data/lseg/raw/FR_DA_RAW_COMBINED.xlsx:Zone.Identifier | data/lseg/raw/Historique des indispo des moyens de production - depuis 2015 - 07092026-full.csv:Zone.Identifier | data/lseg/raw/IT_DA_RAW (1).xlsx:Zone.Identifier | data/lseg/raw/IT_DA_RAW.xlsx:Zone.Identifier | data/lseg/raw/IT_DEMAND_15M_ALL_ZONES_TEMPLATE.xlsx:Zone.Identifier | data/lseg/raw/IT_DEMAND_15M_NORTH.xlsx:Zone.Identifier | data/lseg/raw/IT_DEMAND_HOURLY.xlsx:Zone.Identifier | data/lseg/raw/publications-transparence-et-remit-liste-des-messages-edf-sa.csv:Zone.Identifier,Windows download-origin sidecar; excluded from data analysis.
data/lseg/raw/90_INTERMEDIATE/SCREENSHOTS/6b0bf7a6-4724-4c1c-98c7-10c623883a8b.png,6b0bf7a6-4724-4c1c-98c7-10c623883a8b.png,png,reference_image_or_report,LSEG reference report,LSEG reference report,Europe/unknown,Not applicable/non-tabular or not safely extractable,Not applicable or not declared,Not safely extractable,Not determined from file metadata,Not determined,Not determinable,Not safely extractable,Not safely extractable,Not safely extractable,140115,Not applicable/non-tabular,UNKNOWN,REFERENCE_ONLY,,,Non-tabular artifact; no reliable row-level schema inferred.
data/lseg/raw/90_INTERMEDIATE/SCREENSHOTS/6b0bf7a6-4724-4c1c-98c7-10c623883a8b.png:Zone.Identifier,6b0bf7a6-4724-4c1c-98c7-10c623883a8b.png:Zone.Identifier,identifier,metadata_sidecar,ancillary file metadata,Zone.Identifier,UNKNOWN,Not applicable/non-tabular or not safely extractable,Not applicable or not declared,Not safely extractable,Not determined from file metadata,Not determined,Not determinable,Not safely extractable,Not safely extractable,Not safely extractable,25,Not applicable/non-tabular,UNKNOWN,None,,data/lseg/raw/00_START_HERE/ANONYMOUS_XLS_MAPPING.md:Zone.Identifier | data/lseg/raw/00_START_HERE/DATA_CATALOG.csv:Zone.Identifier | data/lseg/raw/00_START_HERE/EXTRACTION_STATUS_AND_GAPS.md:Zone.Identifier | data/lseg/raw/00_START_HERE/LICENSE_NOTES.md:Zone.Identifier | data/lseg/raw/00_START_HERE/MANIFEST_SHA256.csv:Zone.Identifier | data/lseg/raw/00_START_HERE/MISSING_CH_DE_RECOVERY.md:Zone.Identifier | data/lseg/raw/00_START_HERE/MISSING_CH_DE_RICS.csv:Zone.Identifier | data/lseg/raw/00_START_HERE/PROJECT_OBJECTIVE.txt:Zone.Identifier | data/lseg/raw/00_START_HERE/README_FIRST.md:Zone.Identifier | data/lseg/raw/00_START_HERE/RIC_FAMILIES.csv:Zone.Identifier | data/lseg/raw/01_CORE_HISTORICAL/FR_NUCLEAR_PIT/EDF_NUCLEAR_OUTAGE_REVISIONS_PIT.csv:Zone.Identifier | data/lseg/raw/01_CORE_HISTORICAL/FR_NUCLEAR_PIT/EDF_NUCLEAR_PIT_DAILY_2021_2026.csv:Zone.Identifier | data/lseg/raw/01_CORE_HISTORICAL/FR_NUCLEAR_PIT/EDF_NUCLEAR_PIT_SUMMARY.txt:Zone.Identifier | data/lseg/raw/01_CORE_HISTORICAL/LSEG_DEMAND/IT_DEMAND_15M_ALL_7_ZONES_2025_2026.xlsx:Zone.Identifier | data/lseg/raw/01_CORE_HISTORICAL/LSEG_DEMAND/IT_DEMAND_HOURLY_2021_2025.xlsx:Zone.Identifier | data/lseg/raw/01_CORE_HISTORICAL/LSEG_PRICES/FR_DAY_AHEAD_HOURLY_AND_15M.xlsx:Zone.Identifier | data/lseg/raw/01_CORE_HISTORICAL/LSEG_PRICES/IT_DAY_AHEAD_HOURLY_AND_15M.xlsx:Zone.Identifier | data/lseg/raw/02_SOURCE_RAW/FR_NUCLEAR/EDF_OUTAGE_HISTORY_RAW.csv:Zone.Identifier | data/lseg/raw/02_SOURCE_RAW/FR_NUCLEAR/EDF_TRANSPARENCY_REMIT_MESSAGES_RAW.csv:Zone.Identifier | data/lseg/raw/03_CURRENT_RECENT_LSEG/COST_CURVES/cost_curves_2026910_21432.xlsx:Zone.Identifier | data/lseg/raw/03_CURRENT_RECENT_LSEG/COST_CURVES/cost_curves_2026910_21543.xlsx:Zone.Identifier | data/lseg/raw/03_CURRENT_RECENT_LSEG/COST_CURVES/cost_curves_2026910_2164.xlsx:Zone.Identifier | data/lseg/raw/03_CURRENT_RECENT_LSEG/RESIDUAL_LOAD/CWE_RESIDUAL_LOAD_REPORT.pdf:Zone.Identifier | data/lseg/raw/03_CURRENT_RECENT_LSEG/RESIDUAL_LOAD/DE_RESIDUAL_LOAD_CURRENT_RECENT.xls:Zone.Identifier | data/lseg/raw/03_CURRENT_RECENT_LSEG/RESIDUAL_LOAD/DE_RESIDUAL_LOAD_REPORT.pdf:Zone.Identifier | data/lseg/raw/03_CURRENT_RECENT_LSEG/RESIDUAL_LOAD/FR_IT_RESIDUAL_LOAD_EXPORT_A.xls:Zone.Identifier | data/lseg/raw/03_CURRENT_RECENT_LSEG/RESIDUAL_LOAD/FR_IT_RESIDUAL_LOAD_EXPORT_B.xls:Zone.Identifier | data/lseg/raw/03_CURRENT_RECENT_LSEG/SUPPLY_WIND_SOLAR/GB_EMBEDDED_SOLAR_REPORT.pdf:Zone.Identifier | data/lseg/raw/03_CURRENT_RECENT_LSEG/SUPPLY_WIND_SOLAR/GB_EMBEDDED_WIND_REPORT.pdf:Zone.Identifier | data/lseg/raw/03_CURRENT_RECENT_LSEG/SUPPLY_WIND_SOLAR/SUPPLY_WIND_REPORT.pdf:Zone.Identifier | data/lseg/raw/03_CURRENT_RECENT_LSEG/WEATHER/CLOUD_COVER_CH.xls:Zone.Identifier | data/lseg/raw/03_CURRENT_RECENT_LSEG/WEATHER/CLOUD_COVER_REPORT.pdf:Zone.Identifier | data/lseg/raw/03_CURRENT_RECENT_LSEG/WEATHER/ECMWF_CLUSTER_REPORT.pdf:Zone.Identifier | data/lseg/raw/03_CURRENT_RECENT_LSEG/WEATHER/NAO_AO_REPORT.pdf:Zone.Identifier | data/lseg/raw/03_CURRENT_RECENT_LSEG/WEATHER/PRECIPITATION_ALP_AREA_REPORT.pdf:Zone.Identifier | data/lseg/raw/03_CURRENT_RECENT_LSEG/WEATHER/PRECIPITATION_CH_EFFECTIVE.xls:Zone.Identifier | data/lseg/raw/03_CURRENT_RECENT_LSEG/WEATHER/TEMPERATURE_DE_FR_AT_CH_TABLE.xls:Zone.Identifier | data/lseg/raw/03_CURRENT_RECENT_LSEG/WEATHER/TEMPERATURE_IT_CHART.xls:Zone.Identifier | data/lseg/raw/03_CURRENT_RECENT_LSEG/WEATHER/TEMPERATURE_REPORT.pdf:Zone.Identifier | data/lseg/raw/04_CROSS_BORDER_REFERENCE/01_PRICE_FLOW_GRAPH_CHE_VISIBLE.png:Zone.Identifier | data/lseg/raw/04_CROSS_BORDER_REFERENCE/02_DEU_SELECTED_CONNECTIONS.png:Zone.Identifier | data/lseg/raw/04_CROSS_BORDER_REFERENCE/03_NET_IMPORT_GRAPH.png:Zone.Identifier | data/lseg/raw/04_CROSS_BORDER_REFERENCE/04_NET_IMPORT_CHE_SELECTED_00.png:Zone.Identifier | data/lseg/raw/04_CROSS_BORDER_REFERENCE/05_NET_IMPORT_CHE_SELECTED_12.png:Zone.Identifier | data/lseg/raw/04_CROSS_BORDER_REFERENCE/06_CAPACITY_DIRECTION_1_CHE_SELECTED.png:Zone.Identifier | data/lseg/raw/04_CROSS_BORDER_REFERENCE/07_CAPACITY_DIRECTION_2_CHE_SELECTED_A.png:Zone.Identifier | data/lseg/raw/04_CROSS_BORDER_REFERENCE/08_CAPACITY_DIRECTION_2_CHE_SELECTED_B.png:Zone.Identifier | data/lseg/raw/04_CROSS_BORDER_REFERENCE/09_CAPACITY_DIRECTION_2_CHE_SELECTED_C.png:Zone.Identifier | data/lseg/raw/04_CROSS_BORDER_REFERENCE/10_SCHEDULED_EXCHANGE_NET_IMPORT_GRAPH.png:Zone.Identifier | data/lseg/raw/04_CROSS_BORDER_REFERENCE/11_SCHEDULED_EXCHANGE_CHE_SELECTED.png:Zone.Identifier | data/lseg/raw/04_CROSS_BORDER_REFERENCE/FLOWS_GRAPH_REPORT.pdf:Zone.Identifier | data/lseg/raw/05_LSEG_REFERENCE_PDFS/DEMAND_CONSUMPTION_OVERVIEW.pdf:Zone.Identifier | data/lseg/raw/90_INTERMEDIATE/LSEG_PRICE_DEMAND/FR_15M_RAW.xls.xlsx:Zone.Identifier | data/lseg/raw/90_INTERMEDIATE/LSEG_PRICE_DEMAND/FR_DA_RAW.xlsx:Zone.Identifier | data/lseg/raw/90_INTERMEDIATE/LSEG_PRICE_DEMAND/IT_DA_RAW(1).xlsx:Zone.Identifier | data/lseg/raw/90_INTERMEDIATE/LSEG_PRICE_DEMAND/IT_DA_RAW(2).xlsx:Zone.Identifier | data/lseg/raw/90_INTERMEDIATE/LSEG_PRICE_DEMAND/IT_DA_RAW(3).xlsx:Zone.Identifier | data/lseg/raw/90_INTERMEDIATE/LSEG_PRICE_DEMAND/IT_DA_RAW.xlsx:Zone.Identifier | data/lseg/raw/90_INTERMEDIATE/LSEG_PRICE_DEMAND/IT_DEMAND_15M_ALL_ZONES_TEMPLATE.xlsx:Zone.Identifier | data/lseg/raw/90_INTERMEDIATE/LSEG_PRICE_DEMAND/IT_DEMAND_15M_NORTH.xlsx:Zone.Identifier | data/lseg/raw/90_INTERMEDIATE/LSEG_PRICE_DEMAND/Mappe1(1).xlsx:Zone.Identifier | data/lseg/raw/90_INTERMEDIATE/LSEG_PRICE_DEMAND/Mappe1(2).xlsx:Zone.Identifier | data/lseg/raw/90_INTERMEDIATE/LSEG_PRICE_DEMAND/Mappe1(3).xlsx:Zone.Identifier | data/lseg/raw/90_INTERMEDIATE/LSEG_PRICE_DEMAND/Mappe1(4).xlsx:Zone.Identifier | data/lseg/raw/90_INTERMEDIATE/LSEG_PRICE_DEMAND/Mappe1(5).xlsx:Zone.Identifier | data/lseg/raw/90_INTERMEDIATE/SCREENSHOTS/0a528483-087b-4a33-a2f3-ecdd62770a3a.png:Zone.Identifier | data/lseg/raw/90_INTERMEDIATE/SCREENSHOTS/1609bf25-22b3-4c50-817b-fa945dba6bfe.png:Zone.Identifier | data/lseg/raw/90_INTERMEDIATE/SCREENSHOTS/1d02b907-f21b-48aa-bff6-9bb501bffd31.png:Zone.Identifier | data/lseg/raw/90_INTERMEDIATE/SCREENSHOTS/2bf92681-8086-451b-ad79-2cf2aaa286bf.png:Zone.Identifier | data/lseg/raw/90_INTERMEDIATE/SCREENSHOTS/5048f972-71a5-4bbb-9ebf-495783170275.png:Zone.Identifier | data/lseg/raw/90_INTERMEDIATE/SCREENSHOTS/57688dd7-cfad-46f7-9d61-7173a480ab24.png:Zone.Identifier | data/lseg/raw/90_INTERMEDIATE/SCREENSHOTS/6a48aa3a-47d9-431b-a8d4-4b421a82f395.png:Zone.Identifier | data/lseg/raw/90_INTERMEDIATE/SCREENSHOTS/6b0bf7a6-4724-4c1c-98c7-10c623883a8b.png:Zone.Identifier | data/lseg/raw/90_INTERMEDIATE/SCREENSHOTS/7cdf8489-62e1-4566-9c92-ddde781dfc41.png:Zone.Identifier | data/lseg/raw/90_INTERMEDIATE/SCREENSHOTS/839b9904-b506-4600-a582-19546fc0d0dc.png:Zone.Identifier | data/lseg/raw/90_INTERMEDIATE/SCREENSHOTS/87b02fce-0b58-4ead-b793-267dd464b8ec.png:Zone.Identifier | data/lseg/raw/90_INTERMEDIATE/SCREENSHOTS/917dfe63-9fd2-4e78-89c4-b98dcf9f033f.png:Zone.Identifier | data/lseg/raw/90_INTERMEDIATE/SCREENSHOTS/990167dc-a3d5-4b22-acec-131b4e0f87c9.png:Zone.Identifier | data/lseg/raw/90_INTERMEDIATE/SCREENSHOTS/af6db8b3-1471-4a8e-9879-1e782574016e.png:Zone.Identifier | data/lseg/raw/90_INTERMEDIATE/SCREENSHOTS/b94c25b1-cacf-496f-802b-f74a6ec3c376.png:Zone.Identifier | data/lseg/raw/90_INTERMEDIATE/SCREENSHOTS/bc276a5b-6ae8-473b-abe3-2d17e33bcdd3.png:Zone.Identifier | data/lseg/raw/90_INTERMEDIATE/SCREENSHOTS/chart_100049390.embedded.png:Zone.Identifier | data/lseg/raw/90_INTERMEDIATE/SCREENSHOTS/chart_100127248.embedded.png:Zone.Identifier | data/lseg/raw/90_INTERMEDIATE/SCREENSHOTS/crop_che.png:Zone.Identifier | data/lseg/raw/90_INTERMEDIATE/SCREENSHOTS/de1ee218-60dc-4b11-b243-1f352c398785.png:Zone.Identifier | data/lseg/raw/99_UNCLASSIFIED_RETAINED/LSEG_DISCOVERY_RAW_NOTES.txt:Zone.Identifier | data/lseg/raw/99_UNCLASSIFIED_RETAINED/table_100016453.xls:Zone.Identifier | data/lseg/raw/CH_DA_RAW.xlsx:Zone.Identifier | data/lseg/raw/DE_DA_RAW.xlsx:Zone.Identifier | data/lseg/raw/EDF_NUCLEAR_OUTAGE_REVISIONS_PIT.csv:Zone.Identifier | data/lseg/raw/EDF_NUCLEAR_PIT_DAILY_2021_2026.csv:Zone.Identifier | data/lseg/raw/FR_15M_RAW.xlsx:Zone.Identifier | data/lseg/raw/FR_DA_RAW_COMBINED.xlsx:Zone.Identifier | data/lseg/raw/Historique des indispo des moyens de production - depuis 2015 - 07092026-full.csv:Zone.Identifier | data/lseg/raw/IT_DA_RAW (1).xlsx:Zone.Identifier | data/lseg/raw/IT_DA_RAW.xlsx:Zone.Identifier | data/lseg/raw/IT_DEMAND_15M_ALL_ZONES_TEMPLATE.xlsx:Zone.Identifier | data/lseg/raw/IT_DEMAND_15M_NORTH.xlsx:Zone.Identifier | data/lseg/raw/IT_DEMAND_HOURLY.xlsx:Zone.Identifier | data/lseg/raw/publications-transparence-et-remit-liste-des-messages-edf-sa.csv:Zone.Identifier,Windows download-origin sidecar; excluded from data analysis.
data/lseg/raw/90_INTERMEDIATE/SCREENSHOTS/7cdf8489-62e1-4566-9c92-ddde781dfc41.png,7cdf8489-62e1-4566-9c92-ddde781dfc41.png,png,reference_image_or_report,LSEG reference report,LSEG reference report,Europe/unknown,Not applicable/non-tabular or not safely extractable,Not applicable or not declared,Not safely extractable,Not determined from file metadata,Not determined,Not determinable,Not safely extractable,Not safely extractable,Not safely extractable,157578,Not applicable/non-tabular,UNKNOWN,REFERENCE_ONLY,,,Non-tabular artifact; no reliable row-level schema inferred.
data/lseg/raw/90_INTERMEDIATE/SCREENSHOTS/7cdf8489-62e1-4566-9c92-ddde781dfc41.png:Zone.Identifier,7cdf8489-62e1-4566-9c92-ddde781dfc41.png:Zone.Identifier,identifier,metadata_sidecar,ancillary file metadata,Zone.Identifier,UNKNOWN,Not applicable/non-tabular or not safely extractable,Not applicable or not declared,Not safely extractable,Not determined from file metadata,Not determined,Not determinable,Not safely extractable,Not safely extractable,Not safely extractable,25,Not applicable/non-tabular,UNKNOWN,None,,data/lseg/raw/00_START_HERE/ANONYMOUS_XLS_MAPPING.md:Zone.Identifier | data/lseg/raw/00_START_HERE/DATA_CATALOG.csv:Zone.Identifier | data/lseg/raw/00_START_HERE/EXTRACTION_STATUS_AND_GAPS.md:Zone.Identifier | data/lseg/raw/00_START_HERE/LICENSE_NOTES.md:Zone.Identifier | data/lseg/raw/00_START_HERE/MANIFEST_SHA256.csv:Zone.Identifier | data/lseg/raw/00_START_HERE/MISSING_CH_DE_RECOVERY.md:Zone.Identifier | data/lseg/raw/00_START_HERE/MISSING_CH_DE_RICS.csv:Zone.Identifier | data/lseg/raw/00_START_HERE/PROJECT_OBJECTIVE.txt:Zone.Identifier | data/lseg/raw/00_START_HERE/README_FIRST.md:Zone.Identifier | data/lseg/raw/00_START_HERE/RIC_FAMILIES.csv:Zone.Identifier | data/lseg/raw/01_CORE_HISTORICAL/FR_NUCLEAR_PIT/EDF_NUCLEAR_OUTAGE_REVISIONS_PIT.csv:Zone.Identifier | data/lseg/raw/01_CORE_HISTORICAL/FR_NUCLEAR_PIT/EDF_NUCLEAR_PIT_DAILY_2021_2026.csv:Zone.Identifier | data/lseg/raw/01_CORE_HISTORICAL/FR_NUCLEAR_PIT/EDF_NUCLEAR_PIT_SUMMARY.txt:Zone.Identifier | data/lseg/raw/01_CORE_HISTORICAL/LSEG_DEMAND/IT_DEMAND_15M_ALL_7_ZONES_2025_2026.xlsx:Zone.Identifier | data/lseg/raw/01_CORE_HISTORICAL/LSEG_DEMAND/IT_DEMAND_HOURLY_2021_2025.xlsx:Zone.Identifier | data/lseg/raw/01_CORE_HISTORICAL/LSEG_PRICES/FR_DAY_AHEAD_HOURLY_AND_15M.xlsx:Zone.Identifier | data/lseg/raw/01_CORE_HISTORICAL/LSEG_PRICES/IT_DAY_AHEAD_HOURLY_AND_15M.xlsx:Zone.Identifier | data/lseg/raw/02_SOURCE_RAW/FR_NUCLEAR/EDF_OUTAGE_HISTORY_RAW.csv:Zone.Identifier | data/lseg/raw/02_SOURCE_RAW/FR_NUCLEAR/EDF_TRANSPARENCY_REMIT_MESSAGES_RAW.csv:Zone.Identifier | data/lseg/raw/03_CURRENT_RECENT_LSEG/COST_CURVES/cost_curves_2026910_21432.xlsx:Zone.Identifier | data/lseg/raw/03_CURRENT_RECENT_LSEG/COST_CURVES/cost_curves_2026910_21543.xlsx:Zone.Identifier | data/lseg/raw/03_CURRENT_RECENT_LSEG/COST_CURVES/cost_curves_2026910_2164.xlsx:Zone.Identifier | data/lseg/raw/03_CURRENT_RECENT_LSEG/RESIDUAL_LOAD/CWE_RESIDUAL_LOAD_REPORT.pdf:Zone.Identifier | data/lseg/raw/03_CURRENT_RECENT_LSEG/RESIDUAL_LOAD/DE_RESIDUAL_LOAD_CURRENT_RECENT.xls:Zone.Identifier | data/lseg/raw/03_CURRENT_RECENT_LSEG/RESIDUAL_LOAD/DE_RESIDUAL_LOAD_REPORT.pdf:Zone.Identifier | data/lseg/raw/03_CURRENT_RECENT_LSEG/RESIDUAL_LOAD/FR_IT_RESIDUAL_LOAD_EXPORT_A.xls:Zone.Identifier | data/lseg/raw/03_CURRENT_RECENT_LSEG/RESIDUAL_LOAD/FR_IT_RESIDUAL_LOAD_EXPORT_B.xls:Zone.Identifier | data/lseg/raw/03_CURRENT_RECENT_LSEG/SUPPLY_WIND_SOLAR/GB_EMBEDDED_SOLAR_REPORT.pdf:Zone.Identifier | data/lseg/raw/03_CURRENT_RECENT_LSEG/SUPPLY_WIND_SOLAR/GB_EMBEDDED_WIND_REPORT.pdf:Zone.Identifier | data/lseg/raw/03_CURRENT_RECENT_LSEG/SUPPLY_WIND_SOLAR/SUPPLY_WIND_REPORT.pdf:Zone.Identifier | data/lseg/raw/03_CURRENT_RECENT_LSEG/WEATHER/CLOUD_COVER_CH.xls:Zone.Identifier | data/lseg/raw/03_CURRENT_RECENT_LSEG/WEATHER/CLOUD_COVER_REPORT.pdf:Zone.Identifier | data/lseg/raw/03_CURRENT_RECENT_LSEG/WEATHER/ECMWF_CLUSTER_REPORT.pdf:Zone.Identifier | data/lseg/raw/03_CURRENT_RECENT_LSEG/WEATHER/NAO_AO_REPORT.pdf:Zone.Identifier | data/lseg/raw/03_CURRENT_RECENT_LSEG/WEATHER/PRECIPITATION_ALP_AREA_REPORT.pdf:Zone.Identifier | data/lseg/raw/03_CURRENT_RECENT_LSEG/WEATHER/PRECIPITATION_CH_EFFECTIVE.xls:Zone.Identifier | data/lseg/raw/03_CURRENT_RECENT_LSEG/WEATHER/TEMPERATURE_DE_FR_AT_CH_TABLE.xls:Zone.Identifier | data/lseg/raw/03_CURRENT_RECENT_LSEG/WEATHER/TEMPERATURE_IT_CHART.xls:Zone.Identifier | data/lseg/raw/03_CURRENT_RECENT_LSEG/WEATHER/TEMPERATURE_REPORT.pdf:Zone.Identifier | data/lseg/raw/04_CROSS_BORDER_REFERENCE/01_PRICE_FLOW_GRAPH_CHE_VISIBLE.png:Zone.Identifier | data/lseg/raw/04_CROSS_BORDER_REFERENCE/02_DEU_SELECTED_CONNECTIONS.png:Zone.Identifier | data/lseg/raw/04_CROSS_BORDER_REFERENCE/03_NET_IMPORT_GRAPH.png:Zone.Identifier | data/lseg/raw/04_CROSS_BORDER_REFERENCE/04_NET_IMPORT_CHE_SELECTED_00.png:Zone.Identifier | data/lseg/raw/04_CROSS_BORDER_REFERENCE/05_NET_IMPORT_CHE_SELECTED_12.png:Zone.Identifier | data/lseg/raw/04_CROSS_BORDER_REFERENCE/06_CAPACITY_DIRECTION_1_CHE_SELECTED.png:Zone.Identifier | data/lseg/raw/04_CROSS_BORDER_REFERENCE/07_CAPACITY_DIRECTION_2_CHE_SELECTED_A.png:Zone.Identifier | data/lseg/raw/04_CROSS_BORDER_REFERENCE/08_CAPACITY_DIRECTION_2_CHE_SELECTED_B.png:Zone.Identifier | data/lseg/raw/04_CROSS_BORDER_REFERENCE/09_CAPACITY_DIRECTION_2_CHE_SELECTED_C.png:Zone.Identifier | data/lseg/raw/04_CROSS_BORDER_REFERENCE/10_SCHEDULED_EXCHANGE_NET_IMPORT_GRAPH.png:Zone.Identifier | data/lseg/raw/04_CROSS_BORDER_REFERENCE/11_SCHEDULED_EXCHANGE_CHE_SELECTED.png:Zone.Identifier | data/lseg/raw/04_CROSS_BORDER_REFERENCE/FLOWS_GRAPH_REPORT.pdf:Zone.Identifier | data/lseg/raw/05_LSEG_REFERENCE_PDFS/DEMAND_CONSUMPTION_OVERVIEW.pdf:Zone.Identifier | data/lseg/raw/90_INTERMEDIATE/LSEG_PRICE_DEMAND/FR_15M_RAW.xls.xlsx:Zone.Identifier | data/lseg/raw/90_INTERMEDIATE/LSEG_PRICE_DEMAND/FR_DA_RAW.xlsx:Zone.Identifier | data/lseg/raw/90_INTERMEDIATE/LSEG_PRICE_DEMAND/IT_DA_RAW(1).xlsx:Zone.Identifier | data/lseg/raw/90_INTERMEDIATE/LSEG_PRICE_DEMAND/IT_DA_RAW(2).xlsx:Zone.Identifier | data/lseg/raw/90_INTERMEDIATE/LSEG_PRICE_DEMAND/IT_DA_RAW(3).xlsx:Zone.Identifier | data/lseg/raw/90_INTERMEDIATE/LSEG_PRICE_DEMAND/IT_DA_RAW.xlsx:Zone.Identifier | data/lseg/raw/90_INTERMEDIATE/LSEG_PRICE_DEMAND/IT_DEMAND_15M_ALL_ZONES_TEMPLATE.xlsx:Zone.Identifier | data/lseg/raw/90_INTERMEDIATE/LSEG_PRICE_DEMAND/IT_DEMAND_15M_NORTH.xlsx:Zone.Identifier | data/lseg/raw/90_INTERMEDIATE/LSEG_PRICE_DEMAND/Mappe1(1).xlsx:Zone.Identifier | data/lseg/raw/90_INTERMEDIATE/LSEG_PRICE_DEMAND/Mappe1(2).xlsx:Zone.Identifier | data/lseg/raw/90_INTERMEDIATE/LSEG_PRICE_DEMAND/Mappe1(3).xlsx:Zone.Identifier | data/lseg/raw/90_INTERMEDIATE/LSEG_PRICE_DEMAND/Mappe1(4).xlsx:Zone.Identifier | data/lseg/raw/90_INTERMEDIATE/LSEG_PRICE_DEMAND/Mappe1(5).xlsx:Zone.Identifier | data/lseg/raw/90_INTERMEDIATE/SCREENSHOTS/0a528483-087b-4a33-a2f3-ecdd62770a3a.png:Zone.Identifier | data/lseg/raw/90_INTERMEDIATE/SCREENSHOTS/1609bf25-22b3-4c50-817b-fa945dba6bfe.png:Zone.Identifier | data/lseg/raw/90_INTERMEDIATE/SCREENSHOTS/1d02b907-f21b-48aa-bff6-9bb501bffd31.png:Zone.Identifier | data/lseg/raw/90_INTERMEDIATE/SCREENSHOTS/2bf92681-8086-451b-ad79-2cf2aaa286bf.png:Zone.Identifier | data/lseg/raw/90_INTERMEDIATE/SCREENSHOTS/5048f972-71a5-4bbb-9ebf-495783170275.png:Zone.Identifier | data/lseg/raw/90_INTERMEDIATE/SCREENSHOTS/57688dd7-cfad-46f7-9d61-7173a480ab24.png:Zone.Identifier | data/lseg/raw/90_INTERMEDIATE/SCREENSHOTS/6a48aa3a-47d9-431b-a8d4-4b421a82f395.png:Zone.Identifier | data/lseg/raw/90_INTERMEDIATE/SCREENSHOTS/6b0bf7a6-4724-4c1c-98c7-10c623883a8b.png:Zone.Identifier | data/lseg/raw/90_INTERMEDIATE/SCREENSHOTS/7cdf8489-62e1-4566-9c92-ddde781dfc41.png:Zone.Identifier | data/lseg/raw/90_INTERMEDIATE/SCREENSHOTS/839b9904-b506-4600-a582-19546fc0d0dc.png:Zone.Identifier | data/lseg/raw/90_INTERMEDIATE/SCREENSHOTS/87b02fce-0b58-4ead-b793-267dd464b8ec.png:Zone.Identifier | data/lseg/raw/90_INTERMEDIATE/SCREENSHOTS/917dfe63-9fd2-4e78-89c4-b98dcf9f033f.png:Zone.Identifier | data/lseg/raw/90_INTERMEDIATE/SCREENSHOTS/990167dc-a3d5-4b22-acec-131b4e0f87c9.png:Zone.Identifier | data/lseg/raw/90_INTERMEDIATE/SCREENSHOTS/af6db8b3-1471-4a8e-9879-1e782574016e.png:Zone.Identifier | data/lseg/raw/90_INTERMEDIATE/SCREENSHOTS/b94c25b1-cacf-496f-802b-f74a6ec3c376.png:Zone.Identifier | data/lseg/raw/90_INTERMEDIATE/SCREENSHOTS/bc276a5b-6ae8-473b-abe3-2d17e33bcdd3.png:Zone.Identifier | data/lseg/raw/90_INTERMEDIATE/SCREENSHOTS/chart_100049390.embedded.png:Zone.Identifier | data/lseg/raw/90_INTERMEDIATE/SCREENSHOTS/chart_100127248.embedded.png:Zone.Identifier | data/lseg/raw/90_INTERMEDIATE/SCREENSHOTS/crop_che.png:Zone.Identifier | data/lseg/raw/90_INTERMEDIATE/SCREENSHOTS/de1ee218-60dc-4b11-b243-1f352c398785.png:Zone.Identifier | data/lseg/raw/99_UNCLASSIFIED_RETAINED/LSEG_DISCOVERY_RAW_NOTES.txt:Zone.Identifier | data/lseg/raw/99_UNCLASSIFIED_RETAINED/table_100016453.xls:Zone.Identifier | data/lseg/raw/CH_DA_RAW.xlsx:Zone.Identifier | data/lseg/raw/DE_DA_RAW.xlsx:Zone.Identifier | data/lseg/raw/EDF_NUCLEAR_OUTAGE_REVISIONS_PIT.csv:Zone.Identifier | data/lseg/raw/EDF_NUCLEAR_PIT_DAILY_2021_2026.csv:Zone.Identifier | data/lseg/raw/FR_15M_RAW.xlsx:Zone.Identifier | data/lseg/raw/FR_DA_RAW_COMBINED.xlsx:Zone.Identifier | data/lseg/raw/Historique des indispo des moyens de production - depuis 2015 - 07092026-full.csv:Zone.Identifier | data/lseg/raw/IT_DA_RAW (1).xlsx:Zone.Identifier | data/lseg/raw/IT_DA_RAW.xlsx:Zone.Identifier | data/lseg/raw/IT_DEMAND_15M_ALL_ZONES_TEMPLATE.xlsx:Zone.Identifier | data/lseg/raw/IT_DEMAND_15M_NORTH.xlsx:Zone.Identifier | data/lseg/raw/IT_DEMAND_HOURLY.xlsx:Zone.Identifier | data/lseg/raw/publications-transparence-et-remit-liste-des-messages-edf-sa.csv:Zone.Identifier,Windows download-origin sidecar; excluded from data analysis.
data/lseg/raw/90_INTERMEDIATE/SCREENSHOTS/839b9904-b506-4600-a582-19546fc0d0dc.png,839b9904-b506-4600-a582-19546fc0d0dc.png,png,reference_image_or_report,LSEG reference report,LSEG reference report,Europe/unknown,Not applicable/non-tabular or not safely extractable,Not applicable or not declared,Not safely extractable,Not determined from file metadata,Not determined,Not determinable,Not safely extractable,Not safely extractable,Not safely extractable,68572,Not applicable/non-tabular,UNKNOWN,REFERENCE_ONLY,,,Non-tabular artifact; no reliable row-level schema inferred.
data/lseg/raw/90_INTERMEDIATE/SCREENSHOTS/839b9904-b506-4600-a582-19546fc0d0dc.png:Zone.Identifier,839b9904-b506-4600-a582-19546fc0d0dc.png:Zone.Identifier,identifier,metadata_sidecar,ancillary file metadata,Zone.Identifier,UNKNOWN,Not applicable/non-tabular or not safely extractable,Not applicable or not declared,Not safely extractable,Not determined from file metadata,Not determined,Not determinable,Not safely extractable,Not safely extractable,Not safely extractable,25,Not applicable/non-tabular,UNKNOWN,None,,data/lseg/raw/00_START_HERE/ANONYMOUS_XLS_MAPPING.md:Zone.Identifier | data/lseg/raw/00_START_HERE/DATA_CATALOG.csv:Zone.Identifier | data/lseg/raw/00_START_HERE/EXTRACTION_STATUS_AND_GAPS.md:Zone.Identifier | data/lseg/raw/00_START_HERE/LICENSE_NOTES.md:Zone.Identifier | data/lseg/raw/00_START_HERE/MANIFEST_SHA256.csv:Zone.Identifier | data/lseg/raw/00_START_HERE/MISSING_CH_DE_RECOVERY.md:Zone.Identifier | data/lseg/raw/00_START_HERE/MISSING_CH_DE_RICS.csv:Zone.Identifier | data/lseg/raw/00_START_HERE/PROJECT_OBJECTIVE.txt:Zone.Identifier | data/lseg/raw/00_START_HERE/README_FIRST.md:Zone.Identifier | data/lseg/raw/00_START_HERE/RIC_FAMILIES.csv:Zone.Identifier | data/lseg/raw/01_CORE_HISTORICAL/FR_NUCLEAR_PIT/EDF_NUCLEAR_OUTAGE_REVISIONS_PIT.csv:Zone.Identifier | data/lseg/raw/01_CORE_HISTORICAL/FR_NUCLEAR_PIT/EDF_NUCLEAR_PIT_DAILY_2021_2026.csv:Zone.Identifier | data/lseg/raw/01_CORE_HISTORICAL/FR_NUCLEAR_PIT/EDF_NUCLEAR_PIT_SUMMARY.txt:Zone.Identifier | data/lseg/raw/01_CORE_HISTORICAL/LSEG_DEMAND/IT_DEMAND_15M_ALL_7_ZONES_2025_2026.xlsx:Zone.Identifier | data/lseg/raw/01_CORE_HISTORICAL/LSEG_DEMAND/IT_DEMAND_HOURLY_2021_2025.xlsx:Zone.Identifier | data/lseg/raw/01_CORE_HISTORICAL/LSEG_PRICES/FR_DAY_AHEAD_HOURLY_AND_15M.xlsx:Zone.Identifier | data/lseg/raw/01_CORE_HISTORICAL/LSEG_PRICES/IT_DAY_AHEAD_HOURLY_AND_15M.xlsx:Zone.Identifier | data/lseg/raw/02_SOURCE_RAW/FR_NUCLEAR/EDF_OUTAGE_HISTORY_RAW.csv:Zone.Identifier | data/lseg/raw/02_SOURCE_RAW/FR_NUCLEAR/EDF_TRANSPARENCY_REMIT_MESSAGES_RAW.csv:Zone.Identifier | data/lseg/raw/03_CURRENT_RECENT_LSEG/COST_CURVES/cost_curves_2026910_21432.xlsx:Zone.Identifier | data/lseg/raw/03_CURRENT_RECENT_LSEG/COST_CURVES/cost_curves_2026910_21543.xlsx:Zone.Identifier | data/lseg/raw/03_CURRENT_RECENT_LSEG/COST_CURVES/cost_curves_2026910_2164.xlsx:Zone.Identifier | data/lseg/raw/03_CURRENT_RECENT_LSEG/RESIDUAL_LOAD/CWE_RESIDUAL_LOAD_REPORT.pdf:Zone.Identifier | data/lseg/raw/03_CURRENT_RECENT_LSEG/RESIDUAL_LOAD/DE_RESIDUAL_LOAD_CURRENT_RECENT.xls:Zone.Identifier | data/lseg/raw/03_CURRENT_RECENT_LSEG/RESIDUAL_LOAD/DE_RESIDUAL_LOAD_REPORT.pdf:Zone.Identifier | data/lseg/raw/03_CURRENT_RECENT_LSEG/RESIDUAL_LOAD/FR_IT_RESIDUAL_LOAD_EXPORT_A.xls:Zone.Identifier | data/lseg/raw/03_CURRENT_RECENT_LSEG/RESIDUAL_LOAD/FR_IT_RESIDUAL_LOAD_EXPORT_B.xls:Zone.Identifier | data/lseg/raw/03_CURRENT_RECENT_LSEG/SUPPLY_WIND_SOLAR/GB_EMBEDDED_SOLAR_REPORT.pdf:Zone.Identifier | data/lseg/raw/03_CURRENT_RECENT_LSEG/SUPPLY_WIND_SOLAR/GB_EMBEDDED_WIND_REPORT.pdf:Zone.Identifier | data/lseg/raw/03_CURRENT_RECENT_LSEG/SUPPLY_WIND_SOLAR/SUPPLY_WIND_REPORT.pdf:Zone.Identifier | data/lseg/raw/03_CURRENT_RECENT_LSEG/WEATHER/CLOUD_COVER_CH.xls:Zone.Identifier | data/lseg/raw/03_CURRENT_RECENT_LSEG/WEATHER/CLOUD_COVER_REPORT.pdf:Zone.Identifier | data/lseg/raw/03_CURRENT_RECENT_LSEG/WEATHER/ECMWF_CLUSTER_REPORT.pdf:Zone.Identifier | data/lseg/raw/03_CURRENT_RECENT_LSEG/WEATHER/NAO_AO_REPORT.pdf:Zone.Identifier | data/lseg/raw/03_CURRENT_RECENT_LSEG/WEATHER/PRECIPITATION_ALP_AREA_REPORT.pdf:Zone.Identifier | data/lseg/raw/03_CURRENT_RECENT_LSEG/WEATHER/PRECIPITATION_CH_EFFECTIVE.xls:Zone.Identifier | data/lseg/raw/03_CURRENT_RECENT_LSEG/WEATHER/TEMPERATURE_DE_FR_AT_CH_TABLE.xls:Zone.Identifier | data/lseg/raw/03_CURRENT_RECENT_LSEG/WEATHER/TEMPERATURE_IT_CHART.xls:Zone.Identifier | data/lseg/raw/03_CURRENT_RECENT_LSEG/WEATHER/TEMPERATURE_REPORT.pdf:Zone.Identifier | data/lseg/raw/04_CROSS_BORDER_REFERENCE/01_PRICE_FLOW_GRAPH_CHE_VISIBLE.png:Zone.Identifier | data/lseg/raw/04_CROSS_BORDER_REFERENCE/02_DEU_SELECTED_CONNECTIONS.png:Zone.Identifier | data/lseg/raw/04_CROSS_BORDER_REFERENCE/03_NET_IMPORT_GRAPH.png:Zone.Identifier | data/lseg/raw/04_CROSS_BORDER_REFERENCE/04_NET_IMPORT_CHE_SELECTED_00.png:Zone.Identifier | data/lseg/raw/04_CROSS_BORDER_REFERENCE/05_NET_IMPORT_CHE_SELECTED_12.png:Zone.Identifier | data/lseg/raw/04_CROSS_BORDER_REFERENCE/06_CAPACITY_DIRECTION_1_CHE_SELECTED.png:Zone.Identifier | data/lseg/raw/04_CROSS_BORDER_REFERENCE/07_CAPACITY_DIRECTION_2_CHE_SELECTED_A.png:Zone.Identifier | data/lseg/raw/04_CROSS_BORDER_REFERENCE/08_CAPACITY_DIRECTION_2_CHE_SELECTED_B.png:Zone.Identifier | data/lseg/raw/04_CROSS_BORDER_REFERENCE/09_CAPACITY_DIRECTION_2_CHE_SELECTED_C.png:Zone.Identifier | data/lseg/raw/04_CROSS_BORDER_REFERENCE/10_SCHEDULED_EXCHANGE_NET_IMPORT_GRAPH.png:Zone.Identifier | data/lseg/raw/04_CROSS_BORDER_REFERENCE/11_SCHEDULED_EXCHANGE_CHE_SELECTED.png:Zone.Identifier | data/lseg/raw/04_CROSS_BORDER_REFERENCE/FLOWS_GRAPH_REPORT.pdf:Zone.Identifier | data/lseg/raw/05_LSEG_REFERENCE_PDFS/DEMAND_CONSUMPTION_OVERVIEW.pdf:Zone.Identifier | data/lseg/raw/90_INTERMEDIATE/LSEG_PRICE_DEMAND/FR_15M_RAW.xls.xlsx:Zone.Identifier | data/lseg/raw/90_INTERMEDIATE/LSEG_PRICE_DEMAND/FR_DA_RAW.xlsx:Zone.Identifier | data/lseg/raw/90_INTERMEDIATE/LSEG_PRICE_DEMAND/IT_DA_RAW(1).xlsx:Zone.Identifier | data/lseg/raw/90_INTERMEDIATE/LSEG_PRICE_DEMAND/IT_DA_RAW(2).xlsx:Zone.Identifier | data/lseg/raw/90_INTERMEDIATE/LSEG_PRICE_DEMAND/IT_DA_RAW(3).xlsx:Zone.Identifier | data/lseg/raw/90_INTERMEDIATE/LSEG_PRICE_DEMAND/IT_DA_RAW.xlsx:Zone.Identifier | data/lseg/raw/90_INTERMEDIATE/LSEG_PRICE_DEMAND/IT_DEMAND_15M_ALL_ZONES_TEMPLATE.xlsx:Zone.Identifier | data/lseg/raw/90_INTERMEDIATE/LSEG_PRICE_DEMAND/IT_DEMAND_15M_NORTH.xlsx:Zone.Identifier | data/lseg/raw/90_INTERMEDIATE/LSEG_PRICE_DEMAND/Mappe1(1).xlsx:Zone.Identifier | data/lseg/raw/90_INTERMEDIATE/LSEG_PRICE_DEMAND/Mappe1(2).xlsx:Zone.Identifier | data/lseg/raw/90_INTERMEDIATE/LSEG_PRICE_DEMAND/Mappe1(3).xlsx:Zone.Identifier | data/lseg/raw/90_INTERMEDIATE/LSEG_PRICE_DEMAND/Mappe1(4).xlsx:Zone.Identifier | data/lseg/raw/90_INTERMEDIATE/LSEG_PRICE_DEMAND/Mappe1(5).xlsx:Zone.Identifier | data/lseg/raw/90_INTERMEDIATE/SCREENSHOTS/0a528483-087b-4a33-a2f3-ecdd62770a3a.png:Zone.Identifier | data/lseg/raw/90_INTERMEDIATE/SCREENSHOTS/1609bf25-22b3-4c50-817b-fa945dba6bfe.png:Zone.Identifier | data/lseg/raw/90_INTERMEDIATE/SCREENSHOTS/1d02b907-f21b-48aa-bff6-9bb501bffd31.png:Zone.Identifier | data/lseg/raw/90_INTERMEDIATE/SCREENSHOTS/2bf92681-8086-451b-ad79-2cf2aaa286bf.png:Zone.Identifier | data/lseg/raw/90_INTERMEDIATE/SCREENSHOTS/5048f972-71a5-4bbb-9ebf-495783170275.png:Zone.Identifier | data/lseg/raw/90_INTERMEDIATE/SCREENSHOTS/57688dd7-cfad-46f7-9d61-7173a480ab24.png:Zone.Identifier | data/lseg/raw/90_INTERMEDIATE/SCREENSHOTS/6a48aa3a-47d9-431b-a8d4-4b421a82f395.png:Zone.Identifier | data/lseg/raw/90_INTERMEDIATE/SCREENSHOTS/6b0bf7a6-4724-4c1c-98c7-10c623883a8b.png:Zone.Identifier | data/lseg/raw/90_INTERMEDIATE/SCREENSHOTS/7cdf8489-62e1-4566-9c92-ddde781dfc41.png:Zone.Identifier | data/lseg/raw/90_INTERMEDIATE/SCREENSHOTS/839b9904-b506-4600-a582-19546fc0d0dc.png:Zone.Identifier | data/lseg/raw/90_INTERMEDIATE/SCREENSHOTS/87b02fce-0b58-4ead-b793-267dd464b8ec.png:Zone.Identifier | data/lseg/raw/90_INTERMEDIATE/SCREENSHOTS/917dfe63-9fd2-4e78-89c4-b98dcf9f033f.png:Zone.Identifier | data/lseg/raw/90_INTERMEDIATE/SCREENSHOTS/990167dc-a3d5-4b22-acec-131b4e0f87c9.png:Zone.Identifier | data/lseg/raw/90_INTERMEDIATE/SCREENSHOTS/af6db8b3-1471-4a8e-9879-1e782574016e.png:Zone.Identifier | data/lseg/raw/90_INTERMEDIATE/SCREENSHOTS/b94c25b1-cacf-496f-802b-f74a6ec3c376.png:Zone.Identifier | data/lseg/raw/90_INTERMEDIATE/SCREENSHOTS/bc276a5b-6ae8-473b-abe3-2d17e33bcdd3.png:Zone.Identifier | data/lseg/raw/90_INTERMEDIATE/SCREENSHOTS/chart_100049390.embedded.png:Zone.Identifier | data/lseg/raw/90_INTERMEDIATE/SCREENSHOTS/chart_100127248.embedded.png:Zone.Identifier | data/lseg/raw/90_INTERMEDIATE/SCREENSHOTS/crop_che.png:Zone.Identifier | data/lseg/raw/90_INTERMEDIATE/SCREENSHOTS/de1ee218-60dc-4b11-b243-1f352c398785.png:Zone.Identifier | data/lseg/raw/99_UNCLASSIFIED_RETAINED/LSEG_DISCOVERY_RAW_NOTES.txt:Zone.Identifier | data/lseg/raw/99_UNCLASSIFIED_RETAINED/table_100016453.xls:Zone.Identifier | data/lseg/raw/CH_DA_RAW.xlsx:Zone.Identifier | data/lseg/raw/DE_DA_RAW.xlsx:Zone.Identifier | data/lseg/raw/EDF_NUCLEAR_OUTAGE_REVISIONS_PIT.csv:Zone.Identifier | data/lseg/raw/EDF_NUCLEAR_PIT_DAILY_2021_2026.csv:Zone.Identifier | data/lseg/raw/FR_15M_RAW.xlsx:Zone.Identifier | data/lseg/raw/FR_DA_RAW_COMBINED.xlsx:Zone.Identifier | data/lseg/raw/Historique des indispo des moyens de production - depuis 2015 - 07092026-full.csv:Zone.Identifier | data/lseg/raw/IT_DA_RAW (1).xlsx:Zone.Identifier | data/lseg/raw/IT_DA_RAW.xlsx:Zone.Identifier | data/lseg/raw/IT_DEMAND_15M_ALL_ZONES_TEMPLATE.xlsx:Zone.Identifier | data/lseg/raw/IT_DEMAND_15M_NORTH.xlsx:Zone.Identifier | data/lseg/raw/IT_DEMAND_HOURLY.xlsx:Zone.Identifier | data/lseg/raw/publications-transparence-et-remit-liste-des-messages-edf-sa.csv:Zone.Identifier,Windows download-origin sidecar; excluded from data analysis.
data/lseg/raw/90_INTERMEDIATE/SCREENSHOTS/87b02fce-0b58-4ead-b793-267dd464b8ec.png,87b02fce-0b58-4ead-b793-267dd464b8ec.png,png,reference_image_or_report,LSEG reference report,LSEG reference report,Europe/unknown,Not applicable/non-tabular or not safely extractable,Not applicable or not declared,Not safely extractable,Not determined from file metadata,Not determined,Not determinable,Not safely extractable,Not safely extractable,Not safely extractable,58922,Not applicable/non-tabular,UNKNOWN,REFERENCE_ONLY,,,Non-tabular artifact; no reliable row-level schema inferred.
data/lseg/raw/90_INTERMEDIATE/SCREENSHOTS/87b02fce-0b58-4ead-b793-267dd464b8ec.png:Zone.Identifier,87b02fce-0b58-4ead-b793-267dd464b8ec.png:Zone.Identifier,identifier,metadata_sidecar,ancillary file metadata,Zone.Identifier,UNKNOWN,Not applicable/non-tabular or not safely extractable,Not applicable or not declared,Not safely extractable,Not determined from file metadata,Not determined,Not determinable,Not safely extractable,Not safely extractable,Not safely extractable,25,Not applicable/non-tabular,UNKNOWN,None,,data/lseg/raw/00_START_HERE/ANONYMOUS_XLS_MAPPING.md:Zone.Identifier | data/lseg/raw/00_START_HERE/DATA_CATALOG.csv:Zone.Identifier | data/lseg/raw/00_START_HERE/EXTRACTION_STATUS_AND_GAPS.md:Zone.Identifier | data/lseg/raw/00_START_HERE/LICENSE_NOTES.md:Zone.Identifier | data/lseg/raw/00_START_HERE/MANIFEST_SHA256.csv:Zone.Identifier | data/lseg/raw/00_START_HERE/MISSING_CH_DE_RECOVERY.md:Zone.Identifier | data/lseg/raw/00_START_HERE/MISSING_CH_DE_RICS.csv:Zone.Identifier | data/lseg/raw/00_START_HERE/PROJECT_OBJECTIVE.txt:Zone.Identifier | data/lseg/raw/00_START_HERE/README_FIRST.md:Zone.Identifier | data/lseg/raw/00_START_HERE/RIC_FAMILIES.csv:Zone.Identifier | data/lseg/raw/01_CORE_HISTORICAL/FR_NUCLEAR_PIT/EDF_NUCLEAR_OUTAGE_REVISIONS_PIT.csv:Zone.Identifier | data/lseg/raw/01_CORE_HISTORICAL/FR_NUCLEAR_PIT/EDF_NUCLEAR_PIT_DAILY_2021_2026.csv:Zone.Identifier | data/lseg/raw/01_CORE_HISTORICAL/FR_NUCLEAR_PIT/EDF_NUCLEAR_PIT_SUMMARY.txt:Zone.Identifier | data/lseg/raw/01_CORE_HISTORICAL/LSEG_DEMAND/IT_DEMAND_15M_ALL_7_ZONES_2025_2026.xlsx:Zone.Identifier | data/lseg/raw/01_CORE_HISTORICAL/LSEG_DEMAND/IT_DEMAND_HOURLY_2021_2025.xlsx:Zone.Identifier | data/lseg/raw/01_CORE_HISTORICAL/LSEG_PRICES/FR_DAY_AHEAD_HOURLY_AND_15M.xlsx:Zone.Identifier | data/lseg/raw/01_CORE_HISTORICAL/LSEG_PRICES/IT_DAY_AHEAD_HOURLY_AND_15M.xlsx:Zone.Identifier | data/lseg/raw/02_SOURCE_RAW/FR_NUCLEAR/EDF_OUTAGE_HISTORY_RAW.csv:Zone.Identifier | data/lseg/raw/02_SOURCE_RAW/FR_NUCLEAR/EDF_TRANSPARENCY_REMIT_MESSAGES_RAW.csv:Zone.Identifier | data/lseg/raw/03_CURRENT_RECENT_LSEG/COST_CURVES/cost_curves_2026910_21432.xlsx:Zone.Identifier | data/lseg/raw/03_CURRENT_RECENT_LSEG/COST_CURVES/cost_curves_2026910_21543.xlsx:Zone.Identifier | data/lseg/raw/03_CURRENT_RECENT_LSEG/COST_CURVES/cost_curves_2026910_2164.xlsx:Zone.Identifier | data/lseg/raw/03_CURRENT_RECENT_LSEG/RESIDUAL_LOAD/CWE_RESIDUAL_LOAD_REPORT.pdf:Zone.Identifier | data/lseg/raw/03_CURRENT_RECENT_LSEG/RESIDUAL_LOAD/DE_RESIDUAL_LOAD_CURRENT_RECENT.xls:Zone.Identifier | data/lseg/raw/03_CURRENT_RECENT_LSEG/RESIDUAL_LOAD/DE_RESIDUAL_LOAD_REPORT.pdf:Zone.Identifier | data/lseg/raw/03_CURRENT_RECENT_LSEG/RESIDUAL_LOAD/FR_IT_RESIDUAL_LOAD_EXPORT_A.xls:Zone.Identifier | data/lseg/raw/03_CURRENT_RECENT_LSEG/RESIDUAL_LOAD/FR_IT_RESIDUAL_LOAD_EXPORT_B.xls:Zone.Identifier | data/lseg/raw/03_CURRENT_RECENT_LSEG/SUPPLY_WIND_SOLAR/GB_EMBEDDED_SOLAR_REPORT.pdf:Zone.Identifier | data/lseg/raw/03_CURRENT_RECENT_LSEG/SUPPLY_WIND_SOLAR/GB_EMBEDDED_WIND_REPORT.pdf:Zone.Identifier | data/lseg/raw/03_CURRENT_RECENT_LSEG/SUPPLY_WIND_SOLAR/SUPPLY_WIND_REPORT.pdf:Zone.Identifier | data/lseg/raw/03_CURRENT_RECENT_LSEG/WEATHER/CLOUD_COVER_CH.xls:Zone.Identifier | data/lseg/raw/03_CURRENT_RECENT_LSEG/WEATHER/CLOUD_COVER_REPORT.pdf:Zone.Identifier | data/lseg/raw/03_CURRENT_RECENT_LSEG/WEATHER/ECMWF_CLUSTER_REPORT.pdf:Zone.Identifier | data/lseg/raw/03_CURRENT_RECENT_LSEG/WEATHER/NAO_AO_REPORT.pdf:Zone.Identifier | data/lseg/raw/03_CURRENT_RECENT_LSEG/WEATHER/PRECIPITATION_ALP_AREA_REPORT.pdf:Zone.Identifier | data/lseg/raw/03_CURRENT_RECENT_LSEG/WEATHER/PRECIPITATION_CH_EFFECTIVE.xls:Zone.Identifier | data/lseg/raw/03_CURRENT_RECENT_LSEG/WEATHER/TEMPERATURE_DE_FR_AT_CH_TABLE.xls:Zone.Identifier | data/lseg/raw/03_CURRENT_RECENT_LSEG/WEATHER/TEMPERATURE_IT_CHART.xls:Zone.Identifier | data/lseg/raw/03_CURRENT_RECENT_LSEG/WEATHER/TEMPERATURE_REPORT.pdf:Zone.Identifier | data/lseg/raw/04_CROSS_BORDER_REFERENCE/01_PRICE_FLOW_GRAPH_CHE_VISIBLE.png:Zone.Identifier | data/lseg/raw/04_CROSS_BORDER_REFERENCE/02_DEU_SELECTED_CONNECTIONS.png:Zone.Identifier | data/lseg/raw/04_CROSS_BORDER_REFERENCE/03_NET_IMPORT_GRAPH.png:Zone.Identifier | data/lseg/raw/04_CROSS_BORDER_REFERENCE/04_NET_IMPORT_CHE_SELECTED_00.png:Zone.Identifier | data/lseg/raw/04_CROSS_BORDER_REFERENCE/05_NET_IMPORT_CHE_SELECTED_12.png:Zone.Identifier | data/lseg/raw/04_CROSS_BORDER_REFERENCE/06_CAPACITY_DIRECTION_1_CHE_SELECTED.png:Zone.Identifier | data/lseg/raw/04_CROSS_BORDER_REFERENCE/07_CAPACITY_DIRECTION_2_CHE_SELECTED_A.png:Zone.Identifier | data/lseg/raw/04_CROSS_BORDER_REFERENCE/08_CAPACITY_DIRECTION_2_CHE_SELECTED_B.png:Zone.Identifier | data/lseg/raw/04_CROSS_BORDER_REFERENCE/09_CAPACITY_DIRECTION_2_CHE_SELECTED_C.png:Zone.Identifier | data/lseg/raw/04_CROSS_BORDER_REFERENCE/10_SCHEDULED_EXCHANGE_NET_IMPORT_GRAPH.png:Zone.Identifier | data/lseg/raw/04_CROSS_BORDER_REFERENCE/11_SCHEDULED_EXCHANGE_CHE_SELECTED.png:Zone.Identifier | data/lseg/raw/04_CROSS_BORDER_REFERENCE/FLOWS_GRAPH_REPORT.pdf:Zone.Identifier | data/lseg/raw/05_LSEG_REFERENCE_PDFS/DEMAND_CONSUMPTION_OVERVIEW.pdf:Zone.Identifier | data/lseg/raw/90_INTERMEDIATE/LSEG_PRICE_DEMAND/FR_15M_RAW.xls.xlsx:Zone.Identifier | data/lseg/raw/90_INTERMEDIATE/LSEG_PRICE_DEMAND/FR_DA_RAW.xlsx:Zone.Identifier | data/lseg/raw/90_INTERMEDIATE/LSEG_PRICE_DEMAND/IT_DA_RAW(1).xlsx:Zone.Identifier | data/lseg/raw/90_INTERMEDIATE/LSEG_PRICE_DEMAND/IT_DA_RAW(2).xlsx:Zone.Identifier | data/lseg/raw/90_INTERMEDIATE/LSEG_PRICE_DEMAND/IT_DA_RAW(3).xlsx:Zone.Identifier | data/lseg/raw/90_INTERMEDIATE/LSEG_PRICE_DEMAND/IT_DA_RAW.xlsx:Zone.Identifier | data/lseg/raw/90_INTERMEDIATE/LSEG_PRICE_DEMAND/IT_DEMAND_15M_ALL_ZONES_TEMPLATE.xlsx:Zone.Identifier | data/lseg/raw/90_INTERMEDIATE/LSEG_PRICE_DEMAND/IT_DEMAND_15M_NORTH.xlsx:Zone.Identifier | data/lseg/raw/90_INTERMEDIATE/LSEG_PRICE_DEMAND/Mappe1(1).xlsx:Zone.Identifier | data/lseg/raw/90_INTERMEDIATE/LSEG_PRICE_DEMAND/Mappe1(2).xlsx:Zone.Identifier | data/lseg/raw/90_INTERMEDIATE/LSEG_PRICE_DEMAND/Mappe1(3).xlsx:Zone.Identifier | data/lseg/raw/90_INTERMEDIATE/LSEG_PRICE_DEMAND/Mappe1(4).xlsx:Zone.Identifier | data/lseg/raw/90_INTERMEDIATE/LSEG_PRICE_DEMAND/Mappe1(5).xlsx:Zone.Identifier | data/lseg/raw/90_INTERMEDIATE/SCREENSHOTS/0a528483-087b-4a33-a2f3-ecdd62770a3a.png:Zone.Identifier | data/lseg/raw/90_INTERMEDIATE/SCREENSHOTS/1609bf25-22b3-4c50-817b-fa945dba6bfe.png:Zone.Identifier | data/lseg/raw/90_INTERMEDIATE/SCREENSHOTS/1d02b907-f21b-48aa-bff6-9bb501bffd31.png:Zone.Identifier | data/lseg/raw/90_INTERMEDIATE/SCREENSHOTS/2bf92681-8086-451b-ad79-2cf2aaa286bf.png:Zone.Identifier | data/lseg/raw/90_INTERMEDIATE/SCREENSHOTS/5048f972-71a5-4bbb-9ebf-495783170275.png:Zone.Identifier | data/lseg/raw/90_INTERMEDIATE/SCREENSHOTS/57688dd7-cfad-46f7-9d61-7173a480ab24.png:Zone.Identifier | data/lseg/raw/90_INTERMEDIATE/SCREENSHOTS/6a48aa3a-47d9-431b-a8d4-4b421a82f395.png:Zone.Identifier | data/lseg/raw/90_INTERMEDIATE/SCREENSHOTS/6b0bf7a6-4724-4c1c-98c7-10c623883a8b.png:Zone.Identifier | data/lseg/raw/90_INTERMEDIATE/SCREENSHOTS/7cdf8489-62e1-4566-9c92-ddde781dfc41.png:Zone.Identifier | data/lseg/raw/90_INTERMEDIATE/SCREENSHOTS/839b9904-b506-4600-a582-19546fc0d0dc.png:Zone.Identifier | data/lseg/raw/90_INTERMEDIATE/SCREENSHOTS/87b02fce-0b58-4ead-b793-267dd464b8ec.png:Zone.Identifier | data/lseg/raw/90_INTERMEDIATE/SCREENSHOTS/917dfe63-9fd2-4e78-89c4-b98dcf9f033f.png:Zone.Identifier | data/lseg/raw/90_INTERMEDIATE/SCREENSHOTS/990167dc-a3d5-4b22-acec-131b4e0f87c9.png:Zone.Identifier | data/lseg/raw/90_INTERMEDIATE/SCREENSHOTS/af6db8b3-1471-4a8e-9879-1e782574016e.png:Zone.Identifier | data/lseg/raw/90_INTERMEDIATE/SCREENSHOTS/b94c25b1-cacf-496f-802b-f74a6ec3c376.png:Zone.Identifier | data/lseg/raw/90_INTERMEDIATE/SCREENSHOTS/bc276a5b-6ae8-473b-abe3-2d17e33bcdd3.png:Zone.Identifier | data/lseg/raw/90_INTERMEDIATE/SCREENSHOTS/chart_100049390.embedded.png:Zone.Identifier | data/lseg/raw/90_INTERMEDIATE/SCREENSHOTS/chart_100127248.embedded.png:Zone.Identifier | data/lseg/raw/90_INTERMEDIATE/SCREENSHOTS/crop_che.png:Zone.Identifier | data/lseg/raw/90_INTERMEDIATE/SCREENSHOTS/de1ee218-60dc-4b11-b243-1f352c398785.png:Zone.Identifier | data/lseg/raw/99_UNCLASSIFIED_RETAINED/LSEG_DISCOVERY_RAW_NOTES.txt:Zone.Identifier | data/lseg/raw/99_UNCLASSIFIED_RETAINED/table_100016453.xls:Zone.Identifier | data/lseg/raw/CH_DA_RAW.xlsx:Zone.Identifier | data/lseg/raw/DE_DA_RAW.xlsx:Zone.Identifier | data/lseg/raw/EDF_NUCLEAR_OUTAGE_REVISIONS_PIT.csv:Zone.Identifier | data/lseg/raw/EDF_NUCLEAR_PIT_DAILY_2021_2026.csv:Zone.Identifier | data/lseg/raw/FR_15M_RAW.xlsx:Zone.Identifier | data/lseg/raw/FR_DA_RAW_COMBINED.xlsx:Zone.Identifier | data/lseg/raw/Historique des indispo des moyens de production - depuis 2015 - 07092026-full.csv:Zone.Identifier | data/lseg/raw/IT_DA_RAW (1).xlsx:Zone.Identifier | data/lseg/raw/IT_DA_RAW.xlsx:Zone.Identifier | data/lseg/raw/IT_DEMAND_15M_ALL_ZONES_TEMPLATE.xlsx:Zone.Identifier | data/lseg/raw/IT_DEMAND_15M_NORTH.xlsx:Zone.Identifier | data/lseg/raw/IT_DEMAND_HOURLY.xlsx:Zone.Identifier | data/lseg/raw/publications-transparence-et-remit-liste-des-messages-edf-sa.csv:Zone.Identifier,Windows download-origin sidecar; excluded from data analysis.
data/lseg/raw/90_INTERMEDIATE/SCREENSHOTS/917dfe63-9fd2-4e78-89c4-b98dcf9f033f.png,917dfe63-9fd2-4e78-89c4-b98dcf9f033f.png,png,reference_image_or_report,LSEG reference report,LSEG reference report,Europe/unknown,Not applicable/non-tabular or not safely extractable,Not applicable or not declared,Not safely extractable,Not determined from file metadata,Not determined,Not determinable,Not safely extractable,Not safely extractable,Not safely extractable,167676,Not applicable/non-tabular,UNKNOWN,REFERENCE_ONLY,,,Non-tabular artifact; no reliable row-level schema inferred.
data/lseg/raw/90_INTERMEDIATE/SCREENSHOTS/917dfe63-9fd2-4e78-89c4-b98dcf9f033f.png:Zone.Identifier,917dfe63-9fd2-4e78-89c4-b98dcf9f033f.png:Zone.Identifier,identifier,metadata_sidecar,ancillary file metadata,Zone.Identifier,UNKNOWN,Not applicable/non-tabular or not safely extractable,Not applicable or not declared,Not safely extractable,Not determined from file metadata,Not determined,Not determinable,Not safely extractable,Not safely extractable,Not safely extractable,25,Not applicable/non-tabular,UNKNOWN,None,,data/lseg/raw/00_START_HERE/ANONYMOUS_XLS_MAPPING.md:Zone.Identifier | data/lseg/raw/00_START_HERE/DATA_CATALOG.csv:Zone.Identifier | data/lseg/raw/00_START_HERE/EXTRACTION_STATUS_AND_GAPS.md:Zone.Identifier | data/lseg/raw/00_START_HERE/LICENSE_NOTES.md:Zone.Identifier | data/lseg/raw/00_START_HERE/MANIFEST_SHA256.csv:Zone.Identifier | data/lseg/raw/00_START_HERE/MISSING_CH_DE_RECOVERY.md:Zone.Identifier | data/lseg/raw/00_START_HERE/MISSING_CH_DE_RICS.csv:Zone.Identifier | data/lseg/raw/00_START_HERE/PROJECT_OBJECTIVE.txt:Zone.Identifier | data/lseg/raw/00_START_HERE/README_FIRST.md:Zone.Identifier | data/lseg/raw/00_START_HERE/RIC_FAMILIES.csv:Zone.Identifier | data/lseg/raw/01_CORE_HISTORICAL/FR_NUCLEAR_PIT/EDF_NUCLEAR_OUTAGE_REVISIONS_PIT.csv:Zone.Identifier | data/lseg/raw/01_CORE_HISTORICAL/FR_NUCLEAR_PIT/EDF_NUCLEAR_PIT_DAILY_2021_2026.csv:Zone.Identifier | data/lseg/raw/01_CORE_HISTORICAL/FR_NUCLEAR_PIT/EDF_NUCLEAR_PIT_SUMMARY.txt:Zone.Identifier | data/lseg/raw/01_CORE_HISTORICAL/LSEG_DEMAND/IT_DEMAND_15M_ALL_7_ZONES_2025_2026.xlsx:Zone.Identifier | data/lseg/raw/01_CORE_HISTORICAL/LSEG_DEMAND/IT_DEMAND_HOURLY_2021_2025.xlsx:Zone.Identifier | data/lseg/raw/01_CORE_HISTORICAL/LSEG_PRICES/FR_DAY_AHEAD_HOURLY_AND_15M.xlsx:Zone.Identifier | data/lseg/raw/01_CORE_HISTORICAL/LSEG_PRICES/IT_DAY_AHEAD_HOURLY_AND_15M.xlsx:Zone.Identifier | data/lseg/raw/02_SOURCE_RAW/FR_NUCLEAR/EDF_OUTAGE_HISTORY_RAW.csv:Zone.Identifier | data/lseg/raw/02_SOURCE_RAW/FR_NUCLEAR/EDF_TRANSPARENCY_REMIT_MESSAGES_RAW.csv:Zone.Identifier | data/lseg/raw/03_CURRENT_RECENT_LSEG/COST_CURVES/cost_curves_2026910_21432.xlsx:Zone.Identifier | data/lseg/raw/03_CURRENT_RECENT_LSEG/COST_CURVES/cost_curves_2026910_21543.xlsx:Zone.Identifier | data/lseg/raw/03_CURRENT_RECENT_LSEG/COST_CURVES/cost_curves_2026910_2164.xlsx:Zone.Identifier | data/lseg/raw/03_CURRENT_RECENT_LSEG/RESIDUAL_LOAD/CWE_RESIDUAL_LOAD_REPORT.pdf:Zone.Identifier | data/lseg/raw/03_CURRENT_RECENT_LSEG/RESIDUAL_LOAD/DE_RESIDUAL_LOAD_CURRENT_RECENT.xls:Zone.Identifier | data/lseg/raw/03_CURRENT_RECENT_LSEG/RESIDUAL_LOAD/DE_RESIDUAL_LOAD_REPORT.pdf:Zone.Identifier | data/lseg/raw/03_CURRENT_RECENT_LSEG/RESIDUAL_LOAD/FR_IT_RESIDUAL_LOAD_EXPORT_A.xls:Zone.Identifier | data/lseg/raw/03_CURRENT_RECENT_LSEG/RESIDUAL_LOAD/FR_IT_RESIDUAL_LOAD_EXPORT_B.xls:Zone.Identifier | data/lseg/raw/03_CURRENT_RECENT_LSEG/SUPPLY_WIND_SOLAR/GB_EMBEDDED_SOLAR_REPORT.pdf:Zone.Identifier | data/lseg/raw/03_CURRENT_RECENT_LSEG/SUPPLY_WIND_SOLAR/GB_EMBEDDED_WIND_REPORT.pdf:Zone.Identifier | data/lseg/raw/03_CURRENT_RECENT_LSEG/SUPPLY_WIND_SOLAR/SUPPLY_WIND_REPORT.pdf:Zone.Identifier | data/lseg/raw/03_CURRENT_RECENT_LSEG/WEATHER/CLOUD_COVER_CH.xls:Zone.Identifier | data/lseg/raw/03_CURRENT_RECENT_LSEG/WEATHER/CLOUD_COVER_REPORT.pdf:Zone.Identifier | data/lseg/raw/03_CURRENT_RECENT_LSEG/WEATHER/ECMWF_CLUSTER_REPORT.pdf:Zone.Identifier | data/lseg/raw/03_CURRENT_RECENT_LSEG/WEATHER/NAO_AO_REPORT.pdf:Zone.Identifier | data/lseg/raw/03_CURRENT_RECENT_LSEG/WEATHER/PRECIPITATION_ALP_AREA_REPORT.pdf:Zone.Identifier | data/lseg/raw/03_CURRENT_RECENT_LSEG/WEATHER/PRECIPITATION_CH_EFFECTIVE.xls:Zone.Identifier | data/lseg/raw/03_CURRENT_RECENT_LSEG/WEATHER/TEMPERATURE_DE_FR_AT_CH_TABLE.xls:Zone.Identifier | data/lseg/raw/03_CURRENT_RECENT_LSEG/WEATHER/TEMPERATURE_IT_CHART.xls:Zone.Identifier | data/lseg/raw/03_CURRENT_RECENT_LSEG/WEATHER/TEMPERATURE_REPORT.pdf:Zone.Identifier | data/lseg/raw/04_CROSS_BORDER_REFERENCE/01_PRICE_FLOW_GRAPH_CHE_VISIBLE.png:Zone.Identifier | data/lseg/raw/04_CROSS_BORDER_REFERENCE/02_DEU_SELECTED_CONNECTIONS.png:Zone.Identifier | data/lseg/raw/04_CROSS_BORDER_REFERENCE/03_NET_IMPORT_GRAPH.png:Zone.Identifier | data/lseg/raw/04_CROSS_BORDER_REFERENCE/04_NET_IMPORT_CHE_SELECTED_00.png:Zone.Identifier | data/lseg/raw/04_CROSS_BORDER_REFERENCE/05_NET_IMPORT_CHE_SELECTED_12.png:Zone.Identifier | data/lseg/raw/04_CROSS_BORDER_REFERENCE/06_CAPACITY_DIRECTION_1_CHE_SELECTED.png:Zone.Identifier | data/lseg/raw/04_CROSS_BORDER_REFERENCE/07_CAPACITY_DIRECTION_2_CHE_SELECTED_A.png:Zone.Identifier | data/lseg/raw/04_CROSS_BORDER_REFERENCE/08_CAPACITY_DIRECTION_2_CHE_SELECTED_B.png:Zone.Identifier | data/lseg/raw/04_CROSS_BORDER_REFERENCE/09_CAPACITY_DIRECTION_2_CHE_SELECTED_C.png:Zone.Identifier | data/lseg/raw/04_CROSS_BORDER_REFERENCE/10_SCHEDULED_EXCHANGE_NET_IMPORT_GRAPH.png:Zone.Identifier | data/lseg/raw/04_CROSS_BORDER_REFERENCE/11_SCHEDULED_EXCHANGE_CHE_SELECTED.png:Zone.Identifier | data/lseg/raw/04_CROSS_BORDER_REFERENCE/FLOWS_GRAPH_REPORT.pdf:Zone.Identifier | data/lseg/raw/05_LSEG_REFERENCE_PDFS/DEMAND_CONSUMPTION_OVERVIEW.pdf:Zone.Identifier | data/lseg/raw/90_INTERMEDIATE/LSEG_PRICE_DEMAND/FR_15M_RAW.xls.xlsx:Zone.Identifier | data/lseg/raw/90_INTERMEDIATE/LSEG_PRICE_DEMAND/FR_DA_RAW.xlsx:Zone.Identifier | data/lseg/raw/90_INTERMEDIATE/LSEG_PRICE_DEMAND/IT_DA_RAW(1).xlsx:Zone.Identifier | data/lseg/raw/90_INTERMEDIATE/LSEG_PRICE_DEMAND/IT_DA_RAW(2).xlsx:Zone.Identifier | data/lseg/raw/90_INTERMEDIATE/LSEG_PRICE_DEMAND/IT_DA_RAW(3).xlsx:Zone.Identifier | data/lseg/raw/90_INTERMEDIATE/LSEG_PRICE_DEMAND/IT_DA_RAW.xlsx:Zone.Identifier | data/lseg/raw/90_INTERMEDIATE/LSEG_PRICE_DEMAND/IT_DEMAND_15M_ALL_ZONES_TEMPLATE.xlsx:Zone.Identifier | data/lseg/raw/90_INTERMEDIATE/LSEG_PRICE_DEMAND/IT_DEMAND_15M_NORTH.xlsx:Zone.Identifier | data/lseg/raw/90_INTERMEDIATE/LSEG_PRICE_DEMAND/Mappe1(1).xlsx:Zone.Identifier | data/lseg/raw/90_INTERMEDIATE/LSEG_PRICE_DEMAND/Mappe1(2).xlsx:Zone.Identifier | data/lseg/raw/90_INTERMEDIATE/LSEG_PRICE_DEMAND/Mappe1(3).xlsx:Zone.Identifier | data/lseg/raw/90_INTERMEDIATE/LSEG_PRICE_DEMAND/Mappe1(4).xlsx:Zone.Identifier | data/lseg/raw/90_INTERMEDIATE/LSEG_PRICE_DEMAND/Mappe1(5).xlsx:Zone.Identifier | data/lseg/raw/90_INTERMEDIATE/SCREENSHOTS/0a528483-087b-4a33-a2f3-ecdd62770a3a.png:Zone.Identifier | data/lseg/raw/90_INTERMEDIATE/SCREENSHOTS/1609bf25-22b3-4c50-817b-fa945dba6bfe.png:Zone.Identifier | data/lseg/raw/90_INTERMEDIATE/SCREENSHOTS/1d02b907-f21b-48aa-bff6-9bb501bffd31.png:Zone.Identifier | data/lseg/raw/90_INTERMEDIATE/SCREENSHOTS/2bf92681-8086-451b-ad79-2cf2aaa286bf.png:Zone.Identifier | data/lseg/raw/90_INTERMEDIATE/SCREENSHOTS/5048f972-71a5-4bbb-9ebf-495783170275.png:Zone.Identifier | data/lseg/raw/90_INTERMEDIATE/SCREENSHOTS/57688dd7-cfad-46f7-9d61-7173a480ab24.png:Zone.Identifier | data/lseg/raw/90_INTERMEDIATE/SCREENSHOTS/6a48aa3a-47d9-431b-a8d4-4b421a82f395.png:Zone.Identifier | data/lseg/raw/90_INTERMEDIATE/SCREENSHOTS/6b0bf7a6-4724-4c1c-98c7-10c623883a8b.png:Zone.Identifier | data/lseg/raw/90_INTERMEDIATE/SCREENSHOTS/7cdf8489-62e1-4566-9c92-ddde781dfc41.png:Zone.Identifier | data/lseg/raw/90_INTERMEDIATE/SCREENSHOTS/839b9904-b506-4600-a582-19546fc0d0dc.png:Zone.Identifier | data/lseg/raw/90_INTERMEDIATE/SCREENSHOTS/87b02fce-0b58-4ead-b793-267dd464b8ec.png:Zone.Identifier | data/lseg/raw/90_INTERMEDIATE/SCREENSHOTS/917dfe63-9fd2-4e78-89c4-b98dcf9f033f.png:Zone.Identifier | data/lseg/raw/90_INTERMEDIATE/SCREENSHOTS/990167dc-a3d5-4b22-acec-131b4e0f87c9.png:Zone.Identifier | data/lseg/raw/90_INTERMEDIATE/SCREENSHOTS/af6db8b3-1471-4a8e-9879-1e782574016e.png:Zone.Identifier | data/lseg/raw/90_INTERMEDIATE/SCREENSHOTS/b94c25b1-cacf-496f-802b-f74a6ec3c376.png:Zone.Identifier | data/lseg/raw/90_INTERMEDIATE/SCREENSHOTS/bc276a5b-6ae8-473b-abe3-2d17e33bcdd3.png:Zone.Identifier | data/lseg/raw/90_INTERMEDIATE/SCREENSHOTS/chart_100049390.embedded.png:Zone.Identifier | data/lseg/raw/90_INTERMEDIATE/SCREENSHOTS/chart_100127248.embedded.png:Zone.Identifier | data/lseg/raw/90_INTERMEDIATE/SCREENSHOTS/crop_che.png:Zone.Identifier | data/lseg/raw/90_INTERMEDIATE/SCREENSHOTS/de1ee218-60dc-4b11-b243-1f352c398785.png:Zone.Identifier | data/lseg/raw/99_UNCLASSIFIED_RETAINED/LSEG_DISCOVERY_RAW_NOTES.txt:Zone.Identifier | data/lseg/raw/99_UNCLASSIFIED_RETAINED/table_100016453.xls:Zone.Identifier | data/lseg/raw/CH_DA_RAW.xlsx:Zone.Identifier | data/lseg/raw/DE_DA_RAW.xlsx:Zone.Identifier | data/lseg/raw/EDF_NUCLEAR_OUTAGE_REVISIONS_PIT.csv:Zone.Identifier | data/lseg/raw/EDF_NUCLEAR_PIT_DAILY_2021_2026.csv:Zone.Identifier | data/lseg/raw/FR_15M_RAW.xlsx:Zone.Identifier | data/lseg/raw/FR_DA_RAW_COMBINED.xlsx:Zone.Identifier | data/lseg/raw/Historique des indispo des moyens de production - depuis 2015 - 07092026-full.csv:Zone.Identifier | data/lseg/raw/IT_DA_RAW (1).xlsx:Zone.Identifier | data/lseg/raw/IT_DA_RAW.xlsx:Zone.Identifier | data/lseg/raw/IT_DEMAND_15M_ALL_ZONES_TEMPLATE.xlsx:Zone.Identifier | data/lseg/raw/IT_DEMAND_15M_NORTH.xlsx:Zone.Identifier | data/lseg/raw/IT_DEMAND_HOURLY.xlsx:Zone.Identifier | data/lseg/raw/publications-transparence-et-remit-liste-des-messages-edf-sa.csv:Zone.Identifier,Windows download-origin sidecar; excluded from data analysis.
data/lseg/raw/90_INTERMEDIATE/SCREENSHOTS/990167dc-a3d5-4b22-acec-131b4e0f87c9.png,990167dc-a3d5-4b22-acec-131b4e0f87c9.png,png,reference_image_or_report,LSEG reference report,LSEG reference report,Europe/unknown,Not applicable/non-tabular or not safely extractable,Not applicable or not declared,Not safely extractable,Not determined from file metadata,Not determined,Not determinable,Not safely extractable,Not safely extractable,Not safely extractable,171360,Not applicable/non-tabular,UNKNOWN,REFERENCE_ONLY,,,Non-tabular artifact; no reliable row-level schema inferred.
data/lseg/raw/90_INTERMEDIATE/SCREENSHOTS/990167dc-a3d5-4b22-acec-131b4e0f87c9.png:Zone.Identifier,990167dc-a3d5-4b22-acec-131b4e0f87c9.png:Zone.Identifier,identifier,metadata_sidecar,ancillary file metadata,Zone.Identifier,UNKNOWN,Not applicable/non-tabular or not safely extractable,Not applicable or not declared,Not safely extractable,Not determined from file metadata,Not determined,Not determinable,Not safely extractable,Not safely extractable,Not safely extractable,25,Not applicable/non-tabular,UNKNOWN,None,,data/lseg/raw/00_START_HERE/ANONYMOUS_XLS_MAPPING.md:Zone.Identifier | data/lseg/raw/00_START_HERE/DATA_CATALOG.csv:Zone.Identifier | data/lseg/raw/00_START_HERE/EXTRACTION_STATUS_AND_GAPS.md:Zone.Identifier | data/lseg/raw/00_START_HERE/LICENSE_NOTES.md:Zone.Identifier | data/lseg/raw/00_START_HERE/MANIFEST_SHA256.csv:Zone.Identifier | data/lseg/raw/00_START_HERE/MISSING_CH_DE_RECOVERY.md:Zone.Identifier | data/lseg/raw/00_START_HERE/MISSING_CH_DE_RICS.csv:Zone.Identifier | data/lseg/raw/00_START_HERE/PROJECT_OBJECTIVE.txt:Zone.Identifier | data/lseg/raw/00_START_HERE/README_FIRST.md:Zone.Identifier | data/lseg/raw/00_START_HERE/RIC_FAMILIES.csv:Zone.Identifier | data/lseg/raw/01_CORE_HISTORICAL/FR_NUCLEAR_PIT/EDF_NUCLEAR_OUTAGE_REVISIONS_PIT.csv:Zone.Identifier | data/lseg/raw/01_CORE_HISTORICAL/FR_NUCLEAR_PIT/EDF_NUCLEAR_PIT_DAILY_2021_2026.csv:Zone.Identifier | data/lseg/raw/01_CORE_HISTORICAL/FR_NUCLEAR_PIT/EDF_NUCLEAR_PIT_SUMMARY.txt:Zone.Identifier | data/lseg/raw/01_CORE_HISTORICAL/LSEG_DEMAND/IT_DEMAND_15M_ALL_7_ZONES_2025_2026.xlsx:Zone.Identifier | data/lseg/raw/01_CORE_HISTORICAL/LSEG_DEMAND/IT_DEMAND_HOURLY_2021_2025.xlsx:Zone.Identifier | data/lseg/raw/01_CORE_HISTORICAL/LSEG_PRICES/FR_DAY_AHEAD_HOURLY_AND_15M.xlsx:Zone.Identifier | data/lseg/raw/01_CORE_HISTORICAL/LSEG_PRICES/IT_DAY_AHEAD_HOURLY_AND_15M.xlsx:Zone.Identifier | data/lseg/raw/02_SOURCE_RAW/FR_NUCLEAR/EDF_OUTAGE_HISTORY_RAW.csv:Zone.Identifier | data/lseg/raw/02_SOURCE_RAW/FR_NUCLEAR/EDF_TRANSPARENCY_REMIT_MESSAGES_RAW.csv:Zone.Identifier | data/lseg/raw/03_CURRENT_RECENT_LSEG/COST_CURVES/cost_curves_2026910_21432.xlsx:Zone.Identifier | data/lseg/raw/03_CURRENT_RECENT_LSEG/COST_CURVES/cost_curves_2026910_21543.xlsx:Zone.Identifier | data/lseg/raw/03_CURRENT_RECENT_LSEG/COST_CURVES/cost_curves_2026910_2164.xlsx:Zone.Identifier | data/lseg/raw/03_CURRENT_RECENT_LSEG/RESIDUAL_LOAD/CWE_RESIDUAL_LOAD_REPORT.pdf:Zone.Identifier | data/lseg/raw/03_CURRENT_RECENT_LSEG/RESIDUAL_LOAD/DE_RESIDUAL_LOAD_CURRENT_RECENT.xls:Zone.Identifier | data/lseg/raw/03_CURRENT_RECENT_LSEG/RESIDUAL_LOAD/DE_RESIDUAL_LOAD_REPORT.pdf:Zone.Identifier | data/lseg/raw/03_CURRENT_RECENT_LSEG/RESIDUAL_LOAD/FR_IT_RESIDUAL_LOAD_EXPORT_A.xls:Zone.Identifier | data/lseg/raw/03_CURRENT_RECENT_LSEG/RESIDUAL_LOAD/FR_IT_RESIDUAL_LOAD_EXPORT_B.xls:Zone.Identifier | data/lseg/raw/03_CURRENT_RECENT_LSEG/SUPPLY_WIND_SOLAR/GB_EMBEDDED_SOLAR_REPORT.pdf:Zone.Identifier | data/lseg/raw/03_CURRENT_RECENT_LSEG/SUPPLY_WIND_SOLAR/GB_EMBEDDED_WIND_REPORT.pdf:Zone.Identifier | data/lseg/raw/03_CURRENT_RECENT_LSEG/SUPPLY_WIND_SOLAR/SUPPLY_WIND_REPORT.pdf:Zone.Identifier | data/lseg/raw/03_CURRENT_RECENT_LSEG/WEATHER/CLOUD_COVER_CH.xls:Zone.Identifier | data/lseg/raw/03_CURRENT_RECENT_LSEG/WEATHER/CLOUD_COVER_REPORT.pdf:Zone.Identifier | data/lseg/raw/03_CURRENT_RECENT_LSEG/WEATHER/ECMWF_CLUSTER_REPORT.pdf:Zone.Identifier | data/lseg/raw/03_CURRENT_RECENT_LSEG/WEATHER/NAO_AO_REPORT.pdf:Zone.Identifier | data/lseg/raw/03_CURRENT_RECENT_LSEG/WEATHER/PRECIPITATION_ALP_AREA_REPORT.pdf:Zone.Identifier | data/lseg/raw/03_CURRENT_RECENT_LSEG/WEATHER/PRECIPITATION_CH_EFFECTIVE.xls:Zone.Identifier | data/lseg/raw/03_CURRENT_RECENT_LSEG/WEATHER/TEMPERATURE_DE_FR_AT_CH_TABLE.xls:Zone.Identifier | data/lseg/raw/03_CURRENT_RECENT_LSEG/WEATHER/TEMPERATURE_IT_CHART.xls:Zone.Identifier | data/lseg/raw/03_CURRENT_RECENT_LSEG/WEATHER/TEMPERATURE_REPORT.pdf:Zone.Identifier | data/lseg/raw/04_CROSS_BORDER_REFERENCE/01_PRICE_FLOW_GRAPH_CHE_VISIBLE.png:Zone.Identifier | data/lseg/raw/04_CROSS_BORDER_REFERENCE/02_DEU_SELECTED_CONNECTIONS.png:Zone.Identifier | data/lseg/raw/04_CROSS_BORDER_REFERENCE/03_NET_IMPORT_GRAPH.png:Zone.Identifier | data/lseg/raw/04_CROSS_BORDER_REFERENCE/04_NET_IMPORT_CHE_SELECTED_00.png:Zone.Identifier | data/lseg/raw/04_CROSS_BORDER_REFERENCE/05_NET_IMPORT_CHE_SELECTED_12.png:Zone.Identifier | data/lseg/raw/04_CROSS_BORDER_REFERENCE/06_CAPACITY_DIRECTION_1_CHE_SELECTED.png:Zone.Identifier | data/lseg/raw/04_CROSS_BORDER_REFERENCE/07_CAPACITY_DIRECTION_2_CHE_SELECTED_A.png:Zone.Identifier | data/lseg/raw/04_CROSS_BORDER_REFERENCE/08_CAPACITY_DIRECTION_2_CHE_SELECTED_B.png:Zone.Identifier | data/lseg/raw/04_CROSS_BORDER_REFERENCE/09_CAPACITY_DIRECTION_2_CHE_SELECTED_C.png:Zone.Identifier | data/lseg/raw/04_CROSS_BORDER_REFERENCE/10_SCHEDULED_EXCHANGE_NET_IMPORT_GRAPH.png:Zone.Identifier | data/lseg/raw/04_CROSS_BORDER_REFERENCE/11_SCHEDULED_EXCHANGE_CHE_SELECTED.png:Zone.Identifier | data/lseg/raw/04_CROSS_BORDER_REFERENCE/FLOWS_GRAPH_REPORT.pdf:Zone.Identifier | data/lseg/raw/05_LSEG_REFERENCE_PDFS/DEMAND_CONSUMPTION_OVERVIEW.pdf:Zone.Identifier | data/lseg/raw/90_INTERMEDIATE/LSEG_PRICE_DEMAND/FR_15M_RAW.xls.xlsx:Zone.Identifier | data/lseg/raw/90_INTERMEDIATE/LSEG_PRICE_DEMAND/FR_DA_RAW.xlsx:Zone.Identifier | data/lseg/raw/90_INTERMEDIATE/LSEG_PRICE_DEMAND/IT_DA_RAW(1).xlsx:Zone.Identifier | data/lseg/raw/90_INTERMEDIATE/LSEG_PRICE_DEMAND/IT_DA_RAW(2).xlsx:Zone.Identifier | data/lseg/raw/90_INTERMEDIATE/LSEG_PRICE_DEMAND/IT_DA_RAW(3).xlsx:Zone.Identifier | data/lseg/raw/90_INTERMEDIATE/LSEG_PRICE_DEMAND/IT_DA_RAW.xlsx:Zone.Identifier | data/lseg/raw/90_INTERMEDIATE/LSEG_PRICE_DEMAND/IT_DEMAND_15M_ALL_ZONES_TEMPLATE.xlsx:Zone.Identifier | data/lseg/raw/90_INTERMEDIATE/LSEG_PRICE_DEMAND/IT_DEMAND_15M_NORTH.xlsx:Zone.Identifier | data/lseg/raw/90_INTERMEDIATE/LSEG_PRICE_DEMAND/Mappe1(1).xlsx:Zone.Identifier | data/lseg/raw/90_INTERMEDIATE/LSEG_PRICE_DEMAND/Mappe1(2).xlsx:Zone.Identifier | data/lseg/raw/90_INTERMEDIATE/LSEG_PRICE_DEMAND/Mappe1(3).xlsx:Zone.Identifier | data/lseg/raw/90_INTERMEDIATE/LSEG_PRICE_DEMAND/Mappe1(4).xlsx:Zone.Identifier | data/lseg/raw/90_INTERMEDIATE/LSEG_PRICE_DEMAND/Mappe1(5).xlsx:Zone.Identifier | data/lseg/raw/90_INTERMEDIATE/SCREENSHOTS/0a528483-087b-4a33-a2f3-ecdd62770a3a.png:Zone.Identifier | data/lseg/raw/90_INTERMEDIATE/SCREENSHOTS/1609bf25-22b3-4c50-817b-fa945dba6bfe.png:Zone.Identifier | data/lseg/raw/90_INTERMEDIATE/SCREENSHOTS/1d02b907-f21b-48aa-bff6-9bb501bffd31.png:Zone.Identifier | data/lseg/raw/90_INTERMEDIATE/SCREENSHOTS/2bf92681-8086-451b-ad79-2cf2aaa286bf.png:Zone.Identifier | data/lseg/raw/90_INTERMEDIATE/SCREENSHOTS/5048f972-71a5-4bbb-9ebf-495783170275.png:Zone.Identifier | data/lseg/raw/90_INTERMEDIATE/SCREENSHOTS/57688dd7-cfad-46f7-9d61-7173a480ab24.png:Zone.Identifier | data/lseg/raw/90_INTERMEDIATE/SCREENSHOTS/6a48aa3a-47d9-431b-a8d4-4b421a82f395.png:Zone.Identifier | data/lseg/raw/90_INTERMEDIATE/SCREENSHOTS/6b0bf7a6-4724-4c1c-98c7-10c623883a8b.png:Zone.Identifier | data/lseg/raw/90_INTERMEDIATE/SCREENSHOTS/7cdf8489-62e1-4566-9c92-ddde781dfc41.png:Zone.Identifier | data/lseg/raw/90_INTERMEDIATE/SCREENSHOTS/839b9904-b506-4600-a582-19546fc0d0dc.png:Zone.Identifier | data/lseg/raw/90_INTERMEDIATE/SCREENSHOTS/87b02fce-0b58-4ead-b793-267dd464b8ec.png:Zone.Identifier | data/lseg/raw/90_INTERMEDIATE/SCREENSHOTS/917dfe63-9fd2-4e78-89c4-b98dcf9f033f.png:Zone.Identifier | data/lseg/raw/90_INTERMEDIATE/SCREENSHOTS/990167dc-a3d5-4b22-acec-131b4e0f87c9.png:Zone.Identifier | data/lseg/raw/90_INTERMEDIATE/SCREENSHOTS/af6db8b3-1471-4a8e-9879-1e782574016e.png:Zone.Identifier | data/lseg/raw/90_INTERMEDIATE/SCREENSHOTS/b94c25b1-cacf-496f-802b-f74a6ec3c376.png:Zone.Identifier | data/lseg/raw/90_INTERMEDIATE/SCREENSHOTS/bc276a5b-6ae8-473b-abe3-2d17e33bcdd3.png:Zone.Identifier | data/lseg/raw/90_INTERMEDIATE/SCREENSHOTS/chart_100049390.embedded.png:Zone.Identifier | data/lseg/raw/90_INTERMEDIATE/SCREENSHOTS/chart_100127248.embedded.png:Zone.Identifier | data/lseg/raw/90_INTERMEDIATE/SCREENSHOTS/crop_che.png:Zone.Identifier | data/lseg/raw/90_INTERMEDIATE/SCREENSHOTS/de1ee218-60dc-4b11-b243-1f352c398785.png:Zone.Identifier | data/lseg/raw/99_UNCLASSIFIED_RETAINED/LSEG_DISCOVERY_RAW_NOTES.txt:Zone.Identifier | data/lseg/raw/99_UNCLASSIFIED_RETAINED/table_100016453.xls:Zone.Identifier | data/lseg/raw/CH_DA_RAW.xlsx:Zone.Identifier | data/lseg/raw/DE_DA_RAW.xlsx:Zone.Identifier | data/lseg/raw/EDF_NUCLEAR_OUTAGE_REVISIONS_PIT.csv:Zone.Identifier | data/lseg/raw/EDF_NUCLEAR_PIT_DAILY_2021_2026.csv:Zone.Identifier | data/lseg/raw/FR_15M_RAW.xlsx:Zone.Identifier | data/lseg/raw/FR_DA_RAW_COMBINED.xlsx:Zone.Identifier | data/lseg/raw/Historique des indispo des moyens de production - depuis 2015 - 07092026-full.csv:Zone.Identifier | data/lseg/raw/IT_DA_RAW (1).xlsx:Zone.Identifier | data/lseg/raw/IT_DA_RAW.xlsx:Zone.Identifier | data/lseg/raw/IT_DEMAND_15M_ALL_ZONES_TEMPLATE.xlsx:Zone.Identifier | data/lseg/raw/IT_DEMAND_15M_NORTH.xlsx:Zone.Identifier | data/lseg/raw/IT_DEMAND_HOURLY.xlsx:Zone.Identifier | data/lseg/raw/publications-transparence-et-remit-liste-des-messages-edf-sa.csv:Zone.Identifier,Windows download-origin sidecar; excluded from data analysis.
data/lseg/raw/90_INTERMEDIATE/SCREENSHOTS/af6db8b3-1471-4a8e-9879-1e782574016e.png,af6db8b3-1471-4a8e-9879-1e782574016e.png,png,reference_image_or_report,LSEG reference report,LSEG reference report,Europe/unknown,Not applicable/non-tabular or not safely extractable,Not applicable or not declared,Not safely extractable,Not determined from file metadata,Not determined,Not determinable,Not safely extractable,Not safely extractable,Not safely extractable,176198,Not applicable/non-tabular,UNKNOWN,REFERENCE_ONLY,,,Non-tabular artifact; no reliable row-level schema inferred.
data/lseg/raw/90_INTERMEDIATE/SCREENSHOTS/af6db8b3-1471-4a8e-9879-1e782574016e.png:Zone.Identifier,af6db8b3-1471-4a8e-9879-1e782574016e.png:Zone.Identifier,identifier,metadata_sidecar,ancillary file metadata,Zone.Identifier,UNKNOWN,Not applicable/non-tabular or not safely extractable,Not applicable or not declared,Not safely extractable,Not determined from file metadata,Not determined,Not determinable,Not safely extractable,Not safely extractable,Not safely extractable,25,Not applicable/non-tabular,UNKNOWN,None,,data/lseg/raw/00_START_HERE/ANONYMOUS_XLS_MAPPING.md:Zone.Identifier | data/lseg/raw/00_START_HERE/DATA_CATALOG.csv:Zone.Identifier | data/lseg/raw/00_START_HERE/EXTRACTION_STATUS_AND_GAPS.md:Zone.Identifier | data/lseg/raw/00_START_HERE/LICENSE_NOTES.md:Zone.Identifier | data/lseg/raw/00_START_HERE/MANIFEST_SHA256.csv:Zone.Identifier | data/lseg/raw/00_START_HERE/MISSING_CH_DE_RECOVERY.md:Zone.Identifier | data/lseg/raw/00_START_HERE/MISSING_CH_DE_RICS.csv:Zone.Identifier | data/lseg/raw/00_START_HERE/PROJECT_OBJECTIVE.txt:Zone.Identifier | data/lseg/raw/00_START_HERE/README_FIRST.md:Zone.Identifier | data/lseg/raw/00_START_HERE/RIC_FAMILIES.csv:Zone.Identifier | data/lseg/raw/01_CORE_HISTORICAL/FR_NUCLEAR_PIT/EDF_NUCLEAR_OUTAGE_REVISIONS_PIT.csv:Zone.Identifier | data/lseg/raw/01_CORE_HISTORICAL/FR_NUCLEAR_PIT/EDF_NUCLEAR_PIT_DAILY_2021_2026.csv:Zone.Identifier | data/lseg/raw/01_CORE_HISTORICAL/FR_NUCLEAR_PIT/EDF_NUCLEAR_PIT_SUMMARY.txt:Zone.Identifier | data/lseg/raw/01_CORE_HISTORICAL/LSEG_DEMAND/IT_DEMAND_15M_ALL_7_ZONES_2025_2026.xlsx:Zone.Identifier | data/lseg/raw/01_CORE_HISTORICAL/LSEG_DEMAND/IT_DEMAND_HOURLY_2021_2025.xlsx:Zone.Identifier | data/lseg/raw/01_CORE_HISTORICAL/LSEG_PRICES/FR_DAY_AHEAD_HOURLY_AND_15M.xlsx:Zone.Identifier | data/lseg/raw/01_CORE_HISTORICAL/LSEG_PRICES/IT_DAY_AHEAD_HOURLY_AND_15M.xlsx:Zone.Identifier | data/lseg/raw/02_SOURCE_RAW/FR_NUCLEAR/EDF_OUTAGE_HISTORY_RAW.csv:Zone.Identifier | data/lseg/raw/02_SOURCE_RAW/FR_NUCLEAR/EDF_TRANSPARENCY_REMIT_MESSAGES_RAW.csv:Zone.Identifier | data/lseg/raw/03_CURRENT_RECENT_LSEG/COST_CURVES/cost_curves_2026910_21432.xlsx:Zone.Identifier | data/lseg/raw/03_CURRENT_RECENT_LSEG/COST_CURVES/cost_curves_2026910_21543.xlsx:Zone.Identifier | data/lseg/raw/03_CURRENT_RECENT_LSEG/COST_CURVES/cost_curves_2026910_2164.xlsx:Zone.Identifier | data/lseg/raw/03_CURRENT_RECENT_LSEG/RESIDUAL_LOAD/CWE_RESIDUAL_LOAD_REPORT.pdf:Zone.Identifier | data/lseg/raw/03_CURRENT_RECENT_LSEG/RESIDUAL_LOAD/DE_RESIDUAL_LOAD_CURRENT_RECENT.xls:Zone.Identifier | data/lseg/raw/03_CURRENT_RECENT_LSEG/RESIDUAL_LOAD/DE_RESIDUAL_LOAD_REPORT.pdf:Zone.Identifier | data/lseg/raw/03_CURRENT_RECENT_LSEG/RESIDUAL_LOAD/FR_IT_RESIDUAL_LOAD_EXPORT_A.xls:Zone.Identifier | data/lseg/raw/03_CURRENT_RECENT_LSEG/RESIDUAL_LOAD/FR_IT_RESIDUAL_LOAD_EXPORT_B.xls:Zone.Identifier | data/lseg/raw/03_CURRENT_RECENT_LSEG/SUPPLY_WIND_SOLAR/GB_EMBEDDED_SOLAR_REPORT.pdf:Zone.Identifier | data/lseg/raw/03_CURRENT_RECENT_LSEG/SUPPLY_WIND_SOLAR/GB_EMBEDDED_WIND_REPORT.pdf:Zone.Identifier | data/lseg/raw/03_CURRENT_RECENT_LSEG/SUPPLY_WIND_SOLAR/SUPPLY_WIND_REPORT.pdf:Zone.Identifier | data/lseg/raw/03_CURRENT_RECENT_LSEG/WEATHER/CLOUD_COVER_CH.xls:Zone.Identifier | data/lseg/raw/03_CURRENT_RECENT_LSEG/WEATHER/CLOUD_COVER_REPORT.pdf:Zone.Identifier | data/lseg/raw/03_CURRENT_RECENT_LSEG/WEATHER/ECMWF_CLUSTER_REPORT.pdf:Zone.Identifier | data/lseg/raw/03_CURRENT_RECENT_LSEG/WEATHER/NAO_AO_REPORT.pdf:Zone.Identifier | data/lseg/raw/03_CURRENT_RECENT_LSEG/WEATHER/PRECIPITATION_ALP_AREA_REPORT.pdf:Zone.Identifier | data/lseg/raw/03_CURRENT_RECENT_LSEG/WEATHER/PRECIPITATION_CH_EFFECTIVE.xls:Zone.Identifier | data/lseg/raw/03_CURRENT_RECENT_LSEG/WEATHER/TEMPERATURE_DE_FR_AT_CH_TABLE.xls:Zone.Identifier | data/lseg/raw/03_CURRENT_RECENT_LSEG/WEATHER/TEMPERATURE_IT_CHART.xls:Zone.Identifier | data/lseg/raw/03_CURRENT_RECENT_LSEG/WEATHER/TEMPERATURE_REPORT.pdf:Zone.Identifier | data/lseg/raw/04_CROSS_BORDER_REFERENCE/01_PRICE_FLOW_GRAPH_CHE_VISIBLE.png:Zone.Identifier | data/lseg/raw/04_CROSS_BORDER_REFERENCE/02_DEU_SELECTED_CONNECTIONS.png:Zone.Identifier | data/lseg/raw/04_CROSS_BORDER_REFERENCE/03_NET_IMPORT_GRAPH.png:Zone.Identifier | data/lseg/raw/04_CROSS_BORDER_REFERENCE/04_NET_IMPORT_CHE_SELECTED_00.png:Zone.Identifier | data/lseg/raw/04_CROSS_BORDER_REFERENCE/05_NET_IMPORT_CHE_SELECTED_12.png:Zone.Identifier | data/lseg/raw/04_CROSS_BORDER_REFERENCE/06_CAPACITY_DIRECTION_1_CHE_SELECTED.png:Zone.Identifier | data/lseg/raw/04_CROSS_BORDER_REFERENCE/07_CAPACITY_DIRECTION_2_CHE_SELECTED_A.png:Zone.Identifier | data/lseg/raw/04_CROSS_BORDER_REFERENCE/08_CAPACITY_DIRECTION_2_CHE_SELECTED_B.png:Zone.Identifier | data/lseg/raw/04_CROSS_BORDER_REFERENCE/09_CAPACITY_DIRECTION_2_CHE_SELECTED_C.png:Zone.Identifier | data/lseg/raw/04_CROSS_BORDER_REFERENCE/10_SCHEDULED_EXCHANGE_NET_IMPORT_GRAPH.png:Zone.Identifier | data/lseg/raw/04_CROSS_BORDER_REFERENCE/11_SCHEDULED_EXCHANGE_CHE_SELECTED.png:Zone.Identifier | data/lseg/raw/04_CROSS_BORDER_REFERENCE/FLOWS_GRAPH_REPORT.pdf:Zone.Identifier | data/lseg/raw/05_LSEG_REFERENCE_PDFS/DEMAND_CONSUMPTION_OVERVIEW.pdf:Zone.Identifier | data/lseg/raw/90_INTERMEDIATE/LSEG_PRICE_DEMAND/FR_15M_RAW.xls.xlsx:Zone.Identifier | data/lseg/raw/90_INTERMEDIATE/LSEG_PRICE_DEMAND/FR_DA_RAW.xlsx:Zone.Identifier | data/lseg/raw/90_INTERMEDIATE/LSEG_PRICE_DEMAND/IT_DA_RAW(1).xlsx:Zone.Identifier | data/lseg/raw/90_INTERMEDIATE/LSEG_PRICE_DEMAND/IT_DA_RAW(2).xlsx:Zone.Identifier | data/lseg/raw/90_INTERMEDIATE/LSEG_PRICE_DEMAND/IT_DA_RAW(3).xlsx:Zone.Identifier | data/lseg/raw/90_INTERMEDIATE/LSEG_PRICE_DEMAND/IT_DA_RAW.xlsx:Zone.Identifier | data/lseg/raw/90_INTERMEDIATE/LSEG_PRICE_DEMAND/IT_DEMAND_15M_ALL_ZONES_TEMPLATE.xlsx:Zone.Identifier | data/lseg/raw/90_INTERMEDIATE/LSEG_PRICE_DEMAND/IT_DEMAND_15M_NORTH.xlsx:Zone.Identifier | data/lseg/raw/90_INTERMEDIATE/LSEG_PRICE_DEMAND/Mappe1(1).xlsx:Zone.Identifier | data/lseg/raw/90_INTERMEDIATE/LSEG_PRICE_DEMAND/Mappe1(2).xlsx:Zone.Identifier | data/lseg/raw/90_INTERMEDIATE/LSEG_PRICE_DEMAND/Mappe1(3).xlsx:Zone.Identifier | data/lseg/raw/90_INTERMEDIATE/LSEG_PRICE_DEMAND/Mappe1(4).xlsx:Zone.Identifier | data/lseg/raw/90_INTERMEDIATE/LSEG_PRICE_DEMAND/Mappe1(5).xlsx:Zone.Identifier | data/lseg/raw/90_INTERMEDIATE/SCREENSHOTS/0a528483-087b-4a33-a2f3-ecdd62770a3a.png:Zone.Identifier | data/lseg/raw/90_INTERMEDIATE/SCREENSHOTS/1609bf25-22b3-4c50-817b-fa945dba6bfe.png:Zone.Identifier | data/lseg/raw/90_INTERMEDIATE/SCREENSHOTS/1d02b907-f21b-48aa-bff6-9bb501bffd31.png:Zone.Identifier | data/lseg/raw/90_INTERMEDIATE/SCREENSHOTS/2bf92681-8086-451b-ad79-2cf2aaa286bf.png:Zone.Identifier | data/lseg/raw/90_INTERMEDIATE/SCREENSHOTS/5048f972-71a5-4bbb-9ebf-495783170275.png:Zone.Identifier | data/lseg/raw/90_INTERMEDIATE/SCREENSHOTS/57688dd7-cfad-46f7-9d61-7173a480ab24.png:Zone.Identifier | data/lseg/raw/90_INTERMEDIATE/SCREENSHOTS/6a48aa3a-47d9-431b-a8d4-4b421a82f395.png:Zone.Identifier | data/lseg/raw/90_INTERMEDIATE/SCREENSHOTS/6b0bf7a6-4724-4c1c-98c7-10c623883a8b.png:Zone.Identifier | data/lseg/raw/90_INTERMEDIATE/SCREENSHOTS/7cdf8489-62e1-4566-9c92-ddde781dfc41.png:Zone.Identifier | data/lseg/raw/90_INTERMEDIATE/SCREENSHOTS/839b9904-b506-4600-a582-19546fc0d0dc.png:Zone.Identifier | data/lseg/raw/90_INTERMEDIATE/SCREENSHOTS/87b02fce-0b58-4ead-b793-267dd464b8ec.png:Zone.Identifier | data/lseg/raw/90_INTERMEDIATE/SCREENSHOTS/917dfe63-9fd2-4e78-89c4-b98dcf9f033f.png:Zone.Identifier | data/lseg/raw/90_INTERMEDIATE/SCREENSHOTS/990167dc-a3d5-4b22-acec-131b4e0f87c9.png:Zone.Identifier | data/lseg/raw/90_INTERMEDIATE/SCREENSHOTS/af6db8b3-1471-4a8e-9879-1e782574016e.png:Zone.Identifier | data/lseg/raw/90_INTERMEDIATE/SCREENSHOTS/b94c25b1-cacf-496f-802b-f74a6ec3c376.png:Zone.Identifier | data/lseg/raw/90_INTERMEDIATE/SCREENSHOTS/bc276a5b-6ae8-473b-abe3-2d17e33bcdd3.png:Zone.Identifier | data/lseg/raw/90_INTERMEDIATE/SCREENSHOTS/chart_100049390.embedded.png:Zone.Identifier | data/lseg/raw/90_INTERMEDIATE/SCREENSHOTS/chart_100127248.embedded.png:Zone.Identifier | data/lseg/raw/90_INTERMEDIATE/SCREENSHOTS/crop_che.png:Zone.Identifier | data/lseg/raw/90_INTERMEDIATE/SCREENSHOTS/de1ee218-60dc-4b11-b243-1f352c398785.png:Zone.Identifier | data/lseg/raw/99_UNCLASSIFIED_RETAINED/LSEG_DISCOVERY_RAW_NOTES.txt:Zone.Identifier | data/lseg/raw/99_UNCLASSIFIED_RETAINED/table_100016453.xls:Zone.Identifier | data/lseg/raw/CH_DA_RAW.xlsx:Zone.Identifier | data/lseg/raw/DE_DA_RAW.xlsx:Zone.Identifier | data/lseg/raw/EDF_NUCLEAR_OUTAGE_REVISIONS_PIT.csv:Zone.Identifier | data/lseg/raw/EDF_NUCLEAR_PIT_DAILY_2021_2026.csv:Zone.Identifier | data/lseg/raw/FR_15M_RAW.xlsx:Zone.Identifier | data/lseg/raw/FR_DA_RAW_COMBINED.xlsx:Zone.Identifier | data/lseg/raw/Historique des indispo des moyens de production - depuis 2015 - 07092026-full.csv:Zone.Identifier | data/lseg/raw/IT_DA_RAW (1).xlsx:Zone.Identifier | data/lseg/raw/IT_DA_RAW.xlsx:Zone.Identifier | data/lseg/raw/IT_DEMAND_15M_ALL_ZONES_TEMPLATE.xlsx:Zone.Identifier | data/lseg/raw/IT_DEMAND_15M_NORTH.xlsx:Zone.Identifier | data/lseg/raw/IT_DEMAND_HOURLY.xlsx:Zone.Identifier | data/lseg/raw/publications-transparence-et-remit-liste-des-messages-edf-sa.csv:Zone.Identifier,Windows download-origin sidecar; excluded from data analysis.
data/lseg/raw/90_INTERMEDIATE/SCREENSHOTS/b94c25b1-cacf-496f-802b-f74a6ec3c376.png,b94c25b1-cacf-496f-802b-f74a6ec3c376.png,png,reference_image_or_report,LSEG reference report,LSEG reference report,Europe/unknown,Not applicable/non-tabular or not safely extractable,Not applicable or not declared,Not safely extractable,Not determined from file metadata,Not determined,Not determinable,Not safely extractable,Not safely extractable,Not safely extractable,238273,Not applicable/non-tabular,UNKNOWN,REFERENCE_ONLY,,,Non-tabular artifact; no reliable row-level schema inferred.
data/lseg/raw/90_INTERMEDIATE/SCREENSHOTS/b94c25b1-cacf-496f-802b-f74a6ec3c376.png:Zone.Identifier,b94c25b1-cacf-496f-802b-f74a6ec3c376.png:Zone.Identifier,identifier,metadata_sidecar,ancillary file metadata,Zone.Identifier,UNKNOWN,Not applicable/non-tabular or not safely extractable,Not applicable or not declared,Not safely extractable,Not determined from file metadata,Not determined,Not determinable,Not safely extractable,Not safely extractable,Not safely extractable,25,Not applicable/non-tabular,UNKNOWN,None,,data/lseg/raw/00_START_HERE/ANONYMOUS_XLS_MAPPING.md:Zone.Identifier | data/lseg/raw/00_START_HERE/DATA_CATALOG.csv:Zone.Identifier | data/lseg/raw/00_START_HERE/EXTRACTION_STATUS_AND_GAPS.md:Zone.Identifier | data/lseg/raw/00_START_HERE/LICENSE_NOTES.md:Zone.Identifier | data/lseg/raw/00_START_HERE/MANIFEST_SHA256.csv:Zone.Identifier | data/lseg/raw/00_START_HERE/MISSING_CH_DE_RECOVERY.md:Zone.Identifier | data/lseg/raw/00_START_HERE/MISSING_CH_DE_RICS.csv:Zone.Identifier | data/lseg/raw/00_START_HERE/PROJECT_OBJECTIVE.txt:Zone.Identifier | data/lseg/raw/00_START_HERE/README_FIRST.md:Zone.Identifier | data/lseg/raw/00_START_HERE/RIC_FAMILIES.csv:Zone.Identifier | data/lseg/raw/01_CORE_HISTORICAL/FR_NUCLEAR_PIT/EDF_NUCLEAR_OUTAGE_REVISIONS_PIT.csv:Zone.Identifier | data/lseg/raw/01_CORE_HISTORICAL/FR_NUCLEAR_PIT/EDF_NUCLEAR_PIT_DAILY_2021_2026.csv:Zone.Identifier | data/lseg/raw/01_CORE_HISTORICAL/FR_NUCLEAR_PIT/EDF_NUCLEAR_PIT_SUMMARY.txt:Zone.Identifier | data/lseg/raw/01_CORE_HISTORICAL/LSEG_DEMAND/IT_DEMAND_15M_ALL_7_ZONES_2025_2026.xlsx:Zone.Identifier | data/lseg/raw/01_CORE_HISTORICAL/LSEG_DEMAND/IT_DEMAND_HOURLY_2021_2025.xlsx:Zone.Identifier | data/lseg/raw/01_CORE_HISTORICAL/LSEG_PRICES/FR_DAY_AHEAD_HOURLY_AND_15M.xlsx:Zone.Identifier | data/lseg/raw/01_CORE_HISTORICAL/LSEG_PRICES/IT_DAY_AHEAD_HOURLY_AND_15M.xlsx:Zone.Identifier | data/lseg/raw/02_SOURCE_RAW/FR_NUCLEAR/EDF_OUTAGE_HISTORY_RAW.csv:Zone.Identifier | data/lseg/raw/02_SOURCE_RAW/FR_NUCLEAR/EDF_TRANSPARENCY_REMIT_MESSAGES_RAW.csv:Zone.Identifier | data/lseg/raw/03_CURRENT_RECENT_LSEG/COST_CURVES/cost_curves_2026910_21432.xlsx:Zone.Identifier | data/lseg/raw/03_CURRENT_RECENT_LSEG/COST_CURVES/cost_curves_2026910_21543.xlsx:Zone.Identifier | data/lseg/raw/03_CURRENT_RECENT_LSEG/COST_CURVES/cost_curves_2026910_2164.xlsx:Zone.Identifier | data/lseg/raw/03_CURRENT_RECENT_LSEG/RESIDUAL_LOAD/CWE_RESIDUAL_LOAD_REPORT.pdf:Zone.Identifier | data/lseg/raw/03_CURRENT_RECENT_LSEG/RESIDUAL_LOAD/DE_RESIDUAL_LOAD_CURRENT_RECENT.xls:Zone.Identifier | data/lseg/raw/03_CURRENT_RECENT_LSEG/RESIDUAL_LOAD/DE_RESIDUAL_LOAD_REPORT.pdf:Zone.Identifier | data/lseg/raw/03_CURRENT_RECENT_LSEG/RESIDUAL_LOAD/FR_IT_RESIDUAL_LOAD_EXPORT_A.xls:Zone.Identifier | data/lseg/raw/03_CURRENT_RECENT_LSEG/RESIDUAL_LOAD/FR_IT_RESIDUAL_LOAD_EXPORT_B.xls:Zone.Identifier | data/lseg/raw/03_CURRENT_RECENT_LSEG/SUPPLY_WIND_SOLAR/GB_EMBEDDED_SOLAR_REPORT.pdf:Zone.Identifier | data/lseg/raw/03_CURRENT_RECENT_LSEG/SUPPLY_WIND_SOLAR/GB_EMBEDDED_WIND_REPORT.pdf:Zone.Identifier | data/lseg/raw/03_CURRENT_RECENT_LSEG/SUPPLY_WIND_SOLAR/SUPPLY_WIND_REPORT.pdf:Zone.Identifier | data/lseg/raw/03_CURRENT_RECENT_LSEG/WEATHER/CLOUD_COVER_CH.xls:Zone.Identifier | data/lseg/raw/03_CURRENT_RECENT_LSEG/WEATHER/CLOUD_COVER_REPORT.pdf:Zone.Identifier | data/lseg/raw/03_CURRENT_RECENT_LSEG/WEATHER/ECMWF_CLUSTER_REPORT.pdf:Zone.Identifier | data/lseg/raw/03_CURRENT_RECENT_LSEG/WEATHER/NAO_AO_REPORT.pdf:Zone.Identifier | data/lseg/raw/03_CURRENT_RECENT_LSEG/WEATHER/PRECIPITATION_ALP_AREA_REPORT.pdf:Zone.Identifier | data/lseg/raw/03_CURRENT_RECENT_LSEG/WEATHER/PRECIPITATION_CH_EFFECTIVE.xls:Zone.Identifier | data/lseg/raw/03_CURRENT_RECENT_LSEG/WEATHER/TEMPERATURE_DE_FR_AT_CH_TABLE.xls:Zone.Identifier | data/lseg/raw/03_CURRENT_RECENT_LSEG/WEATHER/TEMPERATURE_IT_CHART.xls:Zone.Identifier | data/lseg/raw/03_CURRENT_RECENT_LSEG/WEATHER/TEMPERATURE_REPORT.pdf:Zone.Identifier | data/lseg/raw/04_CROSS_BORDER_REFERENCE/01_PRICE_FLOW_GRAPH_CHE_VISIBLE.png:Zone.Identifier | data/lseg/raw/04_CROSS_BORDER_REFERENCE/02_DEU_SELECTED_CONNECTIONS.png:Zone.Identifier | data/lseg/raw/04_CROSS_BORDER_REFERENCE/03_NET_IMPORT_GRAPH.png:Zone.Identifier | data/lseg/raw/04_CROSS_BORDER_REFERENCE/04_NET_IMPORT_CHE_SELECTED_00.png:Zone.Identifier | data/lseg/raw/04_CROSS_BORDER_REFERENCE/05_NET_IMPORT_CHE_SELECTED_12.png:Zone.Identifier | data/lseg/raw/04_CROSS_BORDER_REFERENCE/06_CAPACITY_DIRECTION_1_CHE_SELECTED.png:Zone.Identifier | data/lseg/raw/04_CROSS_BORDER_REFERENCE/07_CAPACITY_DIRECTION_2_CHE_SELECTED_A.png:Zone.Identifier | data/lseg/raw/04_CROSS_BORDER_REFERENCE/08_CAPACITY_DIRECTION_2_CHE_SELECTED_B.png:Zone.Identifier | data/lseg/raw/04_CROSS_BORDER_REFERENCE/09_CAPACITY_DIRECTION_2_CHE_SELECTED_C.png:Zone.Identifier | data/lseg/raw/04_CROSS_BORDER_REFERENCE/10_SCHEDULED_EXCHANGE_NET_IMPORT_GRAPH.png:Zone.Identifier | data/lseg/raw/04_CROSS_BORDER_REFERENCE/11_SCHEDULED_EXCHANGE_CHE_SELECTED.png:Zone.Identifier | data/lseg/raw/04_CROSS_BORDER_REFERENCE/FLOWS_GRAPH_REPORT.pdf:Zone.Identifier | data/lseg/raw/05_LSEG_REFERENCE_PDFS/DEMAND_CONSUMPTION_OVERVIEW.pdf:Zone.Identifier | data/lseg/raw/90_INTERMEDIATE/LSEG_PRICE_DEMAND/FR_15M_RAW.xls.xlsx:Zone.Identifier | data/lseg/raw/90_INTERMEDIATE/LSEG_PRICE_DEMAND/FR_DA_RAW.xlsx:Zone.Identifier | data/lseg/raw/90_INTERMEDIATE/LSEG_PRICE_DEMAND/IT_DA_RAW(1).xlsx:Zone.Identifier | data/lseg/raw/90_INTERMEDIATE/LSEG_PRICE_DEMAND/IT_DA_RAW(2).xlsx:Zone.Identifier | data/lseg/raw/90_INTERMEDIATE/LSEG_PRICE_DEMAND/IT_DA_RAW(3).xlsx:Zone.Identifier | data/lseg/raw/90_INTERMEDIATE/LSEG_PRICE_DEMAND/IT_DA_RAW.xlsx:Zone.Identifier | data/lseg/raw/90_INTERMEDIATE/LSEG_PRICE_DEMAND/IT_DEMAND_15M_ALL_ZONES_TEMPLATE.xlsx:Zone.Identifier | data/lseg/raw/90_INTERMEDIATE/LSEG_PRICE_DEMAND/IT_DEMAND_15M_NORTH.xlsx:Zone.Identifier | data/lseg/raw/90_INTERMEDIATE/LSEG_PRICE_DEMAND/Mappe1(1).xlsx:Zone.Identifier | data/lseg/raw/90_INTERMEDIATE/LSEG_PRICE_DEMAND/Mappe1(2).xlsx:Zone.Identifier | data/lseg/raw/90_INTERMEDIATE/LSEG_PRICE_DEMAND/Mappe1(3).xlsx:Zone.Identifier | data/lseg/raw/90_INTERMEDIATE/LSEG_PRICE_DEMAND/Mappe1(4).xlsx:Zone.Identifier | data/lseg/raw/90_INTERMEDIATE/LSEG_PRICE_DEMAND/Mappe1(5).xlsx:Zone.Identifier | data/lseg/raw/90_INTERMEDIATE/SCREENSHOTS/0a528483-087b-4a33-a2f3-ecdd62770a3a.png:Zone.Identifier | data/lseg/raw/90_INTERMEDIATE/SCREENSHOTS/1609bf25-22b3-4c50-817b-fa945dba6bfe.png:Zone.Identifier | data/lseg/raw/90_INTERMEDIATE/SCREENSHOTS/1d02b907-f21b-48aa-bff6-9bb501bffd31.png:Zone.Identifier | data/lseg/raw/90_INTERMEDIATE/SCREENSHOTS/2bf92681-8086-451b-ad79-2cf2aaa286bf.png:Zone.Identifier | data/lseg/raw/90_INTERMEDIATE/SCREENSHOTS/5048f972-71a5-4bbb-9ebf-495783170275.png:Zone.Identifier | data/lseg/raw/90_INTERMEDIATE/SCREENSHOTS/57688dd7-cfad-46f7-9d61-7173a480ab24.png:Zone.Identifier | data/lseg/raw/90_INTERMEDIATE/SCREENSHOTS/6a48aa3a-47d9-431b-a8d4-4b421a82f395.png:Zone.Identifier | data/lseg/raw/90_INTERMEDIATE/SCREENSHOTS/6b0bf7a6-4724-4c1c-98c7-10c623883a8b.png:Zone.Identifier | data/lseg/raw/90_INTERMEDIATE/SCREENSHOTS/7cdf8489-62e1-4566-9c92-ddde781dfc41.png:Zone.Identifier | data/lseg/raw/90_INTERMEDIATE/SCREENSHOTS/839b9904-b506-4600-a582-19546fc0d0dc.png:Zone.Identifier | data/lseg/raw/90_INTERMEDIATE/SCREENSHOTS/87b02fce-0b58-4ead-b793-267dd464b8ec.png:Zone.Identifier | data/lseg/raw/90_INTERMEDIATE/SCREENSHOTS/917dfe63-9fd2-4e78-89c4-b98dcf9f033f.png:Zone.Identifier | data/lseg/raw/90_INTERMEDIATE/SCREENSHOTS/990167dc-a3d5-4b22-acec-131b4e0f87c9.png:Zone.Identifier | data/lseg/raw/90_INTERMEDIATE/SCREENSHOTS/af6db8b3-1471-4a8e-9879-1e782574016e.png:Zone.Identifier | data/lseg/raw/90_INTERMEDIATE/SCREENSHOTS/b94c25b1-cacf-496f-802b-f74a6ec3c376.png:Zone.Identifier | data/lseg/raw/90_INTERMEDIATE/SCREENSHOTS/bc276a5b-6ae8-473b-abe3-2d17e33bcdd3.png:Zone.Identifier | data/lseg/raw/90_INTERMEDIATE/SCREENSHOTS/chart_100049390.embedded.png:Zone.Identifier | data/lseg/raw/90_INTERMEDIATE/SCREENSHOTS/chart_100127248.embedded.png:Zone.Identifier | data/lseg/raw/90_INTERMEDIATE/SCREENSHOTS/crop_che.png:Zone.Identifier | data/lseg/raw/90_INTERMEDIATE/SCREENSHOTS/de1ee218-60dc-4b11-b243-1f352c398785.png:Zone.Identifier | data/lseg/raw/99_UNCLASSIFIED_RETAINED/LSEG_DISCOVERY_RAW_NOTES.txt:Zone.Identifier | data/lseg/raw/99_UNCLASSIFIED_RETAINED/table_100016453.xls:Zone.Identifier | data/lseg/raw/CH_DA_RAW.xlsx:Zone.Identifier | data/lseg/raw/DE_DA_RAW.xlsx:Zone.Identifier | data/lseg/raw/EDF_NUCLEAR_OUTAGE_REVISIONS_PIT.csv:Zone.Identifier | data/lseg/raw/EDF_NUCLEAR_PIT_DAILY_2021_2026.csv:Zone.Identifier | data/lseg/raw/FR_15M_RAW.xlsx:Zone.Identifier | data/lseg/raw/FR_DA_RAW_COMBINED.xlsx:Zone.Identifier | data/lseg/raw/Historique des indispo des moyens de production - depuis 2015 - 07092026-full.csv:Zone.Identifier | data/lseg/raw/IT_DA_RAW (1).xlsx:Zone.Identifier | data/lseg/raw/IT_DA_RAW.xlsx:Zone.Identifier | data/lseg/raw/IT_DEMAND_15M_ALL_ZONES_TEMPLATE.xlsx:Zone.Identifier | data/lseg/raw/IT_DEMAND_15M_NORTH.xlsx:Zone.Identifier | data/lseg/raw/IT_DEMAND_HOURLY.xlsx:Zone.Identifier | data/lseg/raw/publications-transparence-et-remit-liste-des-messages-edf-sa.csv:Zone.Identifier,Windows download-origin sidecar; excluded from data analysis.
data/lseg/raw/90_INTERMEDIATE/SCREENSHOTS/bc276a5b-6ae8-473b-abe3-2d17e33bcdd3.png,bc276a5b-6ae8-473b-abe3-2d17e33bcdd3.png,png,reference_image_or_report,LSEG reference report,LSEG reference report,Europe/unknown,Not applicable/non-tabular or not safely extractable,Not applicable or not declared,Not safely extractable,Not determined from file metadata,Not determined,Not determinable,Not safely extractable,Not safely extractable,Not safely extractable,167894,Not applicable/non-tabular,UNKNOWN,REFERENCE_ONLY,,,Non-tabular artifact; no reliable row-level schema inferred.
data/lseg/raw/90_INTERMEDIATE/SCREENSHOTS/bc276a5b-6ae8-473b-abe3-2d17e33bcdd3.png:Zone.Identifier,bc276a5b-6ae8-473b-abe3-2d17e33bcdd3.png:Zone.Identifier,identifier,metadata_sidecar,ancillary file metadata,Zone.Identifier,UNKNOWN,Not applicable/non-tabular or not safely extractable,Not applicable or not declared,Not safely extractable,Not determined from file metadata,Not determined,Not determinable,Not safely extractable,Not safely extractable,Not safely extractable,25,Not applicable/non-tabular,UNKNOWN,None,,data/lseg/raw/00_START_HERE/ANONYMOUS_XLS_MAPPING.md:Zone.Identifier | data/lseg/raw/00_START_HERE/DATA_CATALOG.csv:Zone.Identifier | data/lseg/raw/00_START_HERE/EXTRACTION_STATUS_AND_GAPS.md:Zone.Identifier | data/lseg/raw/00_START_HERE/LICENSE_NOTES.md:Zone.Identifier | data/lseg/raw/00_START_HERE/MANIFEST_SHA256.csv:Zone.Identifier | data/lseg/raw/00_START_HERE/MISSING_CH_DE_RECOVERY.md:Zone.Identifier | data/lseg/raw/00_START_HERE/MISSING_CH_DE_RICS.csv:Zone.Identifier | data/lseg/raw/00_START_HERE/PROJECT_OBJECTIVE.txt:Zone.Identifier | data/lseg/raw/00_START_HERE/README_FIRST.md:Zone.Identifier | data/lseg/raw/00_START_HERE/RIC_FAMILIES.csv:Zone.Identifier | data/lseg/raw/01_CORE_HISTORICAL/FR_NUCLEAR_PIT/EDF_NUCLEAR_OUTAGE_REVISIONS_PIT.csv:Zone.Identifier | data/lseg/raw/01_CORE_HISTORICAL/FR_NUCLEAR_PIT/EDF_NUCLEAR_PIT_DAILY_2021_2026.csv:Zone.Identifier | data/lseg/raw/01_CORE_HISTORICAL/FR_NUCLEAR_PIT/EDF_NUCLEAR_PIT_SUMMARY.txt:Zone.Identifier | data/lseg/raw/01_CORE_HISTORICAL/LSEG_DEMAND/IT_DEMAND_15M_ALL_7_ZONES_2025_2026.xlsx:Zone.Identifier | data/lseg/raw/01_CORE_HISTORICAL/LSEG_DEMAND/IT_DEMAND_HOURLY_2021_2025.xlsx:Zone.Identifier | data/lseg/raw/01_CORE_HISTORICAL/LSEG_PRICES/FR_DAY_AHEAD_HOURLY_AND_15M.xlsx:Zone.Identifier | data/lseg/raw/01_CORE_HISTORICAL/LSEG_PRICES/IT_DAY_AHEAD_HOURLY_AND_15M.xlsx:Zone.Identifier | data/lseg/raw/02_SOURCE_RAW/FR_NUCLEAR/EDF_OUTAGE_HISTORY_RAW.csv:Zone.Identifier | data/lseg/raw/02_SOURCE_RAW/FR_NUCLEAR/EDF_TRANSPARENCY_REMIT_MESSAGES_RAW.csv:Zone.Identifier | data/lseg/raw/03_CURRENT_RECENT_LSEG/COST_CURVES/cost_curves_2026910_21432.xlsx:Zone.Identifier | data/lseg/raw/03_CURRENT_RECENT_LSEG/COST_CURVES/cost_curves_2026910_21543.xlsx:Zone.Identifier | data/lseg/raw/03_CURRENT_RECENT_LSEG/COST_CURVES/cost_curves_2026910_2164.xlsx:Zone.Identifier | data/lseg/raw/03_CURRENT_RECENT_LSEG/RESIDUAL_LOAD/CWE_RESIDUAL_LOAD_REPORT.pdf:Zone.Identifier | data/lseg/raw/03_CURRENT_RECENT_LSEG/RESIDUAL_LOAD/DE_RESIDUAL_LOAD_CURRENT_RECENT.xls:Zone.Identifier | data/lseg/raw/03_CURRENT_RECENT_LSEG/RESIDUAL_LOAD/DE_RESIDUAL_LOAD_REPORT.pdf:Zone.Identifier | data/lseg/raw/03_CURRENT_RECENT_LSEG/RESIDUAL_LOAD/FR_IT_RESIDUAL_LOAD_EXPORT_A.xls:Zone.Identifier | data/lseg/raw/03_CURRENT_RECENT_LSEG/RESIDUAL_LOAD/FR_IT_RESIDUAL_LOAD_EXPORT_B.xls:Zone.Identifier | data/lseg/raw/03_CURRENT_RECENT_LSEG/SUPPLY_WIND_SOLAR/GB_EMBEDDED_SOLAR_REPORT.pdf:Zone.Identifier | data/lseg/raw/03_CURRENT_RECENT_LSEG/SUPPLY_WIND_SOLAR/GB_EMBEDDED_WIND_REPORT.pdf:Zone.Identifier | data/lseg/raw/03_CURRENT_RECENT_LSEG/SUPPLY_WIND_SOLAR/SUPPLY_WIND_REPORT.pdf:Zone.Identifier | data/lseg/raw/03_CURRENT_RECENT_LSEG/WEATHER/CLOUD_COVER_CH.xls:Zone.Identifier | data/lseg/raw/03_CURRENT_RECENT_LSEG/WEATHER/CLOUD_COVER_REPORT.pdf:Zone.Identifier | data/lseg/raw/03_CURRENT_RECENT_LSEG/WEATHER/ECMWF_CLUSTER_REPORT.pdf:Zone.Identifier | data/lseg/raw/03_CURRENT_RECENT_LSEG/WEATHER/NAO_AO_REPORT.pdf:Zone.Identifier | data/lseg/raw/03_CURRENT_RECENT_LSEG/WEATHER/PRECIPITATION_ALP_AREA_REPORT.pdf:Zone.Identifier | data/lseg/raw/03_CURRENT_RECENT_LSEG/WEATHER/PRECIPITATION_CH_EFFECTIVE.xls:Zone.Identifier | data/lseg/raw/03_CURRENT_RECENT_LSEG/WEATHER/TEMPERATURE_DE_FR_AT_CH_TABLE.xls:Zone.Identifier | data/lseg/raw/03_CURRENT_RECENT_LSEG/WEATHER/TEMPERATURE_IT_CHART.xls:Zone.Identifier | data/lseg/raw/03_CURRENT_RECENT_LSEG/WEATHER/TEMPERATURE_REPORT.pdf:Zone.Identifier | data/lseg/raw/04_CROSS_BORDER_REFERENCE/01_PRICE_FLOW_GRAPH_CHE_VISIBLE.png:Zone.Identifier | data/lseg/raw/04_CROSS_BORDER_REFERENCE/02_DEU_SELECTED_CONNECTIONS.png:Zone.Identifier | data/lseg/raw/04_CROSS_BORDER_REFERENCE/03_NET_IMPORT_GRAPH.png:Zone.Identifier | data/lseg/raw/04_CROSS_BORDER_REFERENCE/04_NET_IMPORT_CHE_SELECTED_00.png:Zone.Identifier | data/lseg/raw/04_CROSS_BORDER_REFERENCE/05_NET_IMPORT_CHE_SELECTED_12.png:Zone.Identifier | data/lseg/raw/04_CROSS_BORDER_REFERENCE/06_CAPACITY_DIRECTION_1_CHE_SELECTED.png:Zone.Identifier | data/lseg/raw/04_CROSS_BORDER_REFERENCE/07_CAPACITY_DIRECTION_2_CHE_SELECTED_A.png:Zone.Identifier | data/lseg/raw/04_CROSS_BORDER_REFERENCE/08_CAPACITY_DIRECTION_2_CHE_SELECTED_B.png:Zone.Identifier | data/lseg/raw/04_CROSS_BORDER_REFERENCE/09_CAPACITY_DIRECTION_2_CHE_SELECTED_C.png:Zone.Identifier | data/lseg/raw/04_CROSS_BORDER_REFERENCE/10_SCHEDULED_EXCHANGE_NET_IMPORT_GRAPH.png:Zone.Identifier | data/lseg/raw/04_CROSS_BORDER_REFERENCE/11_SCHEDULED_EXCHANGE_CHE_SELECTED.png:Zone.Identifier | data/lseg/raw/04_CROSS_BORDER_REFERENCE/FLOWS_GRAPH_REPORT.pdf:Zone.Identifier | data/lseg/raw/05_LSEG_REFERENCE_PDFS/DEMAND_CONSUMPTION_OVERVIEW.pdf:Zone.Identifier | data/lseg/raw/90_INTERMEDIATE/LSEG_PRICE_DEMAND/FR_15M_RAW.xls.xlsx:Zone.Identifier | data/lseg/raw/90_INTERMEDIATE/LSEG_PRICE_DEMAND/FR_DA_RAW.xlsx:Zone.Identifier | data/lseg/raw/90_INTERMEDIATE/LSEG_PRICE_DEMAND/IT_DA_RAW(1).xlsx:Zone.Identifier | data/lseg/raw/90_INTERMEDIATE/LSEG_PRICE_DEMAND/IT_DA_RAW(2).xlsx:Zone.Identifier | data/lseg/raw/90_INTERMEDIATE/LSEG_PRICE_DEMAND/IT_DA_RAW(3).xlsx:Zone.Identifier | data/lseg/raw/90_INTERMEDIATE/LSEG_PRICE_DEMAND/IT_DA_RAW.xlsx:Zone.Identifier | data/lseg/raw/90_INTERMEDIATE/LSEG_PRICE_DEMAND/IT_DEMAND_15M_ALL_ZONES_TEMPLATE.xlsx:Zone.Identifier | data/lseg/raw/90_INTERMEDIATE/LSEG_PRICE_DEMAND/IT_DEMAND_15M_NORTH.xlsx:Zone.Identifier | data/lseg/raw/90_INTERMEDIATE/LSEG_PRICE_DEMAND/Mappe1(1).xlsx:Zone.Identifier | data/lseg/raw/90_INTERMEDIATE/LSEG_PRICE_DEMAND/Mappe1(2).xlsx:Zone.Identifier | data/lseg/raw/90_INTERMEDIATE/LSEG_PRICE_DEMAND/Mappe1(3).xlsx:Zone.Identifier | data/lseg/raw/90_INTERMEDIATE/LSEG_PRICE_DEMAND/Mappe1(4).xlsx:Zone.Identifier | data/lseg/raw/90_INTERMEDIATE/LSEG_PRICE_DEMAND/Mappe1(5).xlsx:Zone.Identifier | data/lseg/raw/90_INTERMEDIATE/SCREENSHOTS/0a528483-087b-4a33-a2f3-ecdd62770a3a.png:Zone.Identifier | data/lseg/raw/90_INTERMEDIATE/SCREENSHOTS/1609bf25-22b3-4c50-817b-fa945dba6bfe.png:Zone.Identifier | data/lseg/raw/90_INTERMEDIATE/SCREENSHOTS/1d02b907-f21b-48aa-bff6-9bb501bffd31.png:Zone.Identifier | data/lseg/raw/90_INTERMEDIATE/SCREENSHOTS/2bf92681-8086-451b-ad79-2cf2aaa286bf.png:Zone.Identifier | data/lseg/raw/90_INTERMEDIATE/SCREENSHOTS/5048f972-71a5-4bbb-9ebf-495783170275.png:Zone.Identifier | data/lseg/raw/90_INTERMEDIATE/SCREENSHOTS/57688dd7-cfad-46f7-9d61-7173a480ab24.png:Zone.Identifier | data/lseg/raw/90_INTERMEDIATE/SCREENSHOTS/6a48aa3a-47d9-431b-a8d4-4b421a82f395.png:Zone.Identifier | data/lseg/raw/90_INTERMEDIATE/SCREENSHOTS/6b0bf7a6-4724-4c1c-98c7-10c623883a8b.png:Zone.Identifier | data/lseg/raw/90_INTERMEDIATE/SCREENSHOTS/7cdf8489-62e1-4566-9c92-ddde781dfc41.png:Zone.Identifier | data/lseg/raw/90_INTERMEDIATE/SCREENSHOTS/839b9904-b506-4600-a582-19546fc0d0dc.png:Zone.Identifier | data/lseg/raw/90_INTERMEDIATE/SCREENSHOTS/87b02fce-0b58-4ead-b793-267dd464b8ec.png:Zone.Identifier | data/lseg/raw/90_INTERMEDIATE/SCREENSHOTS/917dfe63-9fd2-4e78-89c4-b98dcf9f033f.png:Zone.Identifier | data/lseg/raw/90_INTERMEDIATE/SCREENSHOTS/990167dc-a3d5-4b22-acec-131b4e0f87c9.png:Zone.Identifier | data/lseg/raw/90_INTERMEDIATE/SCREENSHOTS/af6db8b3-1471-4a8e-9879-1e782574016e.png:Zone.Identifier | data/lseg/raw/90_INTERMEDIATE/SCREENSHOTS/b94c25b1-cacf-496f-802b-f74a6ec3c376.png:Zone.Identifier | data/lseg/raw/90_INTERMEDIATE/SCREENSHOTS/bc276a5b-6ae8-473b-abe3-2d17e33bcdd3.png:Zone.Identifier | data/lseg/raw/90_INTERMEDIATE/SCREENSHOTS/chart_100049390.embedded.png:Zone.Identifier | data/lseg/raw/90_INTERMEDIATE/SCREENSHOTS/chart_100127248.embedded.png:Zone.Identifier | data/lseg/raw/90_INTERMEDIATE/SCREENSHOTS/crop_che.png:Zone.Identifier | data/lseg/raw/90_INTERMEDIATE/SCREENSHOTS/de1ee218-60dc-4b11-b243-1f352c398785.png:Zone.Identifier | data/lseg/raw/99_UNCLASSIFIED_RETAINED/LSEG_DISCOVERY_RAW_NOTES.txt:Zone.Identifier | data/lseg/raw/99_UNCLASSIFIED_RETAINED/table_100016453.xls:Zone.Identifier | data/lseg/raw/CH_DA_RAW.xlsx:Zone.Identifier | data/lseg/raw/DE_DA_RAW.xlsx:Zone.Identifier | data/lseg/raw/EDF_NUCLEAR_OUTAGE_REVISIONS_PIT.csv:Zone.Identifier | data/lseg/raw/EDF_NUCLEAR_PIT_DAILY_2021_2026.csv:Zone.Identifier | data/lseg/raw/FR_15M_RAW.xlsx:Zone.Identifier | data/lseg/raw/FR_DA_RAW_COMBINED.xlsx:Zone.Identifier | data/lseg/raw/Historique des indispo des moyens de production - depuis 2015 - 07092026-full.csv:Zone.Identifier | data/lseg/raw/IT_DA_RAW (1).xlsx:Zone.Identifier | data/lseg/raw/IT_DA_RAW.xlsx:Zone.Identifier | data/lseg/raw/IT_DEMAND_15M_ALL_ZONES_TEMPLATE.xlsx:Zone.Identifier | data/lseg/raw/IT_DEMAND_15M_NORTH.xlsx:Zone.Identifier | data/lseg/raw/IT_DEMAND_HOURLY.xlsx:Zone.Identifier | data/lseg/raw/publications-transparence-et-remit-liste-des-messages-edf-sa.csv:Zone.Identifier,Windows download-origin sidecar; excluded from data analysis.
data/lseg/raw/90_INTERMEDIATE/SCREENSHOTS/chart_100049390.embedded.png,chart_100049390.embedded.png,png,reference_image_or_report,LSEG reference report,LSEG reference report,Europe/unknown,Not applicable/non-tabular or not safely extractable,Not applicable or not declared,Not safely extractable,Not determined from file metadata,Not determined,Not determinable,Not safely extractable,Not safely extractable,Not safely extractable,5075,Not applicable/non-tabular,UNKNOWN,REFERENCE_ONLY,,data/lseg/raw/90_INTERMEDIATE/SCREENSHOTS/chart_100049390.embedded.png | data/lseg/raw/90_INTERMEDIATE/SCREENSHOTS/chart_100127248.embedded.png,Non-tabular artifact; no reliable row-level schema inferred.
data/lseg/raw/90_INTERMEDIATE/SCREENSHOTS/chart_100049390.embedded.png:Zone.Identifier,chart_100049390.embedded.png:Zone.Identifier,identifier,metadata_sidecar,ancillary file metadata,Zone.Identifier,UNKNOWN,Not applicable/non-tabular or not safely extractable,Not applicable or not declared,Not safely extractable,Not determined from file metadata,Not determined,Not determinable,Not safely extractable,Not safely extractable,Not safely extractable,25,Not applicable/non-tabular,UNKNOWN,None,,data/lseg/raw/00_START_HERE/ANONYMOUS_XLS_MAPPING.md:Zone.Identifier | data/lseg/raw/00_START_HERE/DATA_CATALOG.csv:Zone.Identifier | data/lseg/raw/00_START_HERE/EXTRACTION_STATUS_AND_GAPS.md:Zone.Identifier | data/lseg/raw/00_START_HERE/LICENSE_NOTES.md:Zone.Identifier | data/lseg/raw/00_START_HERE/MANIFEST_SHA256.csv:Zone.Identifier | data/lseg/raw/00_START_HERE/MISSING_CH_DE_RECOVERY.md:Zone.Identifier | data/lseg/raw/00_START_HERE/MISSING_CH_DE_RICS.csv:Zone.Identifier | data/lseg/raw/00_START_HERE/PROJECT_OBJECTIVE.txt:Zone.Identifier | data/lseg/raw/00_START_HERE/README_FIRST.md:Zone.Identifier | data/lseg/raw/00_START_HERE/RIC_FAMILIES.csv:Zone.Identifier | data/lseg/raw/01_CORE_HISTORICAL/FR_NUCLEAR_PIT/EDF_NUCLEAR_OUTAGE_REVISIONS_PIT.csv:Zone.Identifier | data/lseg/raw/01_CORE_HISTORICAL/FR_NUCLEAR_PIT/EDF_NUCLEAR_PIT_DAILY_2021_2026.csv:Zone.Identifier | data/lseg/raw/01_CORE_HISTORICAL/FR_NUCLEAR_PIT/EDF_NUCLEAR_PIT_SUMMARY.txt:Zone.Identifier | data/lseg/raw/01_CORE_HISTORICAL/LSEG_DEMAND/IT_DEMAND_15M_ALL_7_ZONES_2025_2026.xlsx:Zone.Identifier | data/lseg/raw/01_CORE_HISTORICAL/LSEG_DEMAND/IT_DEMAND_HOURLY_2021_2025.xlsx:Zone.Identifier | data/lseg/raw/01_CORE_HISTORICAL/LSEG_PRICES/FR_DAY_AHEAD_HOURLY_AND_15M.xlsx:Zone.Identifier | data/lseg/raw/01_CORE_HISTORICAL/LSEG_PRICES/IT_DAY_AHEAD_HOURLY_AND_15M.xlsx:Zone.Identifier | data/lseg/raw/02_SOURCE_RAW/FR_NUCLEAR/EDF_OUTAGE_HISTORY_RAW.csv:Zone.Identifier | data/lseg/raw/02_SOURCE_RAW/FR_NUCLEAR/EDF_TRANSPARENCY_REMIT_MESSAGES_RAW.csv:Zone.Identifier | data/lseg/raw/03_CURRENT_RECENT_LSEG/COST_CURVES/cost_curves_2026910_21432.xlsx:Zone.Identifier | data/lseg/raw/03_CURRENT_RECENT_LSEG/COST_CURVES/cost_curves_2026910_21543.xlsx:Zone.Identifier | data/lseg/raw/03_CURRENT_RECENT_LSEG/COST_CURVES/cost_curves_2026910_2164.xlsx:Zone.Identifier | data/lseg/raw/03_CURRENT_RECENT_LSEG/RESIDUAL_LOAD/CWE_RESIDUAL_LOAD_REPORT.pdf:Zone.Identifier | data/lseg/raw/03_CURRENT_RECENT_LSEG/RESIDUAL_LOAD/DE_RESIDUAL_LOAD_CURRENT_RECENT.xls:Zone.Identifier | data/lseg/raw/03_CURRENT_RECENT_LSEG/RESIDUAL_LOAD/DE_RESIDUAL_LOAD_REPORT.pdf:Zone.Identifier | data/lseg/raw/03_CURRENT_RECENT_LSEG/RESIDUAL_LOAD/FR_IT_RESIDUAL_LOAD_EXPORT_A.xls:Zone.Identifier | data/lseg/raw/03_CURRENT_RECENT_LSEG/RESIDUAL_LOAD/FR_IT_RESIDUAL_LOAD_EXPORT_B.xls:Zone.Identifier | data/lseg/raw/03_CURRENT_RECENT_LSEG/SUPPLY_WIND_SOLAR/GB_EMBEDDED_SOLAR_REPORT.pdf:Zone.Identifier | data/lseg/raw/03_CURRENT_RECENT_LSEG/SUPPLY_WIND_SOLAR/GB_EMBEDDED_WIND_REPORT.pdf:Zone.Identifier | data/lseg/raw/03_CURRENT_RECENT_LSEG/SUPPLY_WIND_SOLAR/SUPPLY_WIND_REPORT.pdf:Zone.Identifier | data/lseg/raw/03_CURRENT_RECENT_LSEG/WEATHER/CLOUD_COVER_CH.xls:Zone.Identifier | data/lseg/raw/03_CURRENT_RECENT_LSEG/WEATHER/CLOUD_COVER_REPORT.pdf:Zone.Identifier | data/lseg/raw/03_CURRENT_RECENT_LSEG/WEATHER/ECMWF_CLUSTER_REPORT.pdf:Zone.Identifier | data/lseg/raw/03_CURRENT_RECENT_LSEG/WEATHER/NAO_AO_REPORT.pdf:Zone.Identifier | data/lseg/raw/03_CURRENT_RECENT_LSEG/WEATHER/PRECIPITATION_ALP_AREA_REPORT.pdf:Zone.Identifier | data/lseg/raw/03_CURRENT_RECENT_LSEG/WEATHER/PRECIPITATION_CH_EFFECTIVE.xls:Zone.Identifier | data/lseg/raw/03_CURRENT_RECENT_LSEG/WEATHER/TEMPERATURE_DE_FR_AT_CH_TABLE.xls:Zone.Identifier | data/lseg/raw/03_CURRENT_RECENT_LSEG/WEATHER/TEMPERATURE_IT_CHART.xls:Zone.Identifier | data/lseg/raw/03_CURRENT_RECENT_LSEG/WEATHER/TEMPERATURE_REPORT.pdf:Zone.Identifier | data/lseg/raw/04_CROSS_BORDER_REFERENCE/01_PRICE_FLOW_GRAPH_CHE_VISIBLE.png:Zone.Identifier | data/lseg/raw/04_CROSS_BORDER_REFERENCE/02_DEU_SELECTED_CONNECTIONS.png:Zone.Identifier | data/lseg/raw/04_CROSS_BORDER_REFERENCE/03_NET_IMPORT_GRAPH.png:Zone.Identifier | data/lseg/raw/04_CROSS_BORDER_REFERENCE/04_NET_IMPORT_CHE_SELECTED_00.png:Zone.Identifier | data/lseg/raw/04_CROSS_BORDER_REFERENCE/05_NET_IMPORT_CHE_SELECTED_12.png:Zone.Identifier | data/lseg/raw/04_CROSS_BORDER_REFERENCE/06_CAPACITY_DIRECTION_1_CHE_SELECTED.png:Zone.Identifier | data/lseg/raw/04_CROSS_BORDER_REFERENCE/07_CAPACITY_DIRECTION_2_CHE_SELECTED_A.png:Zone.Identifier | data/lseg/raw/04_CROSS_BORDER_REFERENCE/08_CAPACITY_DIRECTION_2_CHE_SELECTED_B.png:Zone.Identifier | data/lseg/raw/04_CROSS_BORDER_REFERENCE/09_CAPACITY_DIRECTION_2_CHE_SELECTED_C.png:Zone.Identifier | data/lseg/raw/04_CROSS_BORDER_REFERENCE/10_SCHEDULED_EXCHANGE_NET_IMPORT_GRAPH.png:Zone.Identifier | data/lseg/raw/04_CROSS_BORDER_REFERENCE/11_SCHEDULED_EXCHANGE_CHE_SELECTED.png:Zone.Identifier | data/lseg/raw/04_CROSS_BORDER_REFERENCE/FLOWS_GRAPH_REPORT.pdf:Zone.Identifier | data/lseg/raw/05_LSEG_REFERENCE_PDFS/DEMAND_CONSUMPTION_OVERVIEW.pdf:Zone.Identifier | data/lseg/raw/90_INTERMEDIATE/LSEG_PRICE_DEMAND/FR_15M_RAW.xls.xlsx:Zone.Identifier | data/lseg/raw/90_INTERMEDIATE/LSEG_PRICE_DEMAND/FR_DA_RAW.xlsx:Zone.Identifier | data/lseg/raw/90_INTERMEDIATE/LSEG_PRICE_DEMAND/IT_DA_RAW(1).xlsx:Zone.Identifier | data/lseg/raw/90_INTERMEDIATE/LSEG_PRICE_DEMAND/IT_DA_RAW(2).xlsx:Zone.Identifier | data/lseg/raw/90_INTERMEDIATE/LSEG_PRICE_DEMAND/IT_DA_RAW(3).xlsx:Zone.Identifier | data/lseg/raw/90_INTERMEDIATE/LSEG_PRICE_DEMAND/IT_DA_RAW.xlsx:Zone.Identifier | data/lseg/raw/90_INTERMEDIATE/LSEG_PRICE_DEMAND/IT_DEMAND_15M_ALL_ZONES_TEMPLATE.xlsx:Zone.Identifier | data/lseg/raw/90_INTERMEDIATE/LSEG_PRICE_DEMAND/IT_DEMAND_15M_NORTH.xlsx:Zone.Identifier | data/lseg/raw/90_INTERMEDIATE/LSEG_PRICE_DEMAND/Mappe1(1).xlsx:Zone.Identifier | data/lseg/raw/90_INTERMEDIATE/LSEG_PRICE_DEMAND/Mappe1(2).xlsx:Zone.Identifier | data/lseg/raw/90_INTERMEDIATE/LSEG_PRICE_DEMAND/Mappe1(3).xlsx:Zone.Identifier | data/lseg/raw/90_INTERMEDIATE/LSEG_PRICE_DEMAND/Mappe1(4).xlsx:Zone.Identifier | data/lseg/raw/90_INTERMEDIATE/LSEG_PRICE_DEMAND/Mappe1(5).xlsx:Zone.Identifier | data/lseg/raw/90_INTERMEDIATE/SCREENSHOTS/0a528483-087b-4a33-a2f3-ecdd62770a3a.png:Zone.Identifier | data/lseg/raw/90_INTERMEDIATE/SCREENSHOTS/1609bf25-22b3-4c50-817b-fa945dba6bfe.png:Zone.Identifier | data/lseg/raw/90_INTERMEDIATE/SCREENSHOTS/1d02b907-f21b-48aa-bff6-9bb501bffd31.png:Zone.Identifier | data/lseg/raw/90_INTERMEDIATE/SCREENSHOTS/2bf92681-8086-451b-ad79-2cf2aaa286bf.png:Zone.Identifier | data/lseg/raw/90_INTERMEDIATE/SCREENSHOTS/5048f972-71a5-4bbb-9ebf-495783170275.png:Zone.Identifier | data/lseg/raw/90_INTERMEDIATE/SCREENSHOTS/57688dd7-cfad-46f7-9d61-7173a480ab24.png:Zone.Identifier | data/lseg/raw/90_INTERMEDIATE/SCREENSHOTS/6a48aa3a-47d9-431b-a8d4-4b421a82f395.png:Zone.Identifier | data/lseg/raw/90_INTERMEDIATE/SCREENSHOTS/6b0bf7a6-4724-4c1c-98c7-10c623883a8b.png:Zone.Identifier | data/lseg/raw/90_INTERMEDIATE/SCREENSHOTS/7cdf8489-62e1-4566-9c92-ddde781dfc41.png:Zone.Identifier | data/lseg/raw/90_INTERMEDIATE/SCREENSHOTS/839b9904-b506-4600-a582-19546fc0d0dc.png:Zone.Identifier | data/lseg/raw/90_INTERMEDIATE/SCREENSHOTS/87b02fce-0b58-4ead-b793-267dd464b8ec.png:Zone.Identifier | data/lseg/raw/90_INTERMEDIATE/SCREENSHOTS/917dfe63-9fd2-4e78-89c4-b98dcf9f033f.png:Zone.Identifier | data/lseg/raw/90_INTERMEDIATE/SCREENSHOTS/990167dc-a3d5-4b22-acec-131b4e0f87c9.png:Zone.Identifier | data/lseg/raw/90_INTERMEDIATE/SCREENSHOTS/af6db8b3-1471-4a8e-9879-1e782574016e.png:Zone.Identifier | data/lseg/raw/90_INTERMEDIATE/SCREENSHOTS/b94c25b1-cacf-496f-802b-f74a6ec3c376.png:Zone.Identifier | data/lseg/raw/90_INTERMEDIATE/SCREENSHOTS/bc276a5b-6ae8-473b-abe3-2d17e33bcdd3.png:Zone.Identifier | data/lseg/raw/90_INTERMEDIATE/SCREENSHOTS/chart_100049390.embedded.png:Zone.Identifier | data/lseg/raw/90_INTERMEDIATE/SCREENSHOTS/chart_100127248.embedded.png:Zone.Identifier | data/lseg/raw/90_INTERMEDIATE/SCREENSHOTS/crop_che.png:Zone.Identifier | data/lseg/raw/90_INTERMEDIATE/SCREENSHOTS/de1ee218-60dc-4b11-b243-1f352c398785.png:Zone.Identifier | data/lseg/raw/99_UNCLASSIFIED_RETAINED/LSEG_DISCOVERY_RAW_NOTES.txt:Zone.Identifier | data/lseg/raw/99_UNCLASSIFIED_RETAINED/table_100016453.xls:Zone.Identifier | data/lseg/raw/CH_DA_RAW.xlsx:Zone.Identifier | data/lseg/raw/DE_DA_RAW.xlsx:Zone.Identifier | data/lseg/raw/EDF_NUCLEAR_OUTAGE_REVISIONS_PIT.csv:Zone.Identifier | data/lseg/raw/EDF_NUCLEAR_PIT_DAILY_2021_2026.csv:Zone.Identifier | data/lseg/raw/FR_15M_RAW.xlsx:Zone.Identifier | data/lseg/raw/FR_DA_RAW_COMBINED.xlsx:Zone.Identifier | data/lseg/raw/Historique des indispo des moyens de production - depuis 2015 - 07092026-full.csv:Zone.Identifier | data/lseg/raw/IT_DA_RAW (1).xlsx:Zone.Identifier | data/lseg/raw/IT_DA_RAW.xlsx:Zone.Identifier | data/lseg/raw/IT_DEMAND_15M_ALL_ZONES_TEMPLATE.xlsx:Zone.Identifier | data/lseg/raw/IT_DEMAND_15M_NORTH.xlsx:Zone.Identifier | data/lseg/raw/IT_DEMAND_HOURLY.xlsx:Zone.Identifier | data/lseg/raw/publications-transparence-et-remit-liste-des-messages-edf-sa.csv:Zone.Identifier,Windows download-origin sidecar; excluded from data analysis.
data/lseg/raw/90_INTERMEDIATE/SCREENSHOTS/chart_100127248.embedded.png,chart_100127248.embedded.png,png,reference_image_or_report,LSEG reference report,LSEG reference report,Europe/unknown,Not applicable/non-tabular or not safely extractable,Not applicable or not declared,Not safely extractable,Not determined from file metadata,Not determined,Not determinable,Not safely extractable,Not safely extractable,Not safely extractable,5075,Not applicable/non-tabular,UNKNOWN,REFERENCE_ONLY,,data/lseg/raw/90_INTERMEDIATE/SCREENSHOTS/chart_100049390.embedded.png | data/lseg/raw/90_INTERMEDIATE/SCREENSHOTS/chart_100127248.embedded.png,Non-tabular artifact; no reliable row-level schema inferred.
data/lseg/raw/90_INTERMEDIATE/SCREENSHOTS/chart_100127248.embedded.png:Zone.Identifier,chart_100127248.embedded.png:Zone.Identifier,identifier,metadata_sidecar,ancillary file metadata,Zone.Identifier,UNKNOWN,Not applicable/non-tabular or not safely extractable,Not applicable or not declared,Not safely extractable,Not determined from file metadata,Not determined,Not determinable,Not safely extractable,Not safely extractable,Not safely extractable,25,Not applicable/non-tabular,UNKNOWN,None,,data/lseg/raw/00_START_HERE/ANONYMOUS_XLS_MAPPING.md:Zone.Identifier | data/lseg/raw/00_START_HERE/DATA_CATALOG.csv:Zone.Identifier | data/lseg/raw/00_START_HERE/EXTRACTION_STATUS_AND_GAPS.md:Zone.Identifier | data/lseg/raw/00_START_HERE/LICENSE_NOTES.md:Zone.Identifier | data/lseg/raw/00_START_HERE/MANIFEST_SHA256.csv:Zone.Identifier | data/lseg/raw/00_START_HERE/MISSING_CH_DE_RECOVERY.md:Zone.Identifier | data/lseg/raw/00_START_HERE/MISSING_CH_DE_RICS.csv:Zone.Identifier | data/lseg/raw/00_START_HERE/PROJECT_OBJECTIVE.txt:Zone.Identifier | data/lseg/raw/00_START_HERE/README_FIRST.md:Zone.Identifier | data/lseg/raw/00_START_HERE/RIC_FAMILIES.csv:Zone.Identifier | data/lseg/raw/01_CORE_HISTORICAL/FR_NUCLEAR_PIT/EDF_NUCLEAR_OUTAGE_REVISIONS_PIT.csv:Zone.Identifier | data/lseg/raw/01_CORE_HISTORICAL/FR_NUCLEAR_PIT/EDF_NUCLEAR_PIT_DAILY_2021_2026.csv:Zone.Identifier | data/lseg/raw/01_CORE_HISTORICAL/FR_NUCLEAR_PIT/EDF_NUCLEAR_PIT_SUMMARY.txt:Zone.Identifier | data/lseg/raw/01_CORE_HISTORICAL/LSEG_DEMAND/IT_DEMAND_15M_ALL_7_ZONES_2025_2026.xlsx:Zone.Identifier | data/lseg/raw/01_CORE_HISTORICAL/LSEG_DEMAND/IT_DEMAND_HOURLY_2021_2025.xlsx:Zone.Identifier | data/lseg/raw/01_CORE_HISTORICAL/LSEG_PRICES/FR_DAY_AHEAD_HOURLY_AND_15M.xlsx:Zone.Identifier | data/lseg/raw/01_CORE_HISTORICAL/LSEG_PRICES/IT_DAY_AHEAD_HOURLY_AND_15M.xlsx:Zone.Identifier | data/lseg/raw/02_SOURCE_RAW/FR_NUCLEAR/EDF_OUTAGE_HISTORY_RAW.csv:Zone.Identifier | data/lseg/raw/02_SOURCE_RAW/FR_NUCLEAR/EDF_TRANSPARENCY_REMIT_MESSAGES_RAW.csv:Zone.Identifier | data/lseg/raw/03_CURRENT_RECENT_LSEG/COST_CURVES/cost_curves_2026910_21432.xlsx:Zone.Identifier | data/lseg/raw/03_CURRENT_RECENT_LSEG/COST_CURVES/cost_curves_2026910_21543.xlsx:Zone.Identifier | data/lseg/raw/03_CURRENT_RECENT_LSEG/COST_CURVES/cost_curves_2026910_2164.xlsx:Zone.Identifier | data/lseg/raw/03_CURRENT_RECENT_LSEG/RESIDUAL_LOAD/CWE_RESIDUAL_LOAD_REPORT.pdf:Zone.Identifier | data/lseg/raw/03_CURRENT_RECENT_LSEG/RESIDUAL_LOAD/DE_RESIDUAL_LOAD_CURRENT_RECENT.xls:Zone.Identifier | data/lseg/raw/03_CURRENT_RECENT_LSEG/RESIDUAL_LOAD/DE_RESIDUAL_LOAD_REPORT.pdf:Zone.Identifier | data/lseg/raw/03_CURRENT_RECENT_LSEG/RESIDUAL_LOAD/FR_IT_RESIDUAL_LOAD_EXPORT_A.xls:Zone.Identifier | data/lseg/raw/03_CURRENT_RECENT_LSEG/RESIDUAL_LOAD/FR_IT_RESIDUAL_LOAD_EXPORT_B.xls:Zone.Identifier | data/lseg/raw/03_CURRENT_RECENT_LSEG/SUPPLY_WIND_SOLAR/GB_EMBEDDED_SOLAR_REPORT.pdf:Zone.Identifier | data/lseg/raw/03_CURRENT_RECENT_LSEG/SUPPLY_WIND_SOLAR/GB_EMBEDDED_WIND_REPORT.pdf:Zone.Identifier | data/lseg/raw/03_CURRENT_RECENT_LSEG/SUPPLY_WIND_SOLAR/SUPPLY_WIND_REPORT.pdf:Zone.Identifier | data/lseg/raw/03_CURRENT_RECENT_LSEG/WEATHER/CLOUD_COVER_CH.xls:Zone.Identifier | data/lseg/raw/03_CURRENT_RECENT_LSEG/WEATHER/CLOUD_COVER_REPORT.pdf:Zone.Identifier | data/lseg/raw/03_CURRENT_RECENT_LSEG/WEATHER/ECMWF_CLUSTER_REPORT.pdf:Zone.Identifier | data/lseg/raw/03_CURRENT_RECENT_LSEG/WEATHER/NAO_AO_REPORT.pdf:Zone.Identifier | data/lseg/raw/03_CURRENT_RECENT_LSEG/WEATHER/PRECIPITATION_ALP_AREA_REPORT.pdf:Zone.Identifier | data/lseg/raw/03_CURRENT_RECENT_LSEG/WEATHER/PRECIPITATION_CH_EFFECTIVE.xls:Zone.Identifier | data/lseg/raw/03_CURRENT_RECENT_LSEG/WEATHER/TEMPERATURE_DE_FR_AT_CH_TABLE.xls:Zone.Identifier | data/lseg/raw/03_CURRENT_RECENT_LSEG/WEATHER/TEMPERATURE_IT_CHART.xls:Zone.Identifier | data/lseg/raw/03_CURRENT_RECENT_LSEG/WEATHER/TEMPERATURE_REPORT.pdf:Zone.Identifier | data/lseg/raw/04_CROSS_BORDER_REFERENCE/01_PRICE_FLOW_GRAPH_CHE_VISIBLE.png:Zone.Identifier | data/lseg/raw/04_CROSS_BORDER_REFERENCE/02_DEU_SELECTED_CONNECTIONS.png:Zone.Identifier | data/lseg/raw/04_CROSS_BORDER_REFERENCE/03_NET_IMPORT_GRAPH.png:Zone.Identifier | data/lseg/raw/04_CROSS_BORDER_REFERENCE/04_NET_IMPORT_CHE_SELECTED_00.png:Zone.Identifier | data/lseg/raw/04_CROSS_BORDER_REFERENCE/05_NET_IMPORT_CHE_SELECTED_12.png:Zone.Identifier | data/lseg/raw/04_CROSS_BORDER_REFERENCE/06_CAPACITY_DIRECTION_1_CHE_SELECTED.png:Zone.Identifier | data/lseg/raw/04_CROSS_BORDER_REFERENCE/07_CAPACITY_DIRECTION_2_CHE_SELECTED_A.png:Zone.Identifier | data/lseg/raw/04_CROSS_BORDER_REFERENCE/08_CAPACITY_DIRECTION_2_CHE_SELECTED_B.png:Zone.Identifier | data/lseg/raw/04_CROSS_BORDER_REFERENCE/09_CAPACITY_DIRECTION_2_CHE_SELECTED_C.png:Zone.Identifier | data/lseg/raw/04_CROSS_BORDER_REFERENCE/10_SCHEDULED_EXCHANGE_NET_IMPORT_GRAPH.png:Zone.Identifier | data/lseg/raw/04_CROSS_BORDER_REFERENCE/11_SCHEDULED_EXCHANGE_CHE_SELECTED.png:Zone.Identifier | data/lseg/raw/04_CROSS_BORDER_REFERENCE/FLOWS_GRAPH_REPORT.pdf:Zone.Identifier | data/lseg/raw/05_LSEG_REFERENCE_PDFS/DEMAND_CONSUMPTION_OVERVIEW.pdf:Zone.Identifier | data/lseg/raw/90_INTERMEDIATE/LSEG_PRICE_DEMAND/FR_15M_RAW.xls.xlsx:Zone.Identifier | data/lseg/raw/90_INTERMEDIATE/LSEG_PRICE_DEMAND/FR_DA_RAW.xlsx:Zone.Identifier | data/lseg/raw/90_INTERMEDIATE/LSEG_PRICE_DEMAND/IT_DA_RAW(1).xlsx:Zone.Identifier | data/lseg/raw/90_INTERMEDIATE/LSEG_PRICE_DEMAND/IT_DA_RAW(2).xlsx:Zone.Identifier | data/lseg/raw/90_INTERMEDIATE/LSEG_PRICE_DEMAND/IT_DA_RAW(3).xlsx:Zone.Identifier | data/lseg/raw/90_INTERMEDIATE/LSEG_PRICE_DEMAND/IT_DA_RAW.xlsx:Zone.Identifier | data/lseg/raw/90_INTERMEDIATE/LSEG_PRICE_DEMAND/IT_DEMAND_15M_ALL_ZONES_TEMPLATE.xlsx:Zone.Identifier | data/lseg/raw/90_INTERMEDIATE/LSEG_PRICE_DEMAND/IT_DEMAND_15M_NORTH.xlsx:Zone.Identifier | data/lseg/raw/90_INTERMEDIATE/LSEG_PRICE_DEMAND/Mappe1(1).xlsx:Zone.Identifier | data/lseg/raw/90_INTERMEDIATE/LSEG_PRICE_DEMAND/Mappe1(2).xlsx:Zone.Identifier | data/lseg/raw/90_INTERMEDIATE/LSEG_PRICE_DEMAND/Mappe1(3).xlsx:Zone.Identifier | data/lseg/raw/90_INTERMEDIATE/LSEG_PRICE_DEMAND/Mappe1(4).xlsx:Zone.Identifier | data/lseg/raw/90_INTERMEDIATE/LSEG_PRICE_DEMAND/Mappe1(5).xlsx:Zone.Identifier | data/lseg/raw/90_INTERMEDIATE/SCREENSHOTS/0a528483-087b-4a33-a2f3-ecdd62770a3a.png:Zone.Identifier | data/lseg/raw/90_INTERMEDIATE/SCREENSHOTS/1609bf25-22b3-4c50-817b-fa945dba6bfe.png:Zone.Identifier | data/lseg/raw/90_INTERMEDIATE/SCREENSHOTS/1d02b907-f21b-48aa-bff6-9bb501bffd31.png:Zone.Identifier | data/lseg/raw/90_INTERMEDIATE/SCREENSHOTS/2bf92681-8086-451b-ad79-2cf2aaa286bf.png:Zone.Identifier | data/lseg/raw/90_INTERMEDIATE/SCREENSHOTS/5048f972-71a5-4bbb-9ebf-495783170275.png:Zone.Identifier | data/lseg/raw/90_INTERMEDIATE/SCREENSHOTS/57688dd7-cfad-46f7-9d61-7173a480ab24.png:Zone.Identifier | data/lseg/raw/90_INTERMEDIATE/SCREENSHOTS/6a48aa3a-47d9-431b-a8d4-4b421a82f395.png:Zone.Identifier | data/lseg/raw/90_INTERMEDIATE/SCREENSHOTS/6b0bf7a6-4724-4c1c-98c7-10c623883a8b.png:Zone.Identifier | data/lseg/raw/90_INTERMEDIATE/SCREENSHOTS/7cdf8489-62e1-4566-9c92-ddde781dfc41.png:Zone.Identifier | data/lseg/raw/90_INTERMEDIATE/SCREENSHOTS/839b9904-b506-4600-a582-19546fc0d0dc.png:Zone.Identifier | data/lseg/raw/90_INTERMEDIATE/SCREENSHOTS/87b02fce-0b58-4ead-b793-267dd464b8ec.png:Zone.Identifier | data/lseg/raw/90_INTERMEDIATE/SCREENSHOTS/917dfe63-9fd2-4e78-89c4-b98dcf9f033f.png:Zone.Identifier | data/lseg/raw/90_INTERMEDIATE/SCREENSHOTS/990167dc-a3d5-4b22-acec-131b4e0f87c9.png:Zone.Identifier | data/lseg/raw/90_INTERMEDIATE/SCREENSHOTS/af6db8b3-1471-4a8e-9879-1e782574016e.png:Zone.Identifier | data/lseg/raw/90_INTERMEDIATE/SCREENSHOTS/b94c25b1-cacf-496f-802b-f74a6ec3c376.png:Zone.Identifier | data/lseg/raw/90_INTERMEDIATE/SCREENSHOTS/bc276a5b-6ae8-473b-abe3-2d17e33bcdd3.png:Zone.Identifier | data/lseg/raw/90_INTERMEDIATE/SCREENSHOTS/chart_100049390.embedded.png:Zone.Identifier | data/lseg/raw/90_INTERMEDIATE/SCREENSHOTS/chart_100127248.embedded.png:Zone.Identifier | data/lseg/raw/90_INTERMEDIATE/SCREENSHOTS/crop_che.png:Zone.Identifier | data/lseg/raw/90_INTERMEDIATE/SCREENSHOTS/de1ee218-60dc-4b11-b243-1f352c398785.png:Zone.Identifier | data/lseg/raw/99_UNCLASSIFIED_RETAINED/LSEG_DISCOVERY_RAW_NOTES.txt:Zone.Identifier | data/lseg/raw/99_UNCLASSIFIED_RETAINED/table_100016453.xls:Zone.Identifier | data/lseg/raw/CH_DA_RAW.xlsx:Zone.Identifier | data/lseg/raw/DE_DA_RAW.xlsx:Zone.Identifier | data/lseg/raw/EDF_NUCLEAR_OUTAGE_REVISIONS_PIT.csv:Zone.Identifier | data/lseg/raw/EDF_NUCLEAR_PIT_DAILY_2021_2026.csv:Zone.Identifier | data/lseg/raw/FR_15M_RAW.xlsx:Zone.Identifier | data/lseg/raw/FR_DA_RAW_COMBINED.xlsx:Zone.Identifier | data/lseg/raw/Historique des indispo des moyens de production - depuis 2015 - 07092026-full.csv:Zone.Identifier | data/lseg/raw/IT_DA_RAW (1).xlsx:Zone.Identifier | data/lseg/raw/IT_DA_RAW.xlsx:Zone.Identifier | data/lseg/raw/IT_DEMAND_15M_ALL_ZONES_TEMPLATE.xlsx:Zone.Identifier | data/lseg/raw/IT_DEMAND_15M_NORTH.xlsx:Zone.Identifier | data/lseg/raw/IT_DEMAND_HOURLY.xlsx:Zone.Identifier | data/lseg/raw/publications-transparence-et-remit-liste-des-messages-edf-sa.csv:Zone.Identifier,Windows download-origin sidecar; excluded from data analysis.
data/lseg/raw/90_INTERMEDIATE/SCREENSHOTS/crop_che.png,crop_che.png,png,reference_image_or_report,LSEG reference report,LSEG reference report,Europe/unknown,Not applicable/non-tabular or not safely extractable,Not applicable or not declared,Not safely extractable,Not determined from file metadata,Not determined,Not determinable,Not safely extractable,Not safely extractable,Not safely extractable,54924,Not applicable/non-tabular,UNKNOWN,REFERENCE_ONLY,,,Non-tabular artifact; no reliable row-level schema inferred.
data/lseg/raw/90_INTERMEDIATE/SCREENSHOTS/crop_che.png:Zone.Identifier,crop_che.png:Zone.Identifier,identifier,metadata_sidecar,ancillary file metadata,Zone.Identifier,UNKNOWN,Not applicable/non-tabular or not safely extractable,Not applicable or not declared,Not safely extractable,Not determined from file metadata,Not determined,Not determinable,Not safely extractable,Not safely extractable,Not safely extractable,25,Not applicable/non-tabular,UNKNOWN,None,,data/lseg/raw/00_START_HERE/ANONYMOUS_XLS_MAPPING.md:Zone.Identifier | data/lseg/raw/00_START_HERE/DATA_CATALOG.csv:Zone.Identifier | data/lseg/raw/00_START_HERE/EXTRACTION_STATUS_AND_GAPS.md:Zone.Identifier | data/lseg/raw/00_START_HERE/LICENSE_NOTES.md:Zone.Identifier | data/lseg/raw/00_START_HERE/MANIFEST_SHA256.csv:Zone.Identifier | data/lseg/raw/00_START_HERE/MISSING_CH_DE_RECOVERY.md:Zone.Identifier | data/lseg/raw/00_START_HERE/MISSING_CH_DE_RICS.csv:Zone.Identifier | data/lseg/raw/00_START_HERE/PROJECT_OBJECTIVE.txt:Zone.Identifier | data/lseg/raw/00_START_HERE/README_FIRST.md:Zone.Identifier | data/lseg/raw/00_START_HERE/RIC_FAMILIES.csv:Zone.Identifier | data/lseg/raw/01_CORE_HISTORICAL/FR_NUCLEAR_PIT/EDF_NUCLEAR_OUTAGE_REVISIONS_PIT.csv:Zone.Identifier | data/lseg/raw/01_CORE_HISTORICAL/FR_NUCLEAR_PIT/EDF_NUCLEAR_PIT_DAILY_2021_2026.csv:Zone.Identifier | data/lseg/raw/01_CORE_HISTORICAL/FR_NUCLEAR_PIT/EDF_NUCLEAR_PIT_SUMMARY.txt:Zone.Identifier | data/lseg/raw/01_CORE_HISTORICAL/LSEG_DEMAND/IT_DEMAND_15M_ALL_7_ZONES_2025_2026.xlsx:Zone.Identifier | data/lseg/raw/01_CORE_HISTORICAL/LSEG_DEMAND/IT_DEMAND_HOURLY_2021_2025.xlsx:Zone.Identifier | data/lseg/raw/01_CORE_HISTORICAL/LSEG_PRICES/FR_DAY_AHEAD_HOURLY_AND_15M.xlsx:Zone.Identifier | data/lseg/raw/01_CORE_HISTORICAL/LSEG_PRICES/IT_DAY_AHEAD_HOURLY_AND_15M.xlsx:Zone.Identifier | data/lseg/raw/02_SOURCE_RAW/FR_NUCLEAR/EDF_OUTAGE_HISTORY_RAW.csv:Zone.Identifier | data/lseg/raw/02_SOURCE_RAW/FR_NUCLEAR/EDF_TRANSPARENCY_REMIT_MESSAGES_RAW.csv:Zone.Identifier | data/lseg/raw/03_CURRENT_RECENT_LSEG/COST_CURVES/cost_curves_2026910_21432.xlsx:Zone.Identifier | data/lseg/raw/03_CURRENT_RECENT_LSEG/COST_CURVES/cost_curves_2026910_21543.xlsx:Zone.Identifier | data/lseg/raw/03_CURRENT_RECENT_LSEG/COST_CURVES/cost_curves_2026910_2164.xlsx:Zone.Identifier | data/lseg/raw/03_CURRENT_RECENT_LSEG/RESIDUAL_LOAD/CWE_RESIDUAL_LOAD_REPORT.pdf:Zone.Identifier | data/lseg/raw/03_CURRENT_RECENT_LSEG/RESIDUAL_LOAD/DE_RESIDUAL_LOAD_CURRENT_RECENT.xls:Zone.Identifier | data/lseg/raw/03_CURRENT_RECENT_LSEG/RESIDUAL_LOAD/DE_RESIDUAL_LOAD_REPORT.pdf:Zone.Identifier | data/lseg/raw/03_CURRENT_RECENT_LSEG/RESIDUAL_LOAD/FR_IT_RESIDUAL_LOAD_EXPORT_A.xls:Zone.Identifier | data/lseg/raw/03_CURRENT_RECENT_LSEG/RESIDUAL_LOAD/FR_IT_RESIDUAL_LOAD_EXPORT_B.xls:Zone.Identifier | data/lseg/raw/03_CURRENT_RECENT_LSEG/SUPPLY_WIND_SOLAR/GB_EMBEDDED_SOLAR_REPORT.pdf:Zone.Identifier | data/lseg/raw/03_CURRENT_RECENT_LSEG/SUPPLY_WIND_SOLAR/GB_EMBEDDED_WIND_REPORT.pdf:Zone.Identifier | data/lseg/raw/03_CURRENT_RECENT_LSEG/SUPPLY_WIND_SOLAR/SUPPLY_WIND_REPORT.pdf:Zone.Identifier | data/lseg/raw/03_CURRENT_RECENT_LSEG/WEATHER/CLOUD_COVER_CH.xls:Zone.Identifier | data/lseg/raw/03_CURRENT_RECENT_LSEG/WEATHER/CLOUD_COVER_REPORT.pdf:Zone.Identifier | data/lseg/raw/03_CURRENT_RECENT_LSEG/WEATHER/ECMWF_CLUSTER_REPORT.pdf:Zone.Identifier | data/lseg/raw/03_CURRENT_RECENT_LSEG/WEATHER/NAO_AO_REPORT.pdf:Zone.Identifier | data/lseg/raw/03_CURRENT_RECENT_LSEG/WEATHER/PRECIPITATION_ALP_AREA_REPORT.pdf:Zone.Identifier | data/lseg/raw/03_CURRENT_RECENT_LSEG/WEATHER/PRECIPITATION_CH_EFFECTIVE.xls:Zone.Identifier | data/lseg/raw/03_CURRENT_RECENT_LSEG/WEATHER/TEMPERATURE_DE_FR_AT_CH_TABLE.xls:Zone.Identifier | data/lseg/raw/03_CURRENT_RECENT_LSEG/WEATHER/TEMPERATURE_IT_CHART.xls:Zone.Identifier | data/lseg/raw/03_CURRENT_RECENT_LSEG/WEATHER/TEMPERATURE_REPORT.pdf:Zone.Identifier | data/lseg/raw/04_CROSS_BORDER_REFERENCE/01_PRICE_FLOW_GRAPH_CHE_VISIBLE.png:Zone.Identifier | data/lseg/raw/04_CROSS_BORDER_REFERENCE/02_DEU_SELECTED_CONNECTIONS.png:Zone.Identifier | data/lseg/raw/04_CROSS_BORDER_REFERENCE/03_NET_IMPORT_GRAPH.png:Zone.Identifier | data/lseg/raw/04_CROSS_BORDER_REFERENCE/04_NET_IMPORT_CHE_SELECTED_00.png:Zone.Identifier | data/lseg/raw/04_CROSS_BORDER_REFERENCE/05_NET_IMPORT_CHE_SELECTED_12.png:Zone.Identifier | data/lseg/raw/04_CROSS_BORDER_REFERENCE/06_CAPACITY_DIRECTION_1_CHE_SELECTED.png:Zone.Identifier | data/lseg/raw/04_CROSS_BORDER_REFERENCE/07_CAPACITY_DIRECTION_2_CHE_SELECTED_A.png:Zone.Identifier | data/lseg/raw/04_CROSS_BORDER_REFERENCE/08_CAPACITY_DIRECTION_2_CHE_SELECTED_B.png:Zone.Identifier | data/lseg/raw/04_CROSS_BORDER_REFERENCE/09_CAPACITY_DIRECTION_2_CHE_SELECTED_C.png:Zone.Identifier | data/lseg/raw/04_CROSS_BORDER_REFERENCE/10_SCHEDULED_EXCHANGE_NET_IMPORT_GRAPH.png:Zone.Identifier | data/lseg/raw/04_CROSS_BORDER_REFERENCE/11_SCHEDULED_EXCHANGE_CHE_SELECTED.png:Zone.Identifier | data/lseg/raw/04_CROSS_BORDER_REFERENCE/FLOWS_GRAPH_REPORT.pdf:Zone.Identifier | data/lseg/raw/05_LSEG_REFERENCE_PDFS/DEMAND_CONSUMPTION_OVERVIEW.pdf:Zone.Identifier | data/lseg/raw/90_INTERMEDIATE/LSEG_PRICE_DEMAND/FR_15M_RAW.xls.xlsx:Zone.Identifier | data/lseg/raw/90_INTERMEDIATE/LSEG_PRICE_DEMAND/FR_DA_RAW.xlsx:Zone.Identifier | data/lseg/raw/90_INTERMEDIATE/LSEG_PRICE_DEMAND/IT_DA_RAW(1).xlsx:Zone.Identifier | data/lseg/raw/90_INTERMEDIATE/LSEG_PRICE_DEMAND/IT_DA_RAW(2).xlsx:Zone.Identifier | data/lseg/raw/90_INTERMEDIATE/LSEG_PRICE_DEMAND/IT_DA_RAW(3).xlsx:Zone.Identifier | data/lseg/raw/90_INTERMEDIATE/LSEG_PRICE_DEMAND/IT_DA_RAW.xlsx:Zone.Identifier | data/lseg/raw/90_INTERMEDIATE/LSEG_PRICE_DEMAND/IT_DEMAND_15M_ALL_ZONES_TEMPLATE.xlsx:Zone.Identifier | data/lseg/raw/90_INTERMEDIATE/LSEG_PRICE_DEMAND/IT_DEMAND_15M_NORTH.xlsx:Zone.Identifier | data/lseg/raw/90_INTERMEDIATE/LSEG_PRICE_DEMAND/Mappe1(1).xlsx:Zone.Identifier | data/lseg/raw/90_INTERMEDIATE/LSEG_PRICE_DEMAND/Mappe1(2).xlsx:Zone.Identifier | data/lseg/raw/90_INTERMEDIATE/LSEG_PRICE_DEMAND/Mappe1(3).xlsx:Zone.Identifier | data/lseg/raw/90_INTERMEDIATE/LSEG_PRICE_DEMAND/Mappe1(4).xlsx:Zone.Identifier | data/lseg/raw/90_INTERMEDIATE/LSEG_PRICE_DEMAND/Mappe1(5).xlsx:Zone.Identifier | data/lseg/raw/90_INTERMEDIATE/SCREENSHOTS/0a528483-087b-4a33-a2f3-ecdd62770a3a.png:Zone.Identifier | data/lseg/raw/90_INTERMEDIATE/SCREENSHOTS/1609bf25-22b3-4c50-817b-fa945dba6bfe.png:Zone.Identifier | data/lseg/raw/90_INTERMEDIATE/SCREENSHOTS/1d02b907-f21b-48aa-bff6-9bb501bffd31.png:Zone.Identifier | data/lseg/raw/90_INTERMEDIATE/SCREENSHOTS/2bf92681-8086-451b-ad79-2cf2aaa286bf.png:Zone.Identifier | data/lseg/raw/90_INTERMEDIATE/SCREENSHOTS/5048f972-71a5-4bbb-9ebf-495783170275.png:Zone.Identifier | data/lseg/raw/90_INTERMEDIATE/SCREENSHOTS/57688dd7-cfad-46f7-9d61-7173a480ab24.png:Zone.Identifier | data/lseg/raw/90_INTERMEDIATE/SCREENSHOTS/6a48aa3a-47d9-431b-a8d4-4b421a82f395.png:Zone.Identifier | data/lseg/raw/90_INTERMEDIATE/SCREENSHOTS/6b0bf7a6-4724-4c1c-98c7-10c623883a8b.png:Zone.Identifier | data/lseg/raw/90_INTERMEDIATE/SCREENSHOTS/7cdf8489-62e1-4566-9c92-ddde781dfc41.png:Zone.Identifier | data/lseg/raw/90_INTERMEDIATE/SCREENSHOTS/839b9904-b506-4600-a582-19546fc0d0dc.png:Zone.Identifier | data/lseg/raw/90_INTERMEDIATE/SCREENSHOTS/87b02fce-0b58-4ead-b793-267dd464b8ec.png:Zone.Identifier | data/lseg/raw/90_INTERMEDIATE/SCREENSHOTS/917dfe63-9fd2-4e78-89c4-b98dcf9f033f.png:Zone.Identifier | data/lseg/raw/90_INTERMEDIATE/SCREENSHOTS/990167dc-a3d5-4b22-acec-131b4e0f87c9.png:Zone.Identifier | data/lseg/raw/90_INTERMEDIATE/SCREENSHOTS/af6db8b3-1471-4a8e-9879-1e782574016e.png:Zone.Identifier | data/lseg/raw/90_INTERMEDIATE/SCREENSHOTS/b94c25b1-cacf-496f-802b-f74a6ec3c376.png:Zone.Identifier | data/lseg/raw/90_INTERMEDIATE/SCREENSHOTS/bc276a5b-6ae8-473b-abe3-2d17e33bcdd3.png:Zone.Identifier | data/lseg/raw/90_INTERMEDIATE/SCREENSHOTS/chart_100049390.embedded.png:Zone.Identifier | data/lseg/raw/90_INTERMEDIATE/SCREENSHOTS/chart_100127248.embedded.png:Zone.Identifier | data/lseg/raw/90_INTERMEDIATE/SCREENSHOTS/crop_che.png:Zone.Identifier | data/lseg/raw/90_INTERMEDIATE/SCREENSHOTS/de1ee218-60dc-4b11-b243-1f352c398785.png:Zone.Identifier | data/lseg/raw/99_UNCLASSIFIED_RETAINED/LSEG_DISCOVERY_RAW_NOTES.txt:Zone.Identifier | data/lseg/raw/99_UNCLASSIFIED_RETAINED/table_100016453.xls:Zone.Identifier | data/lseg/raw/CH_DA_RAW.xlsx:Zone.Identifier | data/lseg/raw/DE_DA_RAW.xlsx:Zone.Identifier | data/lseg/raw/EDF_NUCLEAR_OUTAGE_REVISIONS_PIT.csv:Zone.Identifier | data/lseg/raw/EDF_NUCLEAR_PIT_DAILY_2021_2026.csv:Zone.Identifier | data/lseg/raw/FR_15M_RAW.xlsx:Zone.Identifier | data/lseg/raw/FR_DA_RAW_COMBINED.xlsx:Zone.Identifier | data/lseg/raw/Historique des indispo des moyens de production - depuis 2015 - 07092026-full.csv:Zone.Identifier | data/lseg/raw/IT_DA_RAW (1).xlsx:Zone.Identifier | data/lseg/raw/IT_DA_RAW.xlsx:Zone.Identifier | data/lseg/raw/IT_DEMAND_15M_ALL_ZONES_TEMPLATE.xlsx:Zone.Identifier | data/lseg/raw/IT_DEMAND_15M_NORTH.xlsx:Zone.Identifier | data/lseg/raw/IT_DEMAND_HOURLY.xlsx:Zone.Identifier | data/lseg/raw/publications-transparence-et-remit-liste-des-messages-edf-sa.csv:Zone.Identifier,Windows download-origin sidecar; excluded from data analysis.
data/lseg/raw/90_INTERMEDIATE/SCREENSHOTS/de1ee218-60dc-4b11-b243-1f352c398785.png,de1ee218-60dc-4b11-b243-1f352c398785.png,png,reference_image_or_report,LSEG reference report,LSEG reference report,Europe/unknown,Not applicable/non-tabular or not safely extractable,Not applicable or not declared,Not safely extractable,Not determined from file metadata,Not determined,Not determinable,Not safely extractable,Not safely extractable,Not safely extractable,142376,Not applicable/non-tabular,UNKNOWN,REFERENCE_ONLY,,,Non-tabular artifact; no reliable row-level schema inferred.
data/lseg/raw/90_INTERMEDIATE/SCREENSHOTS/de1ee218-60dc-4b11-b243-1f352c398785.png:Zone.Identifier,de1ee218-60dc-4b11-b243-1f352c398785.png:Zone.Identifier,identifier,metadata_sidecar,ancillary file metadata,Zone.Identifier,UNKNOWN,Not applicable/non-tabular or not safely extractable,Not applicable or not declared,Not safely extractable,Not determined from file metadata,Not determined,Not determinable,Not safely extractable,Not safely extractable,Not safely extractable,25,Not applicable/non-tabular,UNKNOWN,None,,data/lseg/raw/00_START_HERE/ANONYMOUS_XLS_MAPPING.md:Zone.Identifier | data/lseg/raw/00_START_HERE/DATA_CATALOG.csv:Zone.Identifier | data/lseg/raw/00_START_HERE/EXTRACTION_STATUS_AND_GAPS.md:Zone.Identifier | data/lseg/raw/00_START_HERE/LICENSE_NOTES.md:Zone.Identifier | data/lseg/raw/00_START_HERE/MANIFEST_SHA256.csv:Zone.Identifier | data/lseg/raw/00_START_HERE/MISSING_CH_DE_RECOVERY.md:Zone.Identifier | data/lseg/raw/00_START_HERE/MISSING_CH_DE_RICS.csv:Zone.Identifier | data/lseg/raw/00_START_HERE/PROJECT_OBJECTIVE.txt:Zone.Identifier | data/lseg/raw/00_START_HERE/README_FIRST.md:Zone.Identifier | data/lseg/raw/00_START_HERE/RIC_FAMILIES.csv:Zone.Identifier | data/lseg/raw/01_CORE_HISTORICAL/FR_NUCLEAR_PIT/EDF_NUCLEAR_OUTAGE_REVISIONS_PIT.csv:Zone.Identifier | data/lseg/raw/01_CORE_HISTORICAL/FR_NUCLEAR_PIT/EDF_NUCLEAR_PIT_DAILY_2021_2026.csv:Zone.Identifier | data/lseg/raw/01_CORE_HISTORICAL/FR_NUCLEAR_PIT/EDF_NUCLEAR_PIT_SUMMARY.txt:Zone.Identifier | data/lseg/raw/01_CORE_HISTORICAL/LSEG_DEMAND/IT_DEMAND_15M_ALL_7_ZONES_2025_2026.xlsx:Zone.Identifier | data/lseg/raw/01_CORE_HISTORICAL/LSEG_DEMAND/IT_DEMAND_HOURLY_2021_2025.xlsx:Zone.Identifier | data/lseg/raw/01_CORE_HISTORICAL/LSEG_PRICES/FR_DAY_AHEAD_HOURLY_AND_15M.xlsx:Zone.Identifier | data/lseg/raw/01_CORE_HISTORICAL/LSEG_PRICES/IT_DAY_AHEAD_HOURLY_AND_15M.xlsx:Zone.Identifier | data/lseg/raw/02_SOURCE_RAW/FR_NUCLEAR/EDF_OUTAGE_HISTORY_RAW.csv:Zone.Identifier | data/lseg/raw/02_SOURCE_RAW/FR_NUCLEAR/EDF_TRANSPARENCY_REMIT_MESSAGES_RAW.csv:Zone.Identifier | data/lseg/raw/03_CURRENT_RECENT_LSEG/COST_CURVES/cost_curves_2026910_21432.xlsx:Zone.Identifier | data/lseg/raw/03_CURRENT_RECENT_LSEG/COST_CURVES/cost_curves_2026910_21543.xlsx:Zone.Identifier | data/lseg/raw/03_CURRENT_RECENT_LSEG/COST_CURVES/cost_curves_2026910_2164.xlsx:Zone.Identifier | data/lseg/raw/03_CURRENT_RECENT_LSEG/RESIDUAL_LOAD/CWE_RESIDUAL_LOAD_REPORT.pdf:Zone.Identifier | data/lseg/raw/03_CURRENT_RECENT_LSEG/RESIDUAL_LOAD/DE_RESIDUAL_LOAD_CURRENT_RECENT.xls:Zone.Identifier | data/lseg/raw/03_CURRENT_RECENT_LSEG/RESIDUAL_LOAD/DE_RESIDUAL_LOAD_REPORT.pdf:Zone.Identifier | data/lseg/raw/03_CURRENT_RECENT_LSEG/RESIDUAL_LOAD/FR_IT_RESIDUAL_LOAD_EXPORT_A.xls:Zone.Identifier | data/lseg/raw/03_CURRENT_RECENT_LSEG/RESIDUAL_LOAD/FR_IT_RESIDUAL_LOAD_EXPORT_B.xls:Zone.Identifier | data/lseg/raw/03_CURRENT_RECENT_LSEG/SUPPLY_WIND_SOLAR/GB_EMBEDDED_SOLAR_REPORT.pdf:Zone.Identifier | data/lseg/raw/03_CURRENT_RECENT_LSEG/SUPPLY_WIND_SOLAR/GB_EMBEDDED_WIND_REPORT.pdf:Zone.Identifier | data/lseg/raw/03_CURRENT_RECENT_LSEG/SUPPLY_WIND_SOLAR/SUPPLY_WIND_REPORT.pdf:Zone.Identifier | data/lseg/raw/03_CURRENT_RECENT_LSEG/WEATHER/CLOUD_COVER_CH.xls:Zone.Identifier | data/lseg/raw/03_CURRENT_RECENT_LSEG/WEATHER/CLOUD_COVER_REPORT.pdf:Zone.Identifier | data/lseg/raw/03_CURRENT_RECENT_LSEG/WEATHER/ECMWF_CLUSTER_REPORT.pdf:Zone.Identifier | data/lseg/raw/03_CURRENT_RECENT_LSEG/WEATHER/NAO_AO_REPORT.pdf:Zone.Identifier | data/lseg/raw/03_CURRENT_RECENT_LSEG/WEATHER/PRECIPITATION_ALP_AREA_REPORT.pdf:Zone.Identifier | data/lseg/raw/03_CURRENT_RECENT_LSEG/WEATHER/PRECIPITATION_CH_EFFECTIVE.xls:Zone.Identifier | data/lseg/raw/03_CURRENT_RECENT_LSEG/WEATHER/TEMPERATURE_DE_FR_AT_CH_TABLE.xls:Zone.Identifier | data/lseg/raw/03_CURRENT_RECENT_LSEG/WEATHER/TEMPERATURE_IT_CHART.xls:Zone.Identifier | data/lseg/raw/03_CURRENT_RECENT_LSEG/WEATHER/TEMPERATURE_REPORT.pdf:Zone.Identifier | data/lseg/raw/04_CROSS_BORDER_REFERENCE/01_PRICE_FLOW_GRAPH_CHE_VISIBLE.png:Zone.Identifier | data/lseg/raw/04_CROSS_BORDER_REFERENCE/02_DEU_SELECTED_CONNECTIONS.png:Zone.Identifier | data/lseg/raw/04_CROSS_BORDER_REFERENCE/03_NET_IMPORT_GRAPH.png:Zone.Identifier | data/lseg/raw/04_CROSS_BORDER_REFERENCE/04_NET_IMPORT_CHE_SELECTED_00.png:Zone.Identifier | data/lseg/raw/04_CROSS_BORDER_REFERENCE/05_NET_IMPORT_CHE_SELECTED_12.png:Zone.Identifier | data/lseg/raw/04_CROSS_BORDER_REFERENCE/06_CAPACITY_DIRECTION_1_CHE_SELECTED.png:Zone.Identifier | data/lseg/raw/04_CROSS_BORDER_REFERENCE/07_CAPACITY_DIRECTION_2_CHE_SELECTED_A.png:Zone.Identifier | data/lseg/raw/04_CROSS_BORDER_REFERENCE/08_CAPACITY_DIRECTION_2_CHE_SELECTED_B.png:Zone.Identifier | data/lseg/raw/04_CROSS_BORDER_REFERENCE/09_CAPACITY_DIRECTION_2_CHE_SELECTED_C.png:Zone.Identifier | data/lseg/raw/04_CROSS_BORDER_REFERENCE/10_SCHEDULED_EXCHANGE_NET_IMPORT_GRAPH.png:Zone.Identifier | data/lseg/raw/04_CROSS_BORDER_REFERENCE/11_SCHEDULED_EXCHANGE_CHE_SELECTED.png:Zone.Identifier | data/lseg/raw/04_CROSS_BORDER_REFERENCE/FLOWS_GRAPH_REPORT.pdf:Zone.Identifier | data/lseg/raw/05_LSEG_REFERENCE_PDFS/DEMAND_CONSUMPTION_OVERVIEW.pdf:Zone.Identifier | data/lseg/raw/90_INTERMEDIATE/LSEG_PRICE_DEMAND/FR_15M_RAW.xls.xlsx:Zone.Identifier | data/lseg/raw/90_INTERMEDIATE/LSEG_PRICE_DEMAND/FR_DA_RAW.xlsx:Zone.Identifier | data/lseg/raw/90_INTERMEDIATE/LSEG_PRICE_DEMAND/IT_DA_RAW(1).xlsx:Zone.Identifier | data/lseg/raw/90_INTERMEDIATE/LSEG_PRICE_DEMAND/IT_DA_RAW(2).xlsx:Zone.Identifier | data/lseg/raw/90_INTERMEDIATE/LSEG_PRICE_DEMAND/IT_DA_RAW(3).xlsx:Zone.Identifier | data/lseg/raw/90_INTERMEDIATE/LSEG_PRICE_DEMAND/IT_DA_RAW.xlsx:Zone.Identifier | data/lseg/raw/90_INTERMEDIATE/LSEG_PRICE_DEMAND/IT_DEMAND_15M_ALL_ZONES_TEMPLATE.xlsx:Zone.Identifier | data/lseg/raw/90_INTERMEDIATE/LSEG_PRICE_DEMAND/IT_DEMAND_15M_NORTH.xlsx:Zone.Identifier | data/lseg/raw/90_INTERMEDIATE/LSEG_PRICE_DEMAND/Mappe1(1).xlsx:Zone.Identifier | data/lseg/raw/90_INTERMEDIATE/LSEG_PRICE_DEMAND/Mappe1(2).xlsx:Zone.Identifier | data/lseg/raw/90_INTERMEDIATE/LSEG_PRICE_DEMAND/Mappe1(3).xlsx:Zone.Identifier | data/lseg/raw/90_INTERMEDIATE/LSEG_PRICE_DEMAND/Mappe1(4).xlsx:Zone.Identifier | data/lseg/raw/90_INTERMEDIATE/LSEG_PRICE_DEMAND/Mappe1(5).xlsx:Zone.Identifier | data/lseg/raw/90_INTERMEDIATE/SCREENSHOTS/0a528483-087b-4a33-a2f3-ecdd62770a3a.png:Zone.Identifier | data/lseg/raw/90_INTERMEDIATE/SCREENSHOTS/1609bf25-22b3-4c50-817b-fa945dba6bfe.png:Zone.Identifier | data/lseg/raw/90_INTERMEDIATE/SCREENSHOTS/1d02b907-f21b-48aa-bff6-9bb501bffd31.png:Zone.Identifier | data/lseg/raw/90_INTERMEDIATE/SCREENSHOTS/2bf92681-8086-451b-ad79-2cf2aaa286bf.png:Zone.Identifier | data/lseg/raw/90_INTERMEDIATE/SCREENSHOTS/5048f972-71a5-4bbb-9ebf-495783170275.png:Zone.Identifier | data/lseg/raw/90_INTERMEDIATE/SCREENSHOTS/57688dd7-cfad-46f7-9d61-7173a480ab24.png:Zone.Identifier | data/lseg/raw/90_INTERMEDIATE/SCREENSHOTS/6a48aa3a-47d9-431b-a8d4-4b421a82f395.png:Zone.Identifier | data/lseg/raw/90_INTERMEDIATE/SCREENSHOTS/6b0bf7a6-4724-4c1c-98c7-10c623883a8b.png:Zone.Identifier | data/lseg/raw/90_INTERMEDIATE/SCREENSHOTS/7cdf8489-62e1-4566-9c92-ddde781dfc41.png:Zone.Identifier | data/lseg/raw/90_INTERMEDIATE/SCREENSHOTS/839b9904-b506-4600-a582-19546fc0d0dc.png:Zone.Identifier | data/lseg/raw/90_INTERMEDIATE/SCREENSHOTS/87b02fce-0b58-4ead-b793-267dd464b8ec.png:Zone.Identifier | data/lseg/raw/90_INTERMEDIATE/SCREENSHOTS/917dfe63-9fd2-4e78-89c4-b98dcf9f033f.png:Zone.Identifier | data/lseg/raw/90_INTERMEDIATE/SCREENSHOTS/990167dc-a3d5-4b22-acec-131b4e0f87c9.png:Zone.Identifier | data/lseg/raw/90_INTERMEDIATE/SCREENSHOTS/af6db8b3-1471-4a8e-9879-1e782574016e.png:Zone.Identifier | data/lseg/raw/90_INTERMEDIATE/SCREENSHOTS/b94c25b1-cacf-496f-802b-f74a6ec3c376.png:Zone.Identifier | data/lseg/raw/90_INTERMEDIATE/SCREENSHOTS/bc276a5b-6ae8-473b-abe3-2d17e33bcdd3.png:Zone.Identifier | data/lseg/raw/90_INTERMEDIATE/SCREENSHOTS/chart_100049390.embedded.png:Zone.Identifier | data/lseg/raw/90_INTERMEDIATE/SCREENSHOTS/chart_100127248.embedded.png:Zone.Identifier | data/lseg/raw/90_INTERMEDIATE/SCREENSHOTS/crop_che.png:Zone.Identifier | data/lseg/raw/90_INTERMEDIATE/SCREENSHOTS/de1ee218-60dc-4b11-b243-1f352c398785.png:Zone.Identifier | data/lseg/raw/99_UNCLASSIFIED_RETAINED/LSEG_DISCOVERY_RAW_NOTES.txt:Zone.Identifier | data/lseg/raw/99_UNCLASSIFIED_RETAINED/table_100016453.xls:Zone.Identifier | data/lseg/raw/CH_DA_RAW.xlsx:Zone.Identifier | data/lseg/raw/DE_DA_RAW.xlsx:Zone.Identifier | data/lseg/raw/EDF_NUCLEAR_OUTAGE_REVISIONS_PIT.csv:Zone.Identifier | data/lseg/raw/EDF_NUCLEAR_PIT_DAILY_2021_2026.csv:Zone.Identifier | data/lseg/raw/FR_15M_RAW.xlsx:Zone.Identifier | data/lseg/raw/FR_DA_RAW_COMBINED.xlsx:Zone.Identifier | data/lseg/raw/Historique des indispo des moyens de production - depuis 2015 - 07092026-full.csv:Zone.Identifier | data/lseg/raw/IT_DA_RAW (1).xlsx:Zone.Identifier | data/lseg/raw/IT_DA_RAW.xlsx:Zone.Identifier | data/lseg/raw/IT_DEMAND_15M_ALL_ZONES_TEMPLATE.xlsx:Zone.Identifier | data/lseg/raw/IT_DEMAND_15M_NORTH.xlsx:Zone.Identifier | data/lseg/raw/IT_DEMAND_HOURLY.xlsx:Zone.Identifier | data/lseg/raw/publications-transparence-et-remit-liste-des-messages-edf-sa.csv:Zone.Identifier,Windows download-origin sidecar; excluded from data analysis.
data/lseg/raw/99_UNCLASSIFIED_RETAINED/LSEG_DISCOVERY_RAW_NOTES.txt,LSEG_DISCOVERY_RAW_NOTES.txt,txt,other,unclassified,unclassified,UNKNOWN,Not applicable/non-tabular or not safely extractable,Not applicable or not declared,Not safely extractable,Not determined from file metadata,Not determined,Not determinable,Not safely extractable,Not safely extractable,Not safely extractable,86033,Not applicable/non-tabular,UNKNOWN,UNKNOWN,,,No reliable semantic mapping inferred.
data/lseg/raw/99_UNCLASSIFIED_RETAINED/LSEG_DISCOVERY_RAW_NOTES.txt:Zone.Identifier,LSEG_DISCOVERY_RAW_NOTES.txt:Zone.Identifier,identifier,metadata_sidecar,ancillary file metadata,Zone.Identifier,UNKNOWN,Not applicable/non-tabular or not safely extractable,Not applicable or not declared,Not safely extractable,Not determined from file metadata,Not determined,Not determinable,Not safely extractable,Not safely extractable,Not safely extractable,25,Not applicable/non-tabular,UNKNOWN,None,,data/lseg/raw/00_START_HERE/ANONYMOUS_XLS_MAPPING.md:Zone.Identifier | data/lseg/raw/00_START_HERE/DATA_CATALOG.csv:Zone.Identifier | data/lseg/raw/00_START_HERE/EXTRACTION_STATUS_AND_GAPS.md:Zone.Identifier | data/lseg/raw/00_START_HERE/LICENSE_NOTES.md:Zone.Identifier | data/lseg/raw/00_START_HERE/MANIFEST_SHA256.csv:Zone.Identifier | data/lseg/raw/00_START_HERE/MISSING_CH_DE_RECOVERY.md:Zone.Identifier | data/lseg/raw/00_START_HERE/MISSING_CH_DE_RICS.csv:Zone.Identifier | data/lseg/raw/00_START_HERE/PROJECT_OBJECTIVE.txt:Zone.Identifier | data/lseg/raw/00_START_HERE/README_FIRST.md:Zone.Identifier | data/lseg/raw/00_START_HERE/RIC_FAMILIES.csv:Zone.Identifier | data/lseg/raw/01_CORE_HISTORICAL/FR_NUCLEAR_PIT/EDF_NUCLEAR_OUTAGE_REVISIONS_PIT.csv:Zone.Identifier | data/lseg/raw/01_CORE_HISTORICAL/FR_NUCLEAR_PIT/EDF_NUCLEAR_PIT_DAILY_2021_2026.csv:Zone.Identifier | data/lseg/raw/01_CORE_HISTORICAL/FR_NUCLEAR_PIT/EDF_NUCLEAR_PIT_SUMMARY.txt:Zone.Identifier | data/lseg/raw/01_CORE_HISTORICAL/LSEG_DEMAND/IT_DEMAND_15M_ALL_7_ZONES_2025_2026.xlsx:Zone.Identifier | data/lseg/raw/01_CORE_HISTORICAL/LSEG_DEMAND/IT_DEMAND_HOURLY_2021_2025.xlsx:Zone.Identifier | data/lseg/raw/01_CORE_HISTORICAL/LSEG_PRICES/FR_DAY_AHEAD_HOURLY_AND_15M.xlsx:Zone.Identifier | data/lseg/raw/01_CORE_HISTORICAL/LSEG_PRICES/IT_DAY_AHEAD_HOURLY_AND_15M.xlsx:Zone.Identifier | data/lseg/raw/02_SOURCE_RAW/FR_NUCLEAR/EDF_OUTAGE_HISTORY_RAW.csv:Zone.Identifier | data/lseg/raw/02_SOURCE_RAW/FR_NUCLEAR/EDF_TRANSPARENCY_REMIT_MESSAGES_RAW.csv:Zone.Identifier | data/lseg/raw/03_CURRENT_RECENT_LSEG/COST_CURVES/cost_curves_2026910_21432.xlsx:Zone.Identifier | data/lseg/raw/03_CURRENT_RECENT_LSEG/COST_CURVES/cost_curves_2026910_21543.xlsx:Zone.Identifier | data/lseg/raw/03_CURRENT_RECENT_LSEG/COST_CURVES/cost_curves_2026910_2164.xlsx:Zone.Identifier | data/lseg/raw/03_CURRENT_RECENT_LSEG/RESIDUAL_LOAD/CWE_RESIDUAL_LOAD_REPORT.pdf:Zone.Identifier | data/lseg/raw/03_CURRENT_RECENT_LSEG/RESIDUAL_LOAD/DE_RESIDUAL_LOAD_CURRENT_RECENT.xls:Zone.Identifier | data/lseg/raw/03_CURRENT_RECENT_LSEG/RESIDUAL_LOAD/DE_RESIDUAL_LOAD_REPORT.pdf:Zone.Identifier | data/lseg/raw/03_CURRENT_RECENT_LSEG/RESIDUAL_LOAD/FR_IT_RESIDUAL_LOAD_EXPORT_A.xls:Zone.Identifier | data/lseg/raw/03_CURRENT_RECENT_LSEG/RESIDUAL_LOAD/FR_IT_RESIDUAL_LOAD_EXPORT_B.xls:Zone.Identifier | data/lseg/raw/03_CURRENT_RECENT_LSEG/SUPPLY_WIND_SOLAR/GB_EMBEDDED_SOLAR_REPORT.pdf:Zone.Identifier | data/lseg/raw/03_CURRENT_RECENT_LSEG/SUPPLY_WIND_SOLAR/GB_EMBEDDED_WIND_REPORT.pdf:Zone.Identifier | data/lseg/raw/03_CURRENT_RECENT_LSEG/SUPPLY_WIND_SOLAR/SUPPLY_WIND_REPORT.pdf:Zone.Identifier | data/lseg/raw/03_CURRENT_RECENT_LSEG/WEATHER/CLOUD_COVER_CH.xls:Zone.Identifier | data/lseg/raw/03_CURRENT_RECENT_LSEG/WEATHER/CLOUD_COVER_REPORT.pdf:Zone.Identifier | data/lseg/raw/03_CURRENT_RECENT_LSEG/WEATHER/ECMWF_CLUSTER_REPORT.pdf:Zone.Identifier | data/lseg/raw/03_CURRENT_RECENT_LSEG/WEATHER/NAO_AO_REPORT.pdf:Zone.Identifier | data/lseg/raw/03_CURRENT_RECENT_LSEG/WEATHER/PRECIPITATION_ALP_AREA_REPORT.pdf:Zone.Identifier | data/lseg/raw/03_CURRENT_RECENT_LSEG/WEATHER/PRECIPITATION_CH_EFFECTIVE.xls:Zone.Identifier | data/lseg/raw/03_CURRENT_RECENT_LSEG/WEATHER/TEMPERATURE_DE_FR_AT_CH_TABLE.xls:Zone.Identifier | data/lseg/raw/03_CURRENT_RECENT_LSEG/WEATHER/TEMPERATURE_IT_CHART.xls:Zone.Identifier | data/lseg/raw/03_CURRENT_RECENT_LSEG/WEATHER/TEMPERATURE_REPORT.pdf:Zone.Identifier | data/lseg/raw/04_CROSS_BORDER_REFERENCE/01_PRICE_FLOW_GRAPH_CHE_VISIBLE.png:Zone.Identifier | data/lseg/raw/04_CROSS_BORDER_REFERENCE/02_DEU_SELECTED_CONNECTIONS.png:Zone.Identifier | data/lseg/raw/04_CROSS_BORDER_REFERENCE/03_NET_IMPORT_GRAPH.png:Zone.Identifier | data/lseg/raw/04_CROSS_BORDER_REFERENCE/04_NET_IMPORT_CHE_SELECTED_00.png:Zone.Identifier | data/lseg/raw/04_CROSS_BORDER_REFERENCE/05_NET_IMPORT_CHE_SELECTED_12.png:Zone.Identifier | data/lseg/raw/04_CROSS_BORDER_REFERENCE/06_CAPACITY_DIRECTION_1_CHE_SELECTED.png:Zone.Identifier | data/lseg/raw/04_CROSS_BORDER_REFERENCE/07_CAPACITY_DIRECTION_2_CHE_SELECTED_A.png:Zone.Identifier | data/lseg/raw/04_CROSS_BORDER_REFERENCE/08_CAPACITY_DIRECTION_2_CHE_SELECTED_B.png:Zone.Identifier | data/lseg/raw/04_CROSS_BORDER_REFERENCE/09_CAPACITY_DIRECTION_2_CHE_SELECTED_C.png:Zone.Identifier | data/lseg/raw/04_CROSS_BORDER_REFERENCE/10_SCHEDULED_EXCHANGE_NET_IMPORT_GRAPH.png:Zone.Identifier | data/lseg/raw/04_CROSS_BORDER_REFERENCE/11_SCHEDULED_EXCHANGE_CHE_SELECTED.png:Zone.Identifier | data/lseg/raw/04_CROSS_BORDER_REFERENCE/FLOWS_GRAPH_REPORT.pdf:Zone.Identifier | data/lseg/raw/05_LSEG_REFERENCE_PDFS/DEMAND_CONSUMPTION_OVERVIEW.pdf:Zone.Identifier | data/lseg/raw/90_INTERMEDIATE/LSEG_PRICE_DEMAND/FR_15M_RAW.xls.xlsx:Zone.Identifier | data/lseg/raw/90_INTERMEDIATE/LSEG_PRICE_DEMAND/FR_DA_RAW.xlsx:Zone.Identifier | data/lseg/raw/90_INTERMEDIATE/LSEG_PRICE_DEMAND/IT_DA_RAW(1).xlsx:Zone.Identifier | data/lseg/raw/90_INTERMEDIATE/LSEG_PRICE_DEMAND/IT_DA_RAW(2).xlsx:Zone.Identifier | data/lseg/raw/90_INTERMEDIATE/LSEG_PRICE_DEMAND/IT_DA_RAW(3).xlsx:Zone.Identifier | data/lseg/raw/90_INTERMEDIATE/LSEG_PRICE_DEMAND/IT_DA_RAW.xlsx:Zone.Identifier | data/lseg/raw/90_INTERMEDIATE/LSEG_PRICE_DEMAND/IT_DEMAND_15M_ALL_ZONES_TEMPLATE.xlsx:Zone.Identifier | data/lseg/raw/90_INTERMEDIATE/LSEG_PRICE_DEMAND/IT_DEMAND_15M_NORTH.xlsx:Zone.Identifier | data/lseg/raw/90_INTERMEDIATE/LSEG_PRICE_DEMAND/Mappe1(1).xlsx:Zone.Identifier | data/lseg/raw/90_INTERMEDIATE/LSEG_PRICE_DEMAND/Mappe1(2).xlsx:Zone.Identifier | data/lseg/raw/90_INTERMEDIATE/LSEG_PRICE_DEMAND/Mappe1(3).xlsx:Zone.Identifier | data/lseg/raw/90_INTERMEDIATE/LSEG_PRICE_DEMAND/Mappe1(4).xlsx:Zone.Identifier | data/lseg/raw/90_INTERMEDIATE/LSEG_PRICE_DEMAND/Mappe1(5).xlsx:Zone.Identifier | data/lseg/raw/90_INTERMEDIATE/SCREENSHOTS/0a528483-087b-4a33-a2f3-ecdd62770a3a.png:Zone.Identifier | data/lseg/raw/90_INTERMEDIATE/SCREENSHOTS/1609bf25-22b3-4c50-817b-fa945dba6bfe.png:Zone.Identifier | data/lseg/raw/90_INTERMEDIATE/SCREENSHOTS/1d02b907-f21b-48aa-bff6-9bb501bffd31.png:Zone.Identifier | data/lseg/raw/90_INTERMEDIATE/SCREENSHOTS/2bf92681-8086-451b-ad79-2cf2aaa286bf.png:Zone.Identifier | data/lseg/raw/90_INTERMEDIATE/SCREENSHOTS/5048f972-71a5-4bbb-9ebf-495783170275.png:Zone.Identifier | data/lseg/raw/90_INTERMEDIATE/SCREENSHOTS/57688dd7-cfad-46f7-9d61-7173a480ab24.png:Zone.Identifier | data/lseg/raw/90_INTERMEDIATE/SCREENSHOTS/6a48aa3a-47d9-431b-a8d4-4b421a82f395.png:Zone.Identifier | data/lseg/raw/90_INTERMEDIATE/SCREENSHOTS/6b0bf7a6-4724-4c1c-98c7-10c623883a8b.png:Zone.Identifier | data/lseg/raw/90_INTERMEDIATE/SCREENSHOTS/7cdf8489-62e1-4566-9c92-ddde781dfc41.png:Zone.Identifier | data/lseg/raw/90_INTERMEDIATE/SCREENSHOTS/839b9904-b506-4600-a582-19546fc0d0dc.png:Zone.Identifier | data/lseg/raw/90_INTERMEDIATE/SCREENSHOTS/87b02fce-0b58-4ead-b793-267dd464b8ec.png:Zone.Identifier | data/lseg/raw/90_INTERMEDIATE/SCREENSHOTS/917dfe63-9fd2-4e78-89c4-b98dcf9f033f.png:Zone.Identifier | data/lseg/raw/90_INTERMEDIATE/SCREENSHOTS/990167dc-a3d5-4b22-acec-131b4e0f87c9.png:Zone.Identifier | data/lseg/raw/90_INTERMEDIATE/SCREENSHOTS/af6db8b3-1471-4a8e-9879-1e782574016e.png:Zone.Identifier | data/lseg/raw/90_INTERMEDIATE/SCREENSHOTS/b94c25b1-cacf-496f-802b-f74a6ec3c376.png:Zone.Identifier | data/lseg/raw/90_INTERMEDIATE/SCREENSHOTS/bc276a5b-6ae8-473b-abe3-2d17e33bcdd3.png:Zone.Identifier | data/lseg/raw/90_INTERMEDIATE/SCREENSHOTS/chart_100049390.embedded.png:Zone.Identifier | data/lseg/raw/90_INTERMEDIATE/SCREENSHOTS/chart_100127248.embedded.png:Zone.Identifier | data/lseg/raw/90_INTERMEDIATE/SCREENSHOTS/crop_che.png:Zone.Identifier | data/lseg/raw/90_INTERMEDIATE/SCREENSHOTS/de1ee218-60dc-4b11-b243-1f352c398785.png:Zone.Identifier | data/lseg/raw/99_UNCLASSIFIED_RETAINED/LSEG_DISCOVERY_RAW_NOTES.txt:Zone.Identifier | data/lseg/raw/99_UNCLASSIFIED_RETAINED/table_100016453.xls:Zone.Identifier | data/lseg/raw/CH_DA_RAW.xlsx:Zone.Identifier | data/lseg/raw/DE_DA_RAW.xlsx:Zone.Identifier | data/lseg/raw/EDF_NUCLEAR_OUTAGE_REVISIONS_PIT.csv:Zone.Identifier | data/lseg/raw/EDF_NUCLEAR_PIT_DAILY_2021_2026.csv:Zone.Identifier | data/lseg/raw/FR_15M_RAW.xlsx:Zone.Identifier | data/lseg/raw/FR_DA_RAW_COMBINED.xlsx:Zone.Identifier | data/lseg/raw/Historique des indispo des moyens de production - depuis 2015 - 07092026-full.csv:Zone.Identifier | data/lseg/raw/IT_DA_RAW (1).xlsx:Zone.Identifier | data/lseg/raw/IT_DA_RAW.xlsx:Zone.Identifier | data/lseg/raw/IT_DEMAND_15M_ALL_ZONES_TEMPLATE.xlsx:Zone.Identifier | data/lseg/raw/IT_DEMAND_15M_NORTH.xlsx:Zone.Identifier | data/lseg/raw/IT_DEMAND_HOURLY.xlsx:Zone.Identifier | data/lseg/raw/publications-transparence-et-remit-liste-des-messages-edf-sa.csv:Zone.Identifier,Windows download-origin sidecar; excluded from data analysis.
data/lseg/raw/99_UNCLASSIFIED_RETAINED/table_100016453.xls,table_100016453.xls,xls,other,unclassified,unclassified,UNKNOWN,Not applicable/non-tabular or not safely extractable,Not applicable or not declared,Not safely extractable,Not determined from file metadata,Not determined,Not determinable,Not safely extractable,Not safely extractable,Not safely extractable,14336,Not applicable/non-tabular,UNKNOWN,UNKNOWN,,,No reliable semantic mapping inferred.
data/lseg/raw/99_UNCLASSIFIED_RETAINED/table_100016453.xls:Zone.Identifier,table_100016453.xls:Zone.Identifier,identifier,metadata_sidecar,ancillary file metadata,Zone.Identifier,UNKNOWN,Not applicable/non-tabular or not safely extractable,Not applicable or not declared,Not safely extractable,Not determined from file metadata,Not determined,Not determinable,Not safely extractable,Not safely extractable,Not safely extractable,25,Not applicable/non-tabular,UNKNOWN,None,,data/lseg/raw/00_START_HERE/ANONYMOUS_XLS_MAPPING.md:Zone.Identifier | data/lseg/raw/00_START_HERE/DATA_CATALOG.csv:Zone.Identifier | data/lseg/raw/00_START_HERE/EXTRACTION_STATUS_AND_GAPS.md:Zone.Identifier | data/lseg/raw/00_START_HERE/LICENSE_NOTES.md:Zone.Identifier | data/lseg/raw/00_START_HERE/MANIFEST_SHA256.csv:Zone.Identifier | data/lseg/raw/00_START_HERE/MISSING_CH_DE_RECOVERY.md:Zone.Identifier | data/lseg/raw/00_START_HERE/MISSING_CH_DE_RICS.csv:Zone.Identifier | data/lseg/raw/00_START_HERE/PROJECT_OBJECTIVE.txt:Zone.Identifier | data/lseg/raw/00_START_HERE/README_FIRST.md:Zone.Identifier | data/lseg/raw/00_START_HERE/RIC_FAMILIES.csv:Zone.Identifier | data/lseg/raw/01_CORE_HISTORICAL/FR_NUCLEAR_PIT/EDF_NUCLEAR_OUTAGE_REVISIONS_PIT.csv:Zone.Identifier | data/lseg/raw/01_CORE_HISTORICAL/FR_NUCLEAR_PIT/EDF_NUCLEAR_PIT_DAILY_2021_2026.csv:Zone.Identifier | data/lseg/raw/01_CORE_HISTORICAL/FR_NUCLEAR_PIT/EDF_NUCLEAR_PIT_SUMMARY.txt:Zone.Identifier | data/lseg/raw/01_CORE_HISTORICAL/LSEG_DEMAND/IT_DEMAND_15M_ALL_7_ZONES_2025_2026.xlsx:Zone.Identifier | data/lseg/raw/01_CORE_HISTORICAL/LSEG_DEMAND/IT_DEMAND_HOURLY_2021_2025.xlsx:Zone.Identifier | data/lseg/raw/01_CORE_HISTORICAL/LSEG_PRICES/FR_DAY_AHEAD_HOURLY_AND_15M.xlsx:Zone.Identifier | data/lseg/raw/01_CORE_HISTORICAL/LSEG_PRICES/IT_DAY_AHEAD_HOURLY_AND_15M.xlsx:Zone.Identifier | data/lseg/raw/02_SOURCE_RAW/FR_NUCLEAR/EDF_OUTAGE_HISTORY_RAW.csv:Zone.Identifier | data/lseg/raw/02_SOURCE_RAW/FR_NUCLEAR/EDF_TRANSPARENCY_REMIT_MESSAGES_RAW.csv:Zone.Identifier | data/lseg/raw/03_CURRENT_RECENT_LSEG/COST_CURVES/cost_curves_2026910_21432.xlsx:Zone.Identifier | data/lseg/raw/03_CURRENT_RECENT_LSEG/COST_CURVES/cost_curves_2026910_21543.xlsx:Zone.Identifier | data/lseg/raw/03_CURRENT_RECENT_LSEG/COST_CURVES/cost_curves_2026910_2164.xlsx:Zone.Identifier | data/lseg/raw/03_CURRENT_RECENT_LSEG/RESIDUAL_LOAD/CWE_RESIDUAL_LOAD_REPORT.pdf:Zone.Identifier | data/lseg/raw/03_CURRENT_RECENT_LSEG/RESIDUAL_LOAD/DE_RESIDUAL_LOAD_CURRENT_RECENT.xls:Zone.Identifier | data/lseg/raw/03_CURRENT_RECENT_LSEG/RESIDUAL_LOAD/DE_RESIDUAL_LOAD_REPORT.pdf:Zone.Identifier | data/lseg/raw/03_CURRENT_RECENT_LSEG/RESIDUAL_LOAD/FR_IT_RESIDUAL_LOAD_EXPORT_A.xls:Zone.Identifier | data/lseg/raw/03_CURRENT_RECENT_LSEG/RESIDUAL_LOAD/FR_IT_RESIDUAL_LOAD_EXPORT_B.xls:Zone.Identifier | data/lseg/raw/03_CURRENT_RECENT_LSEG/SUPPLY_WIND_SOLAR/GB_EMBEDDED_SOLAR_REPORT.pdf:Zone.Identifier | data/lseg/raw/03_CURRENT_RECENT_LSEG/SUPPLY_WIND_SOLAR/GB_EMBEDDED_WIND_REPORT.pdf:Zone.Identifier | data/lseg/raw/03_CURRENT_RECENT_LSEG/SUPPLY_WIND_SOLAR/SUPPLY_WIND_REPORT.pdf:Zone.Identifier | data/lseg/raw/03_CURRENT_RECENT_LSEG/WEATHER/CLOUD_COVER_CH.xls:Zone.Identifier | data/lseg/raw/03_CURRENT_RECENT_LSEG/WEATHER/CLOUD_COVER_REPORT.pdf:Zone.Identifier | data/lseg/raw/03_CURRENT_RECENT_LSEG/WEATHER/ECMWF_CLUSTER_REPORT.pdf:Zone.Identifier | data/lseg/raw/03_CURRENT_RECENT_LSEG/WEATHER/NAO_AO_REPORT.pdf:Zone.Identifier | data/lseg/raw/03_CURRENT_RECENT_LSEG/WEATHER/PRECIPITATION_ALP_AREA_REPORT.pdf:Zone.Identifier | data/lseg/raw/03_CURRENT_RECENT_LSEG/WEATHER/PRECIPITATION_CH_EFFECTIVE.xls:Zone.Identifier | data/lseg/raw/03_CURRENT_RECENT_LSEG/WEATHER/TEMPERATURE_DE_FR_AT_CH_TABLE.xls:Zone.Identifier | data/lseg/raw/03_CURRENT_RECENT_LSEG/WEATHER/TEMPERATURE_IT_CHART.xls:Zone.Identifier | data/lseg/raw/03_CURRENT_RECENT_LSEG/WEATHER/TEMPERATURE_REPORT.pdf:Zone.Identifier | data/lseg/raw/04_CROSS_BORDER_REFERENCE/01_PRICE_FLOW_GRAPH_CHE_VISIBLE.png:Zone.Identifier | data/lseg/raw/04_CROSS_BORDER_REFERENCE/02_DEU_SELECTED_CONNECTIONS.png:Zone.Identifier | data/lseg/raw/04_CROSS_BORDER_REFERENCE/03_NET_IMPORT_GRAPH.png:Zone.Identifier | data/lseg/raw/04_CROSS_BORDER_REFERENCE/04_NET_IMPORT_CHE_SELECTED_00.png:Zone.Identifier | data/lseg/raw/04_CROSS_BORDER_REFERENCE/05_NET_IMPORT_CHE_SELECTED_12.png:Zone.Identifier | data/lseg/raw/04_CROSS_BORDER_REFERENCE/06_CAPACITY_DIRECTION_1_CHE_SELECTED.png:Zone.Identifier | data/lseg/raw/04_CROSS_BORDER_REFERENCE/07_CAPACITY_DIRECTION_2_CHE_SELECTED_A.png:Zone.Identifier | data/lseg/raw/04_CROSS_BORDER_REFERENCE/08_CAPACITY_DIRECTION_2_CHE_SELECTED_B.png:Zone.Identifier | data/lseg/raw/04_CROSS_BORDER_REFERENCE/09_CAPACITY_DIRECTION_2_CHE_SELECTED_C.png:Zone.Identifier | data/lseg/raw/04_CROSS_BORDER_REFERENCE/10_SCHEDULED_EXCHANGE_NET_IMPORT_GRAPH.png:Zone.Identifier | data/lseg/raw/04_CROSS_BORDER_REFERENCE/11_SCHEDULED_EXCHANGE_CHE_SELECTED.png:Zone.Identifier | data/lseg/raw/04_CROSS_BORDER_REFERENCE/FLOWS_GRAPH_REPORT.pdf:Zone.Identifier | data/lseg/raw/05_LSEG_REFERENCE_PDFS/DEMAND_CONSUMPTION_OVERVIEW.pdf:Zone.Identifier | data/lseg/raw/90_INTERMEDIATE/LSEG_PRICE_DEMAND/FR_15M_RAW.xls.xlsx:Zone.Identifier | data/lseg/raw/90_INTERMEDIATE/LSEG_PRICE_DEMAND/FR_DA_RAW.xlsx:Zone.Identifier | data/lseg/raw/90_INTERMEDIATE/LSEG_PRICE_DEMAND/IT_DA_RAW(1).xlsx:Zone.Identifier | data/lseg/raw/90_INTERMEDIATE/LSEG_PRICE_DEMAND/IT_DA_RAW(2).xlsx:Zone.Identifier | data/lseg/raw/90_INTERMEDIATE/LSEG_PRICE_DEMAND/IT_DA_RAW(3).xlsx:Zone.Identifier | data/lseg/raw/90_INTERMEDIATE/LSEG_PRICE_DEMAND/IT_DA_RAW.xlsx:Zone.Identifier | data/lseg/raw/90_INTERMEDIATE/LSEG_PRICE_DEMAND/IT_DEMAND_15M_ALL_ZONES_TEMPLATE.xlsx:Zone.Identifier | data/lseg/raw/90_INTERMEDIATE/LSEG_PRICE_DEMAND/IT_DEMAND_15M_NORTH.xlsx:Zone.Identifier | data/lseg/raw/90_INTERMEDIATE/LSEG_PRICE_DEMAND/Mappe1(1).xlsx:Zone.Identifier | data/lseg/raw/90_INTERMEDIATE/LSEG_PRICE_DEMAND/Mappe1(2).xlsx:Zone.Identifier | data/lseg/raw/90_INTERMEDIATE/LSEG_PRICE_DEMAND/Mappe1(3).xlsx:Zone.Identifier | data/lseg/raw/90_INTERMEDIATE/LSEG_PRICE_DEMAND/Mappe1(4).xlsx:Zone.Identifier | data/lseg/raw/90_INTERMEDIATE/LSEG_PRICE_DEMAND/Mappe1(5).xlsx:Zone.Identifier | data/lseg/raw/90_INTERMEDIATE/SCREENSHOTS/0a528483-087b-4a33-a2f3-ecdd62770a3a.png:Zone.Identifier | data/lseg/raw/90_INTERMEDIATE/SCREENSHOTS/1609bf25-22b3-4c50-817b-fa945dba6bfe.png:Zone.Identifier | data/lseg/raw/90_INTERMEDIATE/SCREENSHOTS/1d02b907-f21b-48aa-bff6-9bb501bffd31.png:Zone.Identifier | data/lseg/raw/90_INTERMEDIATE/SCREENSHOTS/2bf92681-8086-451b-ad79-2cf2aaa286bf.png:Zone.Identifier | data/lseg/raw/90_INTERMEDIATE/SCREENSHOTS/5048f972-71a5-4bbb-9ebf-495783170275.png:Zone.Identifier | data/lseg/raw/90_INTERMEDIATE/SCREENSHOTS/57688dd7-cfad-46f7-9d61-7173a480ab24.png:Zone.Identifier | data/lseg/raw/90_INTERMEDIATE/SCREENSHOTS/6a48aa3a-47d9-431b-a8d4-4b421a82f395.png:Zone.Identifier | data/lseg/raw/90_INTERMEDIATE/SCREENSHOTS/6b0bf7a6-4724-4c1c-98c7-10c623883a8b.png:Zone.Identifier | data/lseg/raw/90_INTERMEDIATE/SCREENSHOTS/7cdf8489-62e1-4566-9c92-ddde781dfc41.png:Zone.Identifier | data/lseg/raw/90_INTERMEDIATE/SCREENSHOTS/839b9904-b506-4600-a582-19546fc0d0dc.png:Zone.Identifier | data/lseg/raw/90_INTERMEDIATE/SCREENSHOTS/87b02fce-0b58-4ead-b793-267dd464b8ec.png:Zone.Identifier | data/lseg/raw/90_INTERMEDIATE/SCREENSHOTS/917dfe63-9fd2-4e78-89c4-b98dcf9f033f.png:Zone.Identifier | data/lseg/raw/90_INTERMEDIATE/SCREENSHOTS/990167dc-a3d5-4b22-acec-131b4e0f87c9.png:Zone.Identifier | data/lseg/raw/90_INTERMEDIATE/SCREENSHOTS/af6db8b3-1471-4a8e-9879-1e782574016e.png:Zone.Identifier | data/lseg/raw/90_INTERMEDIATE/SCREENSHOTS/b94c25b1-cacf-496f-802b-f74a6ec3c376.png:Zone.Identifier | data/lseg/raw/90_INTERMEDIATE/SCREENSHOTS/bc276a5b-6ae8-473b-abe3-2d17e33bcdd3.png:Zone.Identifier | data/lseg/raw/90_INTERMEDIATE/SCREENSHOTS/chart_100049390.embedded.png:Zone.Identifier | data/lseg/raw/90_INTERMEDIATE/SCREENSHOTS/chart_100127248.embedded.png:Zone.Identifier | data/lseg/raw/90_INTERMEDIATE/SCREENSHOTS/crop_che.png:Zone.Identifier | data/lseg/raw/90_INTERMEDIATE/SCREENSHOTS/de1ee218-60dc-4b11-b243-1f352c398785.png:Zone.Identifier | data/lseg/raw/99_UNCLASSIFIED_RETAINED/LSEG_DISCOVERY_RAW_NOTES.txt:Zone.Identifier | data/lseg/raw/99_UNCLASSIFIED_RETAINED/table_100016453.xls:Zone.Identifier | data/lseg/raw/CH_DA_RAW.xlsx:Zone.Identifier | data/lseg/raw/DE_DA_RAW.xlsx:Zone.Identifier | data/lseg/raw/EDF_NUCLEAR_OUTAGE_REVISIONS_PIT.csv:Zone.Identifier | data/lseg/raw/EDF_NUCLEAR_PIT_DAILY_2021_2026.csv:Zone.Identifier | data/lseg/raw/FR_15M_RAW.xlsx:Zone.Identifier | data/lseg/raw/FR_DA_RAW_COMBINED.xlsx:Zone.Identifier | data/lseg/raw/Historique des indispo des moyens de production - depuis 2015 - 07092026-full.csv:Zone.Identifier | data/lseg/raw/IT_DA_RAW (1).xlsx:Zone.Identifier | data/lseg/raw/IT_DA_RAW.xlsx:Zone.Identifier | data/lseg/raw/IT_DEMAND_15M_ALL_ZONES_TEMPLATE.xlsx:Zone.Identifier | data/lseg/raw/IT_DEMAND_15M_NORTH.xlsx:Zone.Identifier | data/lseg/raw/IT_DEMAND_HOURLY.xlsx:Zone.Identifier | data/lseg/raw/publications-transparence-et-remit-liste-des-messages-edf-sa.csv:Zone.Identifier,Windows download-origin sidecar; excluded from data analysis.
data/lseg/raw/CH_DA_RAW.xlsx,CH_DA_RAW.xlsx,xlsx,dataset,prices/day-ahead,day-ahead power prices,CH,Timestamp; TRDPRC_1 (RIC-specific repeated field),EUR/MWh likely for price workbooks; MW likely for demand workbooks; units not explicitly declared,Timestamp,"('2021-01-01 00:00:00', '2026-09-08 00:00:00')",not established from filename,observed/market value series; forecast status not encoded,Not present,Timestamp is delivery/observation time; no issue time,Not present in workbook layout,555596,0/99718 blank data cells in profiled tabular sheets,PIT_RECONSTRUCTABLE,No corresponding model-ready family in Databricks inventory,,,Price units likely EUR/MWh from series context; workbook does not declare units.
data/lseg/raw/CH_DA_RAW.xlsx:Zone.Identifier,CH_DA_RAW.xlsx:Zone.Identifier,identifier,metadata_sidecar,ancillary file metadata,Zone.Identifier,UNKNOWN,Not applicable/non-tabular or not safely extractable,Not applicable or not declared,Not safely extractable,Not determined from file metadata,Not determined,Not determinable,Not safely extractable,Not safely extractable,Not safely extractable,25,Not applicable/non-tabular,UNKNOWN,None,,data/lseg/raw/00_START_HERE/ANONYMOUS_XLS_MAPPING.md:Zone.Identifier | data/lseg/raw/00_START_HERE/DATA_CATALOG.csv:Zone.Identifier | data/lseg/raw/00_START_HERE/EXTRACTION_STATUS_AND_GAPS.md:Zone.Identifier | data/lseg/raw/00_START_HERE/LICENSE_NOTES.md:Zone.Identifier | data/lseg/raw/00_START_HERE/MANIFEST_SHA256.csv:Zone.Identifier | data/lseg/raw/00_START_HERE/MISSING_CH_DE_RECOVERY.md:Zone.Identifier | data/lseg/raw/00_START_HERE/MISSING_CH_DE_RICS.csv:Zone.Identifier | data/lseg/raw/00_START_HERE/PROJECT_OBJECTIVE.txt:Zone.Identifier | data/lseg/raw/00_START_HERE/README_FIRST.md:Zone.Identifier | data/lseg/raw/00_START_HERE/RIC_FAMILIES.csv:Zone.Identifier | data/lseg/raw/01_CORE_HISTORICAL/FR_NUCLEAR_PIT/EDF_NUCLEAR_OUTAGE_REVISIONS_PIT.csv:Zone.Identifier | data/lseg/raw/01_CORE_HISTORICAL/FR_NUCLEAR_PIT/EDF_NUCLEAR_PIT_DAILY_2021_2026.csv:Zone.Identifier | data/lseg/raw/01_CORE_HISTORICAL/FR_NUCLEAR_PIT/EDF_NUCLEAR_PIT_SUMMARY.txt:Zone.Identifier | data/lseg/raw/01_CORE_HISTORICAL/LSEG_DEMAND/IT_DEMAND_15M_ALL_7_ZONES_2025_2026.xlsx:Zone.Identifier | data/lseg/raw/01_CORE_HISTORICAL/LSEG_DEMAND/IT_DEMAND_HOURLY_2021_2025.xlsx:Zone.Identifier | data/lseg/raw/01_CORE_HISTORICAL/LSEG_PRICES/FR_DAY_AHEAD_HOURLY_AND_15M.xlsx:Zone.Identifier | data/lseg/raw/01_CORE_HISTORICAL/LSEG_PRICES/IT_DAY_AHEAD_HOURLY_AND_15M.xlsx:Zone.Identifier | data/lseg/raw/02_SOURCE_RAW/FR_NUCLEAR/EDF_OUTAGE_HISTORY_RAW.csv:Zone.Identifier | data/lseg/raw/02_SOURCE_RAW/FR_NUCLEAR/EDF_TRANSPARENCY_REMIT_MESSAGES_RAW.csv:Zone.Identifier | data/lseg/raw/03_CURRENT_RECENT_LSEG/COST_CURVES/cost_curves_2026910_21432.xlsx:Zone.Identifier | data/lseg/raw/03_CURRENT_RECENT_LSEG/COST_CURVES/cost_curves_2026910_21543.xlsx:Zone.Identifier | data/lseg/raw/03_CURRENT_RECENT_LSEG/COST_CURVES/cost_curves_2026910_2164.xlsx:Zone.Identifier | data/lseg/raw/03_CURRENT_RECENT_LSEG/RESIDUAL_LOAD/CWE_RESIDUAL_LOAD_REPORT.pdf:Zone.Identifier | data/lseg/raw/03_CURRENT_RECENT_LSEG/RESIDUAL_LOAD/DE_RESIDUAL_LOAD_CURRENT_RECENT.xls:Zone.Identifier | data/lseg/raw/03_CURRENT_RECENT_LSEG/RESIDUAL_LOAD/DE_RESIDUAL_LOAD_REPORT.pdf:Zone.Identifier | data/lseg/raw/03_CURRENT_RECENT_LSEG/RESIDUAL_LOAD/FR_IT_RESIDUAL_LOAD_EXPORT_A.xls:Zone.Identifier | data/lseg/raw/03_CURRENT_RECENT_LSEG/RESIDUAL_LOAD/FR_IT_RESIDUAL_LOAD_EXPORT_B.xls:Zone.Identifier | data/lseg/raw/03_CURRENT_RECENT_LSEG/SUPPLY_WIND_SOLAR/GB_EMBEDDED_SOLAR_REPORT.pdf:Zone.Identifier | data/lseg/raw/03_CURRENT_RECENT_LSEG/SUPPLY_WIND_SOLAR/GB_EMBEDDED_WIND_REPORT.pdf:Zone.Identifier | data/lseg/raw/03_CURRENT_RECENT_LSEG/SUPPLY_WIND_SOLAR/SUPPLY_WIND_REPORT.pdf:Zone.Identifier | data/lseg/raw/03_CURRENT_RECENT_LSEG/WEATHER/CLOUD_COVER_CH.xls:Zone.Identifier | data/lseg/raw/03_CURRENT_RECENT_LSEG/WEATHER/CLOUD_COVER_REPORT.pdf:Zone.Identifier | data/lseg/raw/03_CURRENT_RECENT_LSEG/WEATHER/ECMWF_CLUSTER_REPORT.pdf:Zone.Identifier | data/lseg/raw/03_CURRENT_RECENT_LSEG/WEATHER/NAO_AO_REPORT.pdf:Zone.Identifier | data/lseg/raw/03_CURRENT_RECENT_LSEG/WEATHER/PRECIPITATION_ALP_AREA_REPORT.pdf:Zone.Identifier | data/lseg/raw/03_CURRENT_RECENT_LSEG/WEATHER/PRECIPITATION_CH_EFFECTIVE.xls:Zone.Identifier | data/lseg/raw/03_CURRENT_RECENT_LSEG/WEATHER/TEMPERATURE_DE_FR_AT_CH_TABLE.xls:Zone.Identifier | data/lseg/raw/03_CURRENT_RECENT_LSEG/WEATHER/TEMPERATURE_IT_CHART.xls:Zone.Identifier | data/lseg/raw/03_CURRENT_RECENT_LSEG/WEATHER/TEMPERATURE_REPORT.pdf:Zone.Identifier | data/lseg/raw/04_CROSS_BORDER_REFERENCE/01_PRICE_FLOW_GRAPH_CHE_VISIBLE.png:Zone.Identifier | data/lseg/raw/04_CROSS_BORDER_REFERENCE/02_DEU_SELECTED_CONNECTIONS.png:Zone.Identifier | data/lseg/raw/04_CROSS_BORDER_REFERENCE/03_NET_IMPORT_GRAPH.png:Zone.Identifier | data/lseg/raw/04_CROSS_BORDER_REFERENCE/04_NET_IMPORT_CHE_SELECTED_00.png:Zone.Identifier | data/lseg/raw/04_CROSS_BORDER_REFERENCE/05_NET_IMPORT_CHE_SELECTED_12.png:Zone.Identifier | data/lseg/raw/04_CROSS_BORDER_REFERENCE/06_CAPACITY_DIRECTION_1_CHE_SELECTED.png:Zone.Identifier | data/lseg/raw/04_CROSS_BORDER_REFERENCE/07_CAPACITY_DIRECTION_2_CHE_SELECTED_A.png:Zone.Identifier | data/lseg/raw/04_CROSS_BORDER_REFERENCE/08_CAPACITY_DIRECTION_2_CHE_SELECTED_B.png:Zone.Identifier | data/lseg/raw/04_CROSS_BORDER_REFERENCE/09_CAPACITY_DIRECTION_2_CHE_SELECTED_C.png:Zone.Identifier | data/lseg/raw/04_CROSS_BORDER_REFERENCE/10_SCHEDULED_EXCHANGE_NET_IMPORT_GRAPH.png:Zone.Identifier | data/lseg/raw/04_CROSS_BORDER_REFERENCE/11_SCHEDULED_EXCHANGE_CHE_SELECTED.png:Zone.Identifier | data/lseg/raw/04_CROSS_BORDER_REFERENCE/FLOWS_GRAPH_REPORT.pdf:Zone.Identifier | data/lseg/raw/05_LSEG_REFERENCE_PDFS/DEMAND_CONSUMPTION_OVERVIEW.pdf:Zone.Identifier | data/lseg/raw/90_INTERMEDIATE/LSEG_PRICE_DEMAND/FR_15M_RAW.xls.xlsx:Zone.Identifier | data/lseg/raw/90_INTERMEDIATE/LSEG_PRICE_DEMAND/FR_DA_RAW.xlsx:Zone.Identifier | data/lseg/raw/90_INTERMEDIATE/LSEG_PRICE_DEMAND/IT_DA_RAW(1).xlsx:Zone.Identifier | data/lseg/raw/90_INTERMEDIATE/LSEG_PRICE_DEMAND/IT_DA_RAW(2).xlsx:Zone.Identifier | data/lseg/raw/90_INTERMEDIATE/LSEG_PRICE_DEMAND/IT_DA_RAW(3).xlsx:Zone.Identifier | data/lseg/raw/90_INTERMEDIATE/LSEG_PRICE_DEMAND/IT_DA_RAW.xlsx:Zone.Identifier | data/lseg/raw/90_INTERMEDIATE/LSEG_PRICE_DEMAND/IT_DEMAND_15M_ALL_ZONES_TEMPLATE.xlsx:Zone.Identifier | data/lseg/raw/90_INTERMEDIATE/LSEG_PRICE_DEMAND/IT_DEMAND_15M_NORTH.xlsx:Zone.Identifier | data/lseg/raw/90_INTERMEDIATE/LSEG_PRICE_DEMAND/Mappe1(1).xlsx:Zone.Identifier | data/lseg/raw/90_INTERMEDIATE/LSEG_PRICE_DEMAND/Mappe1(2).xlsx:Zone.Identifier | data/lseg/raw/90_INTERMEDIATE/LSEG_PRICE_DEMAND/Mappe1(3).xlsx:Zone.Identifier | data/lseg/raw/90_INTERMEDIATE/LSEG_PRICE_DEMAND/Mappe1(4).xlsx:Zone.Identifier | data/lseg/raw/90_INTERMEDIATE/LSEG_PRICE_DEMAND/Mappe1(5).xlsx:Zone.Identifier | data/lseg/raw/90_INTERMEDIATE/SCREENSHOTS/0a528483-087b-4a33-a2f3-ecdd62770a3a.png:Zone.Identifier | data/lseg/raw/90_INTERMEDIATE/SCREENSHOTS/1609bf25-22b3-4c50-817b-fa945dba6bfe.png:Zone.Identifier | data/lseg/raw/90_INTERMEDIATE/SCREENSHOTS/1d02b907-f21b-48aa-bff6-9bb501bffd31.png:Zone.Identifier | data/lseg/raw/90_INTERMEDIATE/SCREENSHOTS/2bf92681-8086-451b-ad79-2cf2aaa286bf.png:Zone.Identifier | data/lseg/raw/90_INTERMEDIATE/SCREENSHOTS/5048f972-71a5-4bbb-9ebf-495783170275.png:Zone.Identifier | data/lseg/raw/90_INTERMEDIATE/SCREENSHOTS/57688dd7-cfad-46f7-9d61-7173a480ab24.png:Zone.Identifier | data/lseg/raw/90_INTERMEDIATE/SCREENSHOTS/6a48aa3a-47d9-431b-a8d4-4b421a82f395.png:Zone.Identifier | data/lseg/raw/90_INTERMEDIATE/SCREENSHOTS/6b0bf7a6-4724-4c1c-98c7-10c623883a8b.png:Zone.Identifier | data/lseg/raw/90_INTERMEDIATE/SCREENSHOTS/7cdf8489-62e1-4566-9c92-ddde781dfc41.png:Zone.Identifier | data/lseg/raw/90_INTERMEDIATE/SCREENSHOTS/839b9904-b506-4600-a582-19546fc0d0dc.png:Zone.Identifier | data/lseg/raw/90_INTERMEDIATE/SCREENSHOTS/87b02fce-0b58-4ead-b793-267dd464b8ec.png:Zone.Identifier | data/lseg/raw/90_INTERMEDIATE/SCREENSHOTS/917dfe63-9fd2-4e78-89c4-b98dcf9f033f.png:Zone.Identifier | data/lseg/raw/90_INTERMEDIATE/SCREENSHOTS/990167dc-a3d5-4b22-acec-131b4e0f87c9.png:Zone.Identifier | data/lseg/raw/90_INTERMEDIATE/SCREENSHOTS/af6db8b3-1471-4a8e-9879-1e782574016e.png:Zone.Identifier | data/lseg/raw/90_INTERMEDIATE/SCREENSHOTS/b94c25b1-cacf-496f-802b-f74a6ec3c376.png:Zone.Identifier | data/lseg/raw/90_INTERMEDIATE/SCREENSHOTS/bc276a5b-6ae8-473b-abe3-2d17e33bcdd3.png:Zone.Identifier | data/lseg/raw/90_INTERMEDIATE/SCREENSHOTS/chart_100049390.embedded.png:Zone.Identifier | data/lseg/raw/90_INTERMEDIATE/SCREENSHOTS/chart_100127248.embedded.png:Zone.Identifier | data/lseg/raw/90_INTERMEDIATE/SCREENSHOTS/crop_che.png:Zone.Identifier | data/lseg/raw/90_INTERMEDIATE/SCREENSHOTS/de1ee218-60dc-4b11-b243-1f352c398785.png:Zone.Identifier | data/lseg/raw/99_UNCLASSIFIED_RETAINED/LSEG_DISCOVERY_RAW_NOTES.txt:Zone.Identifier | data/lseg/raw/99_UNCLASSIFIED_RETAINED/table_100016453.xls:Zone.Identifier | data/lseg/raw/CH_DA_RAW.xlsx:Zone.Identifier | data/lseg/raw/DE_DA_RAW.xlsx:Zone.Identifier | data/lseg/raw/EDF_NUCLEAR_OUTAGE_REVISIONS_PIT.csv:Zone.Identifier | data/lseg/raw/EDF_NUCLEAR_PIT_DAILY_2021_2026.csv:Zone.Identifier | data/lseg/raw/FR_15M_RAW.xlsx:Zone.Identifier | data/lseg/raw/FR_DA_RAW_COMBINED.xlsx:Zone.Identifier | data/lseg/raw/Historique des indispo des moyens de production - depuis 2015 - 07092026-full.csv:Zone.Identifier | data/lseg/raw/IT_DA_RAW (1).xlsx:Zone.Identifier | data/lseg/raw/IT_DA_RAW.xlsx:Zone.Identifier | data/lseg/raw/IT_DEMAND_15M_ALL_ZONES_TEMPLATE.xlsx:Zone.Identifier | data/lseg/raw/IT_DEMAND_15M_NORTH.xlsx:Zone.Identifier | data/lseg/raw/IT_DEMAND_HOURLY.xlsx:Zone.Identifier | data/lseg/raw/publications-transparence-et-remit-liste-des-messages-edf-sa.csv:Zone.Identifier,Windows download-origin sidecar; excluded from data analysis.
data/lseg/raw/DE_DA_RAW.xlsx,DE_DA_RAW.xlsx,xlsx,dataset,prices/day-ahead,day-ahead power prices,DE,Timestamp; TRDPRC_1 (RIC-specific repeated field),EUR/MWh likely for price workbooks; MW likely for demand workbooks; units not explicitly declared,Timestamp,"('2021-01-01 00:00:00', '2025-09-29 00:00:00')",not established from filename,observed/market value series; forecast status not encoded,Not present,Timestamp is delivery/observation time; no issue time,Not present in workbook layout,472098,0/83160 blank data cells in profiled tabular sheets,PIT_RECONSTRUCTABLE,No corresponding model-ready family in Databricks inventory,,,Price units likely EUR/MWh from series context; workbook does not declare units.
data/lseg/raw/DE_DA_RAW.xlsx:Zone.Identifier,DE_DA_RAW.xlsx:Zone.Identifier,identifier,metadata_sidecar,ancillary file metadata,Zone.Identifier,UNKNOWN,Not applicable/non-tabular or not safely extractable,Not applicable or not declared,Not safely extractable,Not determined from file metadata,Not determined,Not determinable,Not safely extractable,Not safely extractable,Not safely extractable,25,Not applicable/non-tabular,UNKNOWN,None,,data/lseg/raw/00_START_HERE/ANONYMOUS_XLS_MAPPING.md:Zone.Identifier | data/lseg/raw/00_START_HERE/DATA_CATALOG.csv:Zone.Identifier | data/lseg/raw/00_START_HERE/EXTRACTION_STATUS_AND_GAPS.md:Zone.Identifier | data/lseg/raw/00_START_HERE/LICENSE_NOTES.md:Zone.Identifier | data/lseg/raw/00_START_HERE/MANIFEST_SHA256.csv:Zone.Identifier | data/lseg/raw/00_START_HERE/MISSING_CH_DE_RECOVERY.md:Zone.Identifier | data/lseg/raw/00_START_HERE/MISSING_CH_DE_RICS.csv:Zone.Identifier | data/lseg/raw/00_START_HERE/PROJECT_OBJECTIVE.txt:Zone.Identifier | data/lseg/raw/00_START_HERE/README_FIRST.md:Zone.Identifier | data/lseg/raw/00_START_HERE/RIC_FAMILIES.csv:Zone.Identifier | data/lseg/raw/01_CORE_HISTORICAL/FR_NUCLEAR_PIT/EDF_NUCLEAR_OUTAGE_REVISIONS_PIT.csv:Zone.Identifier | data/lseg/raw/01_CORE_HISTORICAL/FR_NUCLEAR_PIT/EDF_NUCLEAR_PIT_DAILY_2021_2026.csv:Zone.Identifier | data/lseg/raw/01_CORE_HISTORICAL/FR_NUCLEAR_PIT/EDF_NUCLEAR_PIT_SUMMARY.txt:Zone.Identifier | data/lseg/raw/01_CORE_HISTORICAL/LSEG_DEMAND/IT_DEMAND_15M_ALL_7_ZONES_2025_2026.xlsx:Zone.Identifier | data/lseg/raw/01_CORE_HISTORICAL/LSEG_DEMAND/IT_DEMAND_HOURLY_2021_2025.xlsx:Zone.Identifier | data/lseg/raw/01_CORE_HISTORICAL/LSEG_PRICES/FR_DAY_AHEAD_HOURLY_AND_15M.xlsx:Zone.Identifier | data/lseg/raw/01_CORE_HISTORICAL/LSEG_PRICES/IT_DAY_AHEAD_HOURLY_AND_15M.xlsx:Zone.Identifier | data/lseg/raw/02_SOURCE_RAW/FR_NUCLEAR/EDF_OUTAGE_HISTORY_RAW.csv:Zone.Identifier | data/lseg/raw/02_SOURCE_RAW/FR_NUCLEAR/EDF_TRANSPARENCY_REMIT_MESSAGES_RAW.csv:Zone.Identifier | data/lseg/raw/03_CURRENT_RECENT_LSEG/COST_CURVES/cost_curves_2026910_21432.xlsx:Zone.Identifier | data/lseg/raw/03_CURRENT_RECENT_LSEG/COST_CURVES/cost_curves_2026910_21543.xlsx:Zone.Identifier | data/lseg/raw/03_CURRENT_RECENT_LSEG/COST_CURVES/cost_curves_2026910_2164.xlsx:Zone.Identifier | data/lseg/raw/03_CURRENT_RECENT_LSEG/RESIDUAL_LOAD/CWE_RESIDUAL_LOAD_REPORT.pdf:Zone.Identifier | data/lseg/raw/03_CURRENT_RECENT_LSEG/RESIDUAL_LOAD/DE_RESIDUAL_LOAD_CURRENT_RECENT.xls:Zone.Identifier | data/lseg/raw/03_CURRENT_RECENT_LSEG/RESIDUAL_LOAD/DE_RESIDUAL_LOAD_REPORT.pdf:Zone.Identifier | data/lseg/raw/03_CURRENT_RECENT_LSEG/RESIDUAL_LOAD/FR_IT_RESIDUAL_LOAD_EXPORT_A.xls:Zone.Identifier | data/lseg/raw/03_CURRENT_RECENT_LSEG/RESIDUAL_LOAD/FR_IT_RESIDUAL_LOAD_EXPORT_B.xls:Zone.Identifier | data/lseg/raw/03_CURRENT_RECENT_LSEG/SUPPLY_WIND_SOLAR/GB_EMBEDDED_SOLAR_REPORT.pdf:Zone.Identifier | data/lseg/raw/03_CURRENT_RECENT_LSEG/SUPPLY_WIND_SOLAR/GB_EMBEDDED_WIND_REPORT.pdf:Zone.Identifier | data/lseg/raw/03_CURRENT_RECENT_LSEG/SUPPLY_WIND_SOLAR/SUPPLY_WIND_REPORT.pdf:Zone.Identifier | data/lseg/raw/03_CURRENT_RECENT_LSEG/WEATHER/CLOUD_COVER_CH.xls:Zone.Identifier | data/lseg/raw/03_CURRENT_RECENT_LSEG/WEATHER/CLOUD_COVER_REPORT.pdf:Zone.Identifier | data/lseg/raw/03_CURRENT_RECENT_LSEG/WEATHER/ECMWF_CLUSTER_REPORT.pdf:Zone.Identifier | data/lseg/raw/03_CURRENT_RECENT_LSEG/WEATHER/NAO_AO_REPORT.pdf:Zone.Identifier | data/lseg/raw/03_CURRENT_RECENT_LSEG/WEATHER/PRECIPITATION_ALP_AREA_REPORT.pdf:Zone.Identifier | data/lseg/raw/03_CURRENT_RECENT_LSEG/WEATHER/PRECIPITATION_CH_EFFECTIVE.xls:Zone.Identifier | data/lseg/raw/03_CURRENT_RECENT_LSEG/WEATHER/TEMPERATURE_DE_FR_AT_CH_TABLE.xls:Zone.Identifier | data/lseg/raw/03_CURRENT_RECENT_LSEG/WEATHER/TEMPERATURE_IT_CHART.xls:Zone.Identifier | data/lseg/raw/03_CURRENT_RECENT_LSEG/WEATHER/TEMPERATURE_REPORT.pdf:Zone.Identifier | data/lseg/raw/04_CROSS_BORDER_REFERENCE/01_PRICE_FLOW_GRAPH_CHE_VISIBLE.png:Zone.Identifier | data/lseg/raw/04_CROSS_BORDER_REFERENCE/02_DEU_SELECTED_CONNECTIONS.png:Zone.Identifier | data/lseg/raw/04_CROSS_BORDER_REFERENCE/03_NET_IMPORT_GRAPH.png:Zone.Identifier | data/lseg/raw/04_CROSS_BORDER_REFERENCE/04_NET_IMPORT_CHE_SELECTED_00.png:Zone.Identifier | data/lseg/raw/04_CROSS_BORDER_REFERENCE/05_NET_IMPORT_CHE_SELECTED_12.png:Zone.Identifier | data/lseg/raw/04_CROSS_BORDER_REFERENCE/06_CAPACITY_DIRECTION_1_CHE_SELECTED.png:Zone.Identifier | data/lseg/raw/04_CROSS_BORDER_REFERENCE/07_CAPACITY_DIRECTION_2_CHE_SELECTED_A.png:Zone.Identifier | data/lseg/raw/04_CROSS_BORDER_REFERENCE/08_CAPACITY_DIRECTION_2_CHE_SELECTED_B.png:Zone.Identifier | data/lseg/raw/04_CROSS_BORDER_REFERENCE/09_CAPACITY_DIRECTION_2_CHE_SELECTED_C.png:Zone.Identifier | data/lseg/raw/04_CROSS_BORDER_REFERENCE/10_SCHEDULED_EXCHANGE_NET_IMPORT_GRAPH.png:Zone.Identifier | data/lseg/raw/04_CROSS_BORDER_REFERENCE/11_SCHEDULED_EXCHANGE_CHE_SELECTED.png:Zone.Identifier | data/lseg/raw/04_CROSS_BORDER_REFERENCE/FLOWS_GRAPH_REPORT.pdf:Zone.Identifier | data/lseg/raw/05_LSEG_REFERENCE_PDFS/DEMAND_CONSUMPTION_OVERVIEW.pdf:Zone.Identifier | data/lseg/raw/90_INTERMEDIATE/LSEG_PRICE_DEMAND/FR_15M_RAW.xls.xlsx:Zone.Identifier | data/lseg/raw/90_INTERMEDIATE/LSEG_PRICE_DEMAND/FR_DA_RAW.xlsx:Zone.Identifier | data/lseg/raw/90_INTERMEDIATE/LSEG_PRICE_DEMAND/IT_DA_RAW(1).xlsx:Zone.Identifier | data/lseg/raw/90_INTERMEDIATE/LSEG_PRICE_DEMAND/IT_DA_RAW(2).xlsx:Zone.Identifier | data/lseg/raw/90_INTERMEDIATE/LSEG_PRICE_DEMAND/IT_DA_RAW(3).xlsx:Zone.Identifier | data/lseg/raw/90_INTERMEDIATE/LSEG_PRICE_DEMAND/IT_DA_RAW.xlsx:Zone.Identifier | data/lseg/raw/90_INTERMEDIATE/LSEG_PRICE_DEMAND/IT_DEMAND_15M_ALL_ZONES_TEMPLATE.xlsx:Zone.Identifier | data/lseg/raw/90_INTERMEDIATE/LSEG_PRICE_DEMAND/IT_DEMAND_15M_NORTH.xlsx:Zone.Identifier | data/lseg/raw/90_INTERMEDIATE/LSEG_PRICE_DEMAND/Mappe1(1).xlsx:Zone.Identifier | data/lseg/raw/90_INTERMEDIATE/LSEG_PRICE_DEMAND/Mappe1(2).xlsx:Zone.Identifier | data/lseg/raw/90_INTERMEDIATE/LSEG_PRICE_DEMAND/Mappe1(3).xlsx:Zone.Identifier | data/lseg/raw/90_INTERMEDIATE/LSEG_PRICE_DEMAND/Mappe1(4).xlsx:Zone.Identifier | data/lseg/raw/90_INTERMEDIATE/LSEG_PRICE_DEMAND/Mappe1(5).xlsx:Zone.Identifier | data/lseg/raw/90_INTERMEDIATE/SCREENSHOTS/0a528483-087b-4a33-a2f3-ecdd62770a3a.png:Zone.Identifier | data/lseg/raw/90_INTERMEDIATE/SCREENSHOTS/1609bf25-22b3-4c50-817b-fa945dba6bfe.png:Zone.Identifier | data/lseg/raw/90_INTERMEDIATE/SCREENSHOTS/1d02b907-f21b-48aa-bff6-9bb501bffd31.png:Zone.Identifier | data/lseg/raw/90_INTERMEDIATE/SCREENSHOTS/2bf92681-8086-451b-ad79-2cf2aaa286bf.png:Zone.Identifier | data/lseg/raw/90_INTERMEDIATE/SCREENSHOTS/5048f972-71a5-4bbb-9ebf-495783170275.png:Zone.Identifier | data/lseg/raw/90_INTERMEDIATE/SCREENSHOTS/57688dd7-cfad-46f7-9d61-7173a480ab24.png:Zone.Identifier | data/lseg/raw/90_INTERMEDIATE/SCREENSHOTS/6a48aa3a-47d9-431b-a8d4-4b421a82f395.png:Zone.Identifier | data/lseg/raw/90_INTERMEDIATE/SCREENSHOTS/6b0bf7a6-4724-4c1c-98c7-10c623883a8b.png:Zone.Identifier | data/lseg/raw/90_INTERMEDIATE/SCREENSHOTS/7cdf8489-62e1-4566-9c92-ddde781dfc41.png:Zone.Identifier | data/lseg/raw/90_INTERMEDIATE/SCREENSHOTS/839b9904-b506-4600-a582-19546fc0d0dc.png:Zone.Identifier | data/lseg/raw/90_INTERMEDIATE/SCREENSHOTS/87b02fce-0b58-4ead-b793-267dd464b8ec.png:Zone.Identifier | data/lseg/raw/90_INTERMEDIATE/SCREENSHOTS/917dfe63-9fd2-4e78-89c4-b98dcf9f033f.png:Zone.Identifier | data/lseg/raw/90_INTERMEDIATE/SCREENSHOTS/990167dc-a3d5-4b22-acec-131b4e0f87c9.png:Zone.Identifier | data/lseg/raw/90_INTERMEDIATE/SCREENSHOTS/af6db8b3-1471-4a8e-9879-1e782574016e.png:Zone.Identifier | data/lseg/raw/90_INTERMEDIATE/SCREENSHOTS/b94c25b1-cacf-496f-802b-f74a6ec3c376.png:Zone.Identifier | data/lseg/raw/90_INTERMEDIATE/SCREENSHOTS/bc276a5b-6ae8-473b-abe3-2d17e33bcdd3.png:Zone.Identifier | data/lseg/raw/90_INTERMEDIATE/SCREENSHOTS/chart_100049390.embedded.png:Zone.Identifier | data/lseg/raw/90_INTERMEDIATE/SCREENSHOTS/chart_100127248.embedded.png:Zone.Identifier | data/lseg/raw/90_INTERMEDIATE/SCREENSHOTS/crop_che.png:Zone.Identifier | data/lseg/raw/90_INTERMEDIATE/SCREENSHOTS/de1ee218-60dc-4b11-b243-1f352c398785.png:Zone.Identifier | data/lseg/raw/99_UNCLASSIFIED_RETAINED/LSEG_DISCOVERY_RAW_NOTES.txt:Zone.Identifier | data/lseg/raw/99_UNCLASSIFIED_RETAINED/table_100016453.xls:Zone.Identifier | data/lseg/raw/CH_DA_RAW.xlsx:Zone.Identifier | data/lseg/raw/DE_DA_RAW.xlsx:Zone.Identifier | data/lseg/raw/EDF_NUCLEAR_OUTAGE_REVISIONS_PIT.csv:Zone.Identifier | data/lseg/raw/EDF_NUCLEAR_PIT_DAILY_2021_2026.csv:Zone.Identifier | data/lseg/raw/FR_15M_RAW.xlsx:Zone.Identifier | data/lseg/raw/FR_DA_RAW_COMBINED.xlsx:Zone.Identifier | data/lseg/raw/Historique des indispo des moyens de production - depuis 2015 - 07092026-full.csv:Zone.Identifier | data/lseg/raw/IT_DA_RAW (1).xlsx:Zone.Identifier | data/lseg/raw/IT_DA_RAW.xlsx:Zone.Identifier | data/lseg/raw/IT_DEMAND_15M_ALL_ZONES_TEMPLATE.xlsx:Zone.Identifier | data/lseg/raw/IT_DEMAND_15M_NORTH.xlsx:Zone.Identifier | data/lseg/raw/IT_DEMAND_HOURLY.xlsx:Zone.Identifier | data/lseg/raw/publications-transparence-et-remit-liste-des-messages-edf-sa.csv:Zone.Identifier,Windows download-origin sidecar; excluded from data analysis.
data/lseg/raw/EDF_NUCLEAR_OUTAGE_REVISIONS_PIT.csv,EDF_NUCLEAR_OUTAGE_REVISIONS_PIT.csv,csv,dataset,outages/availability,French nuclear outages,FR,event_id; version; publication_time_utc; unit; outage_type; cause; status; start_time_utc; end_time_utc; max_capacity_mw; available_capacity_mw; unavailable_mw; is_first_publication; prev_end_time_utc; end_shift_hours; prev_unavailable_mw; unavailable_delta_mw; return_delay_mw_hours; info,,publication_time_utc; start_time_utc; end_time_utc; prev_end_time_utc,"('2014-07-25T00:00:00Z', '2099-12-31T01:00:00Z')",event/revision,observed outage/event revisions,publication_time_utc,start_time_utc/end_time_utc,publication_time_utc; version; is_first_publication; prev_*,23598096,prev_end_time_utc=15414/67460; end_shift_hours=15414/67460; prev_unavailable_mw=15414/67460; unavailable_delta_mw=15414/67460; info=27290/67460,PIT_STRONG,No corresponding model-ready family in Databricks inventory,,data/lseg/raw/01_CORE_HISTORICAL/FR_NUCLEAR_PIT/EDF_NUCLEAR_OUTAGE_REVISIONS_PIT.csv | data/lseg/raw/EDF_NUCLEAR_OUTAGE_REVISIONS_PIT.csv,EDF nuclear availability domain. Exact-content duplicate of another retained path; count once for unique information.
data/lseg/raw/EDF_NUCLEAR_OUTAGE_REVISIONS_PIT.csv:Zone.Identifier,EDF_NUCLEAR_OUTAGE_REVISIONS_PIT.csv:Zone.Identifier,identifier,metadata_sidecar,ancillary file metadata,Zone.Identifier,UNKNOWN,Not applicable/non-tabular or not safely extractable,Not applicable or not declared,Not safely extractable,Not determined from file metadata,Not determined,Not determinable,Not safely extractable,Not safely extractable,Not safely extractable,25,Not applicable/non-tabular,UNKNOWN,None,,data/lseg/raw/00_START_HERE/ANONYMOUS_XLS_MAPPING.md:Zone.Identifier | data/lseg/raw/00_START_HERE/DATA_CATALOG.csv:Zone.Identifier | data/lseg/raw/00_START_HERE/EXTRACTION_STATUS_AND_GAPS.md:Zone.Identifier | data/lseg/raw/00_START_HERE/LICENSE_NOTES.md:Zone.Identifier | data/lseg/raw/00_START_HERE/MANIFEST_SHA256.csv:Zone.Identifier | data/lseg/raw/00_START_HERE/MISSING_CH_DE_RECOVERY.md:Zone.Identifier | data/lseg/raw/00_START_HERE/MISSING_CH_DE_RICS.csv:Zone.Identifier | data/lseg/raw/00_START_HERE/PROJECT_OBJECTIVE.txt:Zone.Identifier | data/lseg/raw/00_START_HERE/README_FIRST.md:Zone.Identifier | data/lseg/raw/00_START_HERE/RIC_FAMILIES.csv:Zone.Identifier | data/lseg/raw/01_CORE_HISTORICAL/FR_NUCLEAR_PIT/EDF_NUCLEAR_OUTAGE_REVISIONS_PIT.csv:Zone.Identifier | data/lseg/raw/01_CORE_HISTORICAL/FR_NUCLEAR_PIT/EDF_NUCLEAR_PIT_DAILY_2021_2026.csv:Zone.Identifier | data/lseg/raw/01_CORE_HISTORICAL/FR_NUCLEAR_PIT/EDF_NUCLEAR_PIT_SUMMARY.txt:Zone.Identifier | data/lseg/raw/01_CORE_HISTORICAL/LSEG_DEMAND/IT_DEMAND_15M_ALL_7_ZONES_2025_2026.xlsx:Zone.Identifier | data/lseg/raw/01_CORE_HISTORICAL/LSEG_DEMAND/IT_DEMAND_HOURLY_2021_2025.xlsx:Zone.Identifier | data/lseg/raw/01_CORE_HISTORICAL/LSEG_PRICES/FR_DAY_AHEAD_HOURLY_AND_15M.xlsx:Zone.Identifier | data/lseg/raw/01_CORE_HISTORICAL/LSEG_PRICES/IT_DAY_AHEAD_HOURLY_AND_15M.xlsx:Zone.Identifier | data/lseg/raw/02_SOURCE_RAW/FR_NUCLEAR/EDF_OUTAGE_HISTORY_RAW.csv:Zone.Identifier | data/lseg/raw/02_SOURCE_RAW/FR_NUCLEAR/EDF_TRANSPARENCY_REMIT_MESSAGES_RAW.csv:Zone.Identifier | data/lseg/raw/03_CURRENT_RECENT_LSEG/COST_CURVES/cost_curves_2026910_21432.xlsx:Zone.Identifier | data/lseg/raw/03_CURRENT_RECENT_LSEG/COST_CURVES/cost_curves_2026910_21543.xlsx:Zone.Identifier | data/lseg/raw/03_CURRENT_RECENT_LSEG/COST_CURVES/cost_curves_2026910_2164.xlsx:Zone.Identifier | data/lseg/raw/03_CURRENT_RECENT_LSEG/RESIDUAL_LOAD/CWE_RESIDUAL_LOAD_REPORT.pdf:Zone.Identifier | data/lseg/raw/03_CURRENT_RECENT_LSEG/RESIDUAL_LOAD/DE_RESIDUAL_LOAD_CURRENT_RECENT.xls:Zone.Identifier | data/lseg/raw/03_CURRENT_RECENT_LSEG/RESIDUAL_LOAD/DE_RESIDUAL_LOAD_REPORT.pdf:Zone.Identifier | data/lseg/raw/03_CURRENT_RECENT_LSEG/RESIDUAL_LOAD/FR_IT_RESIDUAL_LOAD_EXPORT_A.xls:Zone.Identifier | data/lseg/raw/03_CURRENT_RECENT_LSEG/RESIDUAL_LOAD/FR_IT_RESIDUAL_LOAD_EXPORT_B.xls:Zone.Identifier | data/lseg/raw/03_CURRENT_RECENT_LSEG/SUPPLY_WIND_SOLAR/GB_EMBEDDED_SOLAR_REPORT.pdf:Zone.Identifier | data/lseg/raw/03_CURRENT_RECENT_LSEG/SUPPLY_WIND_SOLAR/GB_EMBEDDED_WIND_REPORT.pdf:Zone.Identifier | data/lseg/raw/03_CURRENT_RECENT_LSEG/SUPPLY_WIND_SOLAR/SUPPLY_WIND_REPORT.pdf:Zone.Identifier | data/lseg/raw/03_CURRENT_RECENT_LSEG/WEATHER/CLOUD_COVER_CH.xls:Zone.Identifier | data/lseg/raw/03_CURRENT_RECENT_LSEG/WEATHER/CLOUD_COVER_REPORT.pdf:Zone.Identifier | data/lseg/raw/03_CURRENT_RECENT_LSEG/WEATHER/ECMWF_CLUSTER_REPORT.pdf:Zone.Identifier | data/lseg/raw/03_CURRENT_RECENT_LSEG/WEATHER/NAO_AO_REPORT.pdf:Zone.Identifier | data/lseg/raw/03_CURRENT_RECENT_LSEG/WEATHER/PRECIPITATION_ALP_AREA_REPORT.pdf:Zone.Identifier | data/lseg/raw/03_CURRENT_RECENT_LSEG/WEATHER/PRECIPITATION_CH_EFFECTIVE.xls:Zone.Identifier | data/lseg/raw/03_CURRENT_RECENT_LSEG/WEATHER/TEMPERATURE_DE_FR_AT_CH_TABLE.xls:Zone.Identifier | data/lseg/raw/03_CURRENT_RECENT_LSEG/WEATHER/TEMPERATURE_IT_CHART.xls:Zone.Identifier | data/lseg/raw/03_CURRENT_RECENT_LSEG/WEATHER/TEMPERATURE_REPORT.pdf:Zone.Identifier | data/lseg/raw/04_CROSS_BORDER_REFERENCE/01_PRICE_FLOW_GRAPH_CHE_VISIBLE.png:Zone.Identifier | data/lseg/raw/04_CROSS_BORDER_REFERENCE/02_DEU_SELECTED_CONNECTIONS.png:Zone.Identifier | data/lseg/raw/04_CROSS_BORDER_REFERENCE/03_NET_IMPORT_GRAPH.png:Zone.Identifier | data/lseg/raw/04_CROSS_BORDER_REFERENCE/04_NET_IMPORT_CHE_SELECTED_00.png:Zone.Identifier | data/lseg/raw/04_CROSS_BORDER_REFERENCE/05_NET_IMPORT_CHE_SELECTED_12.png:Zone.Identifier | data/lseg/raw/04_CROSS_BORDER_REFERENCE/06_CAPACITY_DIRECTION_1_CHE_SELECTED.png:Zone.Identifier | data/lseg/raw/04_CROSS_BORDER_REFERENCE/07_CAPACITY_DIRECTION_2_CHE_SELECTED_A.png:Zone.Identifier | data/lseg/raw/04_CROSS_BORDER_REFERENCE/08_CAPACITY_DIRECTION_2_CHE_SELECTED_B.png:Zone.Identifier | data/lseg/raw/04_CROSS_BORDER_REFERENCE/09_CAPACITY_DIRECTION_2_CHE_SELECTED_C.png:Zone.Identifier | data/lseg/raw/04_CROSS_BORDER_REFERENCE/10_SCHEDULED_EXCHANGE_NET_IMPORT_GRAPH.png:Zone.Identifier | data/lseg/raw/04_CROSS_BORDER_REFERENCE/11_SCHEDULED_EXCHANGE_CHE_SELECTED.png:Zone.Identifier | data/lseg/raw/04_CROSS_BORDER_REFERENCE/FLOWS_GRAPH_REPORT.pdf:Zone.Identifier | data/lseg/raw/05_LSEG_REFERENCE_PDFS/DEMAND_CONSUMPTION_OVERVIEW.pdf:Zone.Identifier | data/lseg/raw/90_INTERMEDIATE/LSEG_PRICE_DEMAND/FR_15M_RAW.xls.xlsx:Zone.Identifier | data/lseg/raw/90_INTERMEDIATE/LSEG_PRICE_DEMAND/FR_DA_RAW.xlsx:Zone.Identifier | data/lseg/raw/90_INTERMEDIATE/LSEG_PRICE_DEMAND/IT_DA_RAW(1).xlsx:Zone.Identifier | data/lseg/raw/90_INTERMEDIATE/LSEG_PRICE_DEMAND/IT_DA_RAW(2).xlsx:Zone.Identifier | data/lseg/raw/90_INTERMEDIATE/LSEG_PRICE_DEMAND/IT_DA_RAW(3).xlsx:Zone.Identifier | data/lseg/raw/90_INTERMEDIATE/LSEG_PRICE_DEMAND/IT_DA_RAW.xlsx:Zone.Identifier | data/lseg/raw/90_INTERMEDIATE/LSEG_PRICE_DEMAND/IT_DEMAND_15M_ALL_ZONES_TEMPLATE.xlsx:Zone.Identifier | data/lseg/raw/90_INTERMEDIATE/LSEG_PRICE_DEMAND/IT_DEMAND_15M_NORTH.xlsx:Zone.Identifier | data/lseg/raw/90_INTERMEDIATE/LSEG_PRICE_DEMAND/Mappe1(1).xlsx:Zone.Identifier | data/lseg/raw/90_INTERMEDIATE/LSEG_PRICE_DEMAND/Mappe1(2).xlsx:Zone.Identifier | data/lseg/raw/90_INTERMEDIATE/LSEG_PRICE_DEMAND/Mappe1(3).xlsx:Zone.Identifier | data/lseg/raw/90_INTERMEDIATE/LSEG_PRICE_DEMAND/Mappe1(4).xlsx:Zone.Identifier | data/lseg/raw/90_INTERMEDIATE/LSEG_PRICE_DEMAND/Mappe1(5).xlsx:Zone.Identifier | data/lseg/raw/90_INTERMEDIATE/SCREENSHOTS/0a528483-087b-4a33-a2f3-ecdd62770a3a.png:Zone.Identifier | data/lseg/raw/90_INTERMEDIATE/SCREENSHOTS/1609bf25-22b3-4c50-817b-fa945dba6bfe.png:Zone.Identifier | data/lseg/raw/90_INTERMEDIATE/SCREENSHOTS/1d02b907-f21b-48aa-bff6-9bb501bffd31.png:Zone.Identifier | data/lseg/raw/90_INTERMEDIATE/SCREENSHOTS/2bf92681-8086-451b-ad79-2cf2aaa286bf.png:Zone.Identifier | data/lseg/raw/90_INTERMEDIATE/SCREENSHOTS/5048f972-71a5-4bbb-9ebf-495783170275.png:Zone.Identifier | data/lseg/raw/90_INTERMEDIATE/SCREENSHOTS/57688dd7-cfad-46f7-9d61-7173a480ab24.png:Zone.Identifier | data/lseg/raw/90_INTERMEDIATE/SCREENSHOTS/6a48aa3a-47d9-431b-a8d4-4b421a82f395.png:Zone.Identifier | data/lseg/raw/90_INTERMEDIATE/SCREENSHOTS/6b0bf7a6-4724-4c1c-98c7-10c623883a8b.png:Zone.Identifier | data/lseg/raw/90_INTERMEDIATE/SCREENSHOTS/7cdf8489-62e1-4566-9c92-ddde781dfc41.png:Zone.Identifier | data/lseg/raw/90_INTERMEDIATE/SCREENSHOTS/839b9904-b506-4600-a582-19546fc0d0dc.png:Zone.Identifier | data/lseg/raw/90_INTERMEDIATE/SCREENSHOTS/87b02fce-0b58-4ead-b793-267dd464b8ec.png:Zone.Identifier | data/lseg/raw/90_INTERMEDIATE/SCREENSHOTS/917dfe63-9fd2-4e78-89c4-b98dcf9f033f.png:Zone.Identifier | data/lseg/raw/90_INTERMEDIATE/SCREENSHOTS/990167dc-a3d5-4b22-acec-131b4e0f87c9.png:Zone.Identifier | data/lseg/raw/90_INTERMEDIATE/SCREENSHOTS/af6db8b3-1471-4a8e-9879-1e782574016e.png:Zone.Identifier | data/lseg/raw/90_INTERMEDIATE/SCREENSHOTS/b94c25b1-cacf-496f-802b-f74a6ec3c376.png:Zone.Identifier | data/lseg/raw/90_INTERMEDIATE/SCREENSHOTS/bc276a5b-6ae8-473b-abe3-2d17e33bcdd3.png:Zone.Identifier | data/lseg/raw/90_INTERMEDIATE/SCREENSHOTS/chart_100049390.embedded.png:Zone.Identifier | data/lseg/raw/90_INTERMEDIATE/SCREENSHOTS/chart_100127248.embedded.png:Zone.Identifier | data/lseg/raw/90_INTERMEDIATE/SCREENSHOTS/crop_che.png:Zone.Identifier | data/lseg/raw/90_INTERMEDIATE/SCREENSHOTS/de1ee218-60dc-4b11-b243-1f352c398785.png:Zone.Identifier | data/lseg/raw/99_UNCLASSIFIED_RETAINED/LSEG_DISCOVERY_RAW_NOTES.txt:Zone.Identifier | data/lseg/raw/99_UNCLASSIFIED_RETAINED/table_100016453.xls:Zone.Identifier | data/lseg/raw/CH_DA_RAW.xlsx:Zone.Identifier | data/lseg/raw/DE_DA_RAW.xlsx:Zone.Identifier | data/lseg/raw/EDF_NUCLEAR_OUTAGE_REVISIONS_PIT.csv:Zone.Identifier | data/lseg/raw/EDF_NUCLEAR_PIT_DAILY_2021_2026.csv:Zone.Identifier | data/lseg/raw/FR_15M_RAW.xlsx:Zone.Identifier | data/lseg/raw/FR_DA_RAW_COMBINED.xlsx:Zone.Identifier | data/lseg/raw/Historique des indispo des moyens de production - depuis 2015 - 07092026-full.csv:Zone.Identifier | data/lseg/raw/IT_DA_RAW (1).xlsx:Zone.Identifier | data/lseg/raw/IT_DA_RAW.xlsx:Zone.Identifier | data/lseg/raw/IT_DEMAND_15M_ALL_ZONES_TEMPLATE.xlsx:Zone.Identifier | data/lseg/raw/IT_DEMAND_15M_NORTH.xlsx:Zone.Identifier | data/lseg/raw/IT_DEMAND_HOURLY.xlsx:Zone.Identifier | data/lseg/raw/publications-transparence-et-remit-liste-des-messages-edf-sa.csv:Zone.Identifier,Windows download-origin sidecar; excluded from data analysis.
data/lseg/raw/EDF_NUCLEAR_PIT_DAILY_2021_2026.csv,EDF_NUCLEAR_PIT_DAILY_2021_2026.csv,csv,dataset,outages/availability,French nuclear outages,FR,issue_time_utc; issue_time_paris; total_unavailable_mw_h0; planned_unavailable_mw_h0; unplanned_unavailable_mw_h0; units_with_outage_h0; largest_outage_mw_h0; total_unavailable_mw_h24; planned_unavailable_mw_h24; unplanned_unavailable_mw_h24; units_with_outage_h24; largest_outage_mw_h24; total_unavailable_mw_h48; planned_unavailable_mw_h48; unplanned_unavailable_mw_h48; units_with_outage_h48; largest_outage_mw_h48; total_unavailable_mw_h72; planned_unavailable_mw_h72; unplanned_unavailable_mw_h72; units_with_outage_h72; largest_outage_mw_h72; total_unavailable_mw_h168; planned_unavailable_mw_h168; unplanned_unavailable_mw_h168; units_with_outage_h168; largest_outage_mw_h168; new_outage_mw_1h; revision_count_1h; max_return_delay_hours_1h; return_delay_mw_hours_1h; capacity_revision_abs_mw_1h; new_outage_mw_6h; revision_count_6h; max_return_delay_hours_6h; return_delay_mw_hours_6h; capacity_revision_abs_mw_6h; new_outage_mw_24h; revision_count_24h; max_return_delay_hours_24h; return_delay_mw_hours_24h; capacity_revision_abs_mw_24h,,issue_time_utc; issue_time_paris,"('2021-01-01T09:00:00Z', '2026-09-07T10:00:00+02:00')",daily,PIT-derived historical availability features,issue_time_utc,h0/h24/h48/h72/h168 horizon columns,issue_time_utc; revision_count_*; capacity_revision_*,561964,No blank/sentinel missing values detected by profiler,PIT_STRONG,No corresponding model-ready family in Databricks inventory,,data/lseg/raw/01_CORE_HISTORICAL/FR_NUCLEAR_PIT/EDF_NUCLEAR_PIT_DAILY_2021_2026.csv | data/lseg/raw/EDF_NUCLEAR_PIT_DAILY_2021_2026.csv,EDF nuclear availability domain. Exact-content duplicate of another retained path; count once for unique information.
data/lseg/raw/EDF_NUCLEAR_PIT_DAILY_2021_2026.csv:Zone.Identifier,EDF_NUCLEAR_PIT_DAILY_2021_2026.csv:Zone.Identifier,identifier,metadata_sidecar,ancillary file metadata,Zone.Identifier,UNKNOWN,Not applicable/non-tabular or not safely extractable,Not applicable or not declared,Not safely extractable,Not determined from file metadata,Not determined,Not determinable,Not safely extractable,Not safely extractable,Not safely extractable,25,Not applicable/non-tabular,UNKNOWN,None,,data/lseg/raw/00_START_HERE/ANONYMOUS_XLS_MAPPING.md:Zone.Identifier | data/lseg/raw/00_START_HERE/DATA_CATALOG.csv:Zone.Identifier | data/lseg/raw/00_START_HERE/EXTRACTION_STATUS_AND_GAPS.md:Zone.Identifier | data/lseg/raw/00_START_HERE/LICENSE_NOTES.md:Zone.Identifier | data/lseg/raw/00_START_HERE/MANIFEST_SHA256.csv:Zone.Identifier | data/lseg/raw/00_START_HERE/MISSING_CH_DE_RECOVERY.md:Zone.Identifier | data/lseg/raw/00_START_HERE/MISSING_CH_DE_RICS.csv:Zone.Identifier | data/lseg/raw/00_START_HERE/PROJECT_OBJECTIVE.txt:Zone.Identifier | data/lseg/raw/00_START_HERE/README_FIRST.md:Zone.Identifier | data/lseg/raw/00_START_HERE/RIC_FAMILIES.csv:Zone.Identifier | data/lseg/raw/01_CORE_HISTORICAL/FR_NUCLEAR_PIT/EDF_NUCLEAR_OUTAGE_REVISIONS_PIT.csv:Zone.Identifier | data/lseg/raw/01_CORE_HISTORICAL/FR_NUCLEAR_PIT/EDF_NUCLEAR_PIT_DAILY_2021_2026.csv:Zone.Identifier | data/lseg/raw/01_CORE_HISTORICAL/FR_NUCLEAR_PIT/EDF_NUCLEAR_PIT_SUMMARY.txt:Zone.Identifier | data/lseg/raw/01_CORE_HISTORICAL/LSEG_DEMAND/IT_DEMAND_15M_ALL_7_ZONES_2025_2026.xlsx:Zone.Identifier | data/lseg/raw/01_CORE_HISTORICAL/LSEG_DEMAND/IT_DEMAND_HOURLY_2021_2025.xlsx:Zone.Identifier | data/lseg/raw/01_CORE_HISTORICAL/LSEG_PRICES/FR_DAY_AHEAD_HOURLY_AND_15M.xlsx:Zone.Identifier | data/lseg/raw/01_CORE_HISTORICAL/LSEG_PRICES/IT_DAY_AHEAD_HOURLY_AND_15M.xlsx:Zone.Identifier | data/lseg/raw/02_SOURCE_RAW/FR_NUCLEAR/EDF_OUTAGE_HISTORY_RAW.csv:Zone.Identifier | data/lseg/raw/02_SOURCE_RAW/FR_NUCLEAR/EDF_TRANSPARENCY_REMIT_MESSAGES_RAW.csv:Zone.Identifier | data/lseg/raw/03_CURRENT_RECENT_LSEG/COST_CURVES/cost_curves_2026910_21432.xlsx:Zone.Identifier | data/lseg/raw/03_CURRENT_RECENT_LSEG/COST_CURVES/cost_curves_2026910_21543.xlsx:Zone.Identifier | data/lseg/raw/03_CURRENT_RECENT_LSEG/COST_CURVES/cost_curves_2026910_2164.xlsx:Zone.Identifier | data/lseg/raw/03_CURRENT_RECENT_LSEG/RESIDUAL_LOAD/CWE_RESIDUAL_LOAD_REPORT.pdf:Zone.Identifier | data/lseg/raw/03_CURRENT_RECENT_LSEG/RESIDUAL_LOAD/DE_RESIDUAL_LOAD_CURRENT_RECENT.xls:Zone.Identifier | data/lseg/raw/03_CURRENT_RECENT_LSEG/RESIDUAL_LOAD/DE_RESIDUAL_LOAD_REPORT.pdf:Zone.Identifier | data/lseg/raw/03_CURRENT_RECENT_LSEG/RESIDUAL_LOAD/FR_IT_RESIDUAL_LOAD_EXPORT_A.xls:Zone.Identifier | data/lseg/raw/03_CURRENT_RECENT_LSEG/RESIDUAL_LOAD/FR_IT_RESIDUAL_LOAD_EXPORT_B.xls:Zone.Identifier | data/lseg/raw/03_CURRENT_RECENT_LSEG/SUPPLY_WIND_SOLAR/GB_EMBEDDED_SOLAR_REPORT.pdf:Zone.Identifier | data/lseg/raw/03_CURRENT_RECENT_LSEG/SUPPLY_WIND_SOLAR/GB_EMBEDDED_WIND_REPORT.pdf:Zone.Identifier | data/lseg/raw/03_CURRENT_RECENT_LSEG/SUPPLY_WIND_SOLAR/SUPPLY_WIND_REPORT.pdf:Zone.Identifier | data/lseg/raw/03_CURRENT_RECENT_LSEG/WEATHER/CLOUD_COVER_CH.xls:Zone.Identifier | data/lseg/raw/03_CURRENT_RECENT_LSEG/WEATHER/CLOUD_COVER_REPORT.pdf:Zone.Identifier | data/lseg/raw/03_CURRENT_RECENT_LSEG/WEATHER/ECMWF_CLUSTER_REPORT.pdf:Zone.Identifier | data/lseg/raw/03_CURRENT_RECENT_LSEG/WEATHER/NAO_AO_REPORT.pdf:Zone.Identifier | data/lseg/raw/03_CURRENT_RECENT_LSEG/WEATHER/PRECIPITATION_ALP_AREA_REPORT.pdf:Zone.Identifier | data/lseg/raw/03_CURRENT_RECENT_LSEG/WEATHER/PRECIPITATION_CH_EFFECTIVE.xls:Zone.Identifier | data/lseg/raw/03_CURRENT_RECENT_LSEG/WEATHER/TEMPERATURE_DE_FR_AT_CH_TABLE.xls:Zone.Identifier | data/lseg/raw/03_CURRENT_RECENT_LSEG/WEATHER/TEMPERATURE_IT_CHART.xls:Zone.Identifier | data/lseg/raw/03_CURRENT_RECENT_LSEG/WEATHER/TEMPERATURE_REPORT.pdf:Zone.Identifier | data/lseg/raw/04_CROSS_BORDER_REFERENCE/01_PRICE_FLOW_GRAPH_CHE_VISIBLE.png:Zone.Identifier | data/lseg/raw/04_CROSS_BORDER_REFERENCE/02_DEU_SELECTED_CONNECTIONS.png:Zone.Identifier | data/lseg/raw/04_CROSS_BORDER_REFERENCE/03_NET_IMPORT_GRAPH.png:Zone.Identifier | data/lseg/raw/04_CROSS_BORDER_REFERENCE/04_NET_IMPORT_CHE_SELECTED_00.png:Zone.Identifier | data/lseg/raw/04_CROSS_BORDER_REFERENCE/05_NET_IMPORT_CHE_SELECTED_12.png:Zone.Identifier | data/lseg/raw/04_CROSS_BORDER_REFERENCE/06_CAPACITY_DIRECTION_1_CHE_SELECTED.png:Zone.Identifier | data/lseg/raw/04_CROSS_BORDER_REFERENCE/07_CAPACITY_DIRECTION_2_CHE_SELECTED_A.png:Zone.Identifier | data/lseg/raw/04_CROSS_BORDER_REFERENCE/08_CAPACITY_DIRECTION_2_CHE_SELECTED_B.png:Zone.Identifier | data/lseg/raw/04_CROSS_BORDER_REFERENCE/09_CAPACITY_DIRECTION_2_CHE_SELECTED_C.png:Zone.Identifier | data/lseg/raw/04_CROSS_BORDER_REFERENCE/10_SCHEDULED_EXCHANGE_NET_IMPORT_GRAPH.png:Zone.Identifier | data/lseg/raw/04_CROSS_BORDER_REFERENCE/11_SCHEDULED_EXCHANGE_CHE_SELECTED.png:Zone.Identifier | data/lseg/raw/04_CROSS_BORDER_REFERENCE/FLOWS_GRAPH_REPORT.pdf:Zone.Identifier | data/lseg/raw/05_LSEG_REFERENCE_PDFS/DEMAND_CONSUMPTION_OVERVIEW.pdf:Zone.Identifier | data/lseg/raw/90_INTERMEDIATE/LSEG_PRICE_DEMAND/FR_15M_RAW.xls.xlsx:Zone.Identifier | data/lseg/raw/90_INTERMEDIATE/LSEG_PRICE_DEMAND/FR_DA_RAW.xlsx:Zone.Identifier | data/lseg/raw/90_INTERMEDIATE/LSEG_PRICE_DEMAND/IT_DA_RAW(1).xlsx:Zone.Identifier | data/lseg/raw/90_INTERMEDIATE/LSEG_PRICE_DEMAND/IT_DA_RAW(2).xlsx:Zone.Identifier | data/lseg/raw/90_INTERMEDIATE/LSEG_PRICE_DEMAND/IT_DA_RAW(3).xlsx:Zone.Identifier | data/lseg/raw/90_INTERMEDIATE/LSEG_PRICE_DEMAND/IT_DA_RAW.xlsx:Zone.Identifier | data/lseg/raw/90_INTERMEDIATE/LSEG_PRICE_DEMAND/IT_DEMAND_15M_ALL_ZONES_TEMPLATE.xlsx:Zone.Identifier | data/lseg/raw/90_INTERMEDIATE/LSEG_PRICE_DEMAND/IT_DEMAND_15M_NORTH.xlsx:Zone.Identifier | data/lseg/raw/90_INTERMEDIATE/LSEG_PRICE_DEMAND/Mappe1(1).xlsx:Zone.Identifier | data/lseg/raw/90_INTERMEDIATE/LSEG_PRICE_DEMAND/Mappe1(2).xlsx:Zone.Identifier | data/lseg/raw/90_INTERMEDIATE/LSEG_PRICE_DEMAND/Mappe1(3).xlsx:Zone.Identifier | data/lseg/raw/90_INTERMEDIATE/LSEG_PRICE_DEMAND/Mappe1(4).xlsx:Zone.Identifier | data/lseg/raw/90_INTERMEDIATE/LSEG_PRICE_DEMAND/Mappe1(5).xlsx:Zone.Identifier | data/lseg/raw/90_INTERMEDIATE/SCREENSHOTS/0a528483-087b-4a33-a2f3-ecdd62770a3a.png:Zone.Identifier | data/lseg/raw/90_INTERMEDIATE/SCREENSHOTS/1609bf25-22b3-4c50-817b-fa945dba6bfe.png:Zone.Identifier | data/lseg/raw/90_INTERMEDIATE/SCREENSHOTS/1d02b907-f21b-48aa-bff6-9bb501bffd31.png:Zone.Identifier | data/lseg/raw/90_INTERMEDIATE/SCREENSHOTS/2bf92681-8086-451b-ad79-2cf2aaa286bf.png:Zone.Identifier | data/lseg/raw/90_INTERMEDIATE/SCREENSHOTS/5048f972-71a5-4bbb-9ebf-495783170275.png:Zone.Identifier | data/lseg/raw/90_INTERMEDIATE/SCREENSHOTS/57688dd7-cfad-46f7-9d61-7173a480ab24.png:Zone.Identifier | data/lseg/raw/90_INTERMEDIATE/SCREENSHOTS/6a48aa3a-47d9-431b-a8d4-4b421a82f395.png:Zone.Identifier | data/lseg/raw/90_INTERMEDIATE/SCREENSHOTS/6b0bf7a6-4724-4c1c-98c7-10c623883a8b.png:Zone.Identifier | data/lseg/raw/90_INTERMEDIATE/SCREENSHOTS/7cdf8489-62e1-4566-9c92-ddde781dfc41.png:Zone.Identifier | data/lseg/raw/90_INTERMEDIATE/SCREENSHOTS/839b9904-b506-4600-a582-19546fc0d0dc.png:Zone.Identifier | data/lseg/raw/90_INTERMEDIATE/SCREENSHOTS/87b02fce-0b58-4ead-b793-267dd464b8ec.png:Zone.Identifier | data/lseg/raw/90_INTERMEDIATE/SCREENSHOTS/917dfe63-9fd2-4e78-89c4-b98dcf9f033f.png:Zone.Identifier | data/lseg/raw/90_INTERMEDIATE/SCREENSHOTS/990167dc-a3d5-4b22-acec-131b4e0f87c9.png:Zone.Identifier | data/lseg/raw/90_INTERMEDIATE/SCREENSHOTS/af6db8b3-1471-4a8e-9879-1e782574016e.png:Zone.Identifier | data/lseg/raw/90_INTERMEDIATE/SCREENSHOTS/b94c25b1-cacf-496f-802b-f74a6ec3c376.png:Zone.Identifier | data/lseg/raw/90_INTERMEDIATE/SCREENSHOTS/bc276a5b-6ae8-473b-abe3-2d17e33bcdd3.png:Zone.Identifier | data/lseg/raw/90_INTERMEDIATE/SCREENSHOTS/chart_100049390.embedded.png:Zone.Identifier | data/lseg/raw/90_INTERMEDIATE/SCREENSHOTS/chart_100127248.embedded.png:Zone.Identifier | data/lseg/raw/90_INTERMEDIATE/SCREENSHOTS/crop_che.png:Zone.Identifier | data/lseg/raw/90_INTERMEDIATE/SCREENSHOTS/de1ee218-60dc-4b11-b243-1f352c398785.png:Zone.Identifier | data/lseg/raw/99_UNCLASSIFIED_RETAINED/LSEG_DISCOVERY_RAW_NOTES.txt:Zone.Identifier | data/lseg/raw/99_UNCLASSIFIED_RETAINED/table_100016453.xls:Zone.Identifier | data/lseg/raw/CH_DA_RAW.xlsx:Zone.Identifier | data/lseg/raw/DE_DA_RAW.xlsx:Zone.Identifier | data/lseg/raw/EDF_NUCLEAR_OUTAGE_REVISIONS_PIT.csv:Zone.Identifier | data/lseg/raw/EDF_NUCLEAR_PIT_DAILY_2021_2026.csv:Zone.Identifier | data/lseg/raw/FR_15M_RAW.xlsx:Zone.Identifier | data/lseg/raw/FR_DA_RAW_COMBINED.xlsx:Zone.Identifier | data/lseg/raw/Historique des indispo des moyens de production - depuis 2015 - 07092026-full.csv:Zone.Identifier | data/lseg/raw/IT_DA_RAW (1).xlsx:Zone.Identifier | data/lseg/raw/IT_DA_RAW.xlsx:Zone.Identifier | data/lseg/raw/IT_DEMAND_15M_ALL_ZONES_TEMPLATE.xlsx:Zone.Identifier | data/lseg/raw/IT_DEMAND_15M_NORTH.xlsx:Zone.Identifier | data/lseg/raw/IT_DEMAND_HOURLY.xlsx:Zone.Identifier | data/lseg/raw/publications-transparence-et-remit-liste-des-messages-edf-sa.csv:Zone.Identifier,Windows download-origin sidecar; excluded from data analysis.
data/lseg/raw/FR_15M_RAW.xlsx,FR_15M_RAW.xlsx,xlsx,other,unclassified,unclassified,UNKNOWN,Timestamp; TRDPRC_1 (RIC-specific repeated field),EUR/MWh likely for price workbooks; MW likely for demand workbooks; units not explicitly declared,Timestamp,"('2025-10-01 00:00:00', '2026-09-08 00:00:00')",15-minute (workbook family),observed/market value series; forecast status not encoded,Not present,Timestamp is delivery/observation time; no issue time,Not present in workbook layout,225475,5/33374 blank data cells in profiled tabular sheets,UNKNOWN,UNKNOWN,,data/lseg/raw/90_INTERMEDIATE/LSEG_PRICE_DEMAND/FR_15M_RAW.xls.xlsx | data/lseg/raw/FR_15M_RAW.xlsx,No reliable semantic mapping inferred.
data/lseg/raw/FR_15M_RAW.xlsx:Zone.Identifier,FR_15M_RAW.xlsx:Zone.Identifier,identifier,metadata_sidecar,ancillary file metadata,Zone.Identifier,UNKNOWN,Not applicable/non-tabular or not safely extractable,Not applicable or not declared,Not safely extractable,Not determined from file metadata,Not determined,Not determinable,Not safely extractable,Not safely extractable,Not safely extractable,25,Not applicable/non-tabular,UNKNOWN,None,,data/lseg/raw/00_START_HERE/ANONYMOUS_XLS_MAPPING.md:Zone.Identifier | data/lseg/raw/00_START_HERE/DATA_CATALOG.csv:Zone.Identifier | data/lseg/raw/00_START_HERE/EXTRACTION_STATUS_AND_GAPS.md:Zone.Identifier | data/lseg/raw/00_START_HERE/LICENSE_NOTES.md:Zone.Identifier | data/lseg/raw/00_START_HERE/MANIFEST_SHA256.csv:Zone.Identifier | data/lseg/raw/00_START_HERE/MISSING_CH_DE_RECOVERY.md:Zone.Identifier | data/lseg/raw/00_START_HERE/MISSING_CH_DE_RICS.csv:Zone.Identifier | data/lseg/raw/00_START_HERE/PROJECT_OBJECTIVE.txt:Zone.Identifier | data/lseg/raw/00_START_HERE/README_FIRST.md:Zone.Identifier | data/lseg/raw/00_START_HERE/RIC_FAMILIES.csv:Zone.Identifier | data/lseg/raw/01_CORE_HISTORICAL/FR_NUCLEAR_PIT/EDF_NUCLEAR_OUTAGE_REVISIONS_PIT.csv:Zone.Identifier | data/lseg/raw/01_CORE_HISTORICAL/FR_NUCLEAR_PIT/EDF_NUCLEAR_PIT_DAILY_2021_2026.csv:Zone.Identifier | data/lseg/raw/01_CORE_HISTORICAL/FR_NUCLEAR_PIT/EDF_NUCLEAR_PIT_SUMMARY.txt:Zone.Identifier | data/lseg/raw/01_CORE_HISTORICAL/LSEG_DEMAND/IT_DEMAND_15M_ALL_7_ZONES_2025_2026.xlsx:Zone.Identifier | data/lseg/raw/01_CORE_HISTORICAL/LSEG_DEMAND/IT_DEMAND_HOURLY_2021_2025.xlsx:Zone.Identifier | data/lseg/raw/01_CORE_HISTORICAL/LSEG_PRICES/FR_DAY_AHEAD_HOURLY_AND_15M.xlsx:Zone.Identifier | data/lseg/raw/01_CORE_HISTORICAL/LSEG_PRICES/IT_DAY_AHEAD_HOURLY_AND_15M.xlsx:Zone.Identifier | data/lseg/raw/02_SOURCE_RAW/FR_NUCLEAR/EDF_OUTAGE_HISTORY_RAW.csv:Zone.Identifier | data/lseg/raw/02_SOURCE_RAW/FR_NUCLEAR/EDF_TRANSPARENCY_REMIT_MESSAGES_RAW.csv:Zone.Identifier | data/lseg/raw/03_CURRENT_RECENT_LSEG/COST_CURVES/cost_curves_2026910_21432.xlsx:Zone.Identifier | data/lseg/raw/03_CURRENT_RECENT_LSEG/COST_CURVES/cost_curves_2026910_21543.xlsx:Zone.Identifier | data/lseg/raw/03_CURRENT_RECENT_LSEG/COST_CURVES/cost_curves_2026910_2164.xlsx:Zone.Identifier | data/lseg/raw/03_CURRENT_RECENT_LSEG/RESIDUAL_LOAD/CWE_RESIDUAL_LOAD_REPORT.pdf:Zone.Identifier | data/lseg/raw/03_CURRENT_RECENT_LSEG/RESIDUAL_LOAD/DE_RESIDUAL_LOAD_CURRENT_RECENT.xls:Zone.Identifier | data/lseg/raw/03_CURRENT_RECENT_LSEG/RESIDUAL_LOAD/DE_RESIDUAL_LOAD_REPORT.pdf:Zone.Identifier | data/lseg/raw/03_CURRENT_RECENT_LSEG/RESIDUAL_LOAD/FR_IT_RESIDUAL_LOAD_EXPORT_A.xls:Zone.Identifier | data/lseg/raw/03_CURRENT_RECENT_LSEG/RESIDUAL_LOAD/FR_IT_RESIDUAL_LOAD_EXPORT_B.xls:Zone.Identifier | data/lseg/raw/03_CURRENT_RECENT_LSEG/SUPPLY_WIND_SOLAR/GB_EMBEDDED_SOLAR_REPORT.pdf:Zone.Identifier | data/lseg/raw/03_CURRENT_RECENT_LSEG/SUPPLY_WIND_SOLAR/GB_EMBEDDED_WIND_REPORT.pdf:Zone.Identifier | data/lseg/raw/03_CURRENT_RECENT_LSEG/SUPPLY_WIND_SOLAR/SUPPLY_WIND_REPORT.pdf:Zone.Identifier | data/lseg/raw/03_CURRENT_RECENT_LSEG/WEATHER/CLOUD_COVER_CH.xls:Zone.Identifier | data/lseg/raw/03_CURRENT_RECENT_LSEG/WEATHER/CLOUD_COVER_REPORT.pdf:Zone.Identifier | data/lseg/raw/03_CURRENT_RECENT_LSEG/WEATHER/ECMWF_CLUSTER_REPORT.pdf:Zone.Identifier | data/lseg/raw/03_CURRENT_RECENT_LSEG/WEATHER/NAO_AO_REPORT.pdf:Zone.Identifier | data/lseg/raw/03_CURRENT_RECENT_LSEG/WEATHER/PRECIPITATION_ALP_AREA_REPORT.pdf:Zone.Identifier | data/lseg/raw/03_CURRENT_RECENT_LSEG/WEATHER/PRECIPITATION_CH_EFFECTIVE.xls:Zone.Identifier | data/lseg/raw/03_CURRENT_RECENT_LSEG/WEATHER/TEMPERATURE_DE_FR_AT_CH_TABLE.xls:Zone.Identifier | data/lseg/raw/03_CURRENT_RECENT_LSEG/WEATHER/TEMPERATURE_IT_CHART.xls:Zone.Identifier | data/lseg/raw/03_CURRENT_RECENT_LSEG/WEATHER/TEMPERATURE_REPORT.pdf:Zone.Identifier | data/lseg/raw/04_CROSS_BORDER_REFERENCE/01_PRICE_FLOW_GRAPH_CHE_VISIBLE.png:Zone.Identifier | data/lseg/raw/04_CROSS_BORDER_REFERENCE/02_DEU_SELECTED_CONNECTIONS.png:Zone.Identifier | data/lseg/raw/04_CROSS_BORDER_REFERENCE/03_NET_IMPORT_GRAPH.png:Zone.Identifier | data/lseg/raw/04_CROSS_BORDER_REFERENCE/04_NET_IMPORT_CHE_SELECTED_00.png:Zone.Identifier | data/lseg/raw/04_CROSS_BORDER_REFERENCE/05_NET_IMPORT_CHE_SELECTED_12.png:Zone.Identifier | data/lseg/raw/04_CROSS_BORDER_REFERENCE/06_CAPACITY_DIRECTION_1_CHE_SELECTED.png:Zone.Identifier | data/lseg/raw/04_CROSS_BORDER_REFERENCE/07_CAPACITY_DIRECTION_2_CHE_SELECTED_A.png:Zone.Identifier | data/lseg/raw/04_CROSS_BORDER_REFERENCE/08_CAPACITY_DIRECTION_2_CHE_SELECTED_B.png:Zone.Identifier | data/lseg/raw/04_CROSS_BORDER_REFERENCE/09_CAPACITY_DIRECTION_2_CHE_SELECTED_C.png:Zone.Identifier | data/lseg/raw/04_CROSS_BORDER_REFERENCE/10_SCHEDULED_EXCHANGE_NET_IMPORT_GRAPH.png:Zone.Identifier | data/lseg/raw/04_CROSS_BORDER_REFERENCE/11_SCHEDULED_EXCHANGE_CHE_SELECTED.png:Zone.Identifier | data/lseg/raw/04_CROSS_BORDER_REFERENCE/FLOWS_GRAPH_REPORT.pdf:Zone.Identifier | data/lseg/raw/05_LSEG_REFERENCE_PDFS/DEMAND_CONSUMPTION_OVERVIEW.pdf:Zone.Identifier | data/lseg/raw/90_INTERMEDIATE/LSEG_PRICE_DEMAND/FR_15M_RAW.xls.xlsx:Zone.Identifier | data/lseg/raw/90_INTERMEDIATE/LSEG_PRICE_DEMAND/FR_DA_RAW.xlsx:Zone.Identifier | data/lseg/raw/90_INTERMEDIATE/LSEG_PRICE_DEMAND/IT_DA_RAW(1).xlsx:Zone.Identifier | data/lseg/raw/90_INTERMEDIATE/LSEG_PRICE_DEMAND/IT_DA_RAW(2).xlsx:Zone.Identifier | data/lseg/raw/90_INTERMEDIATE/LSEG_PRICE_DEMAND/IT_DA_RAW(3).xlsx:Zone.Identifier | data/lseg/raw/90_INTERMEDIATE/LSEG_PRICE_DEMAND/IT_DA_RAW.xlsx:Zone.Identifier | data/lseg/raw/90_INTERMEDIATE/LSEG_PRICE_DEMAND/IT_DEMAND_15M_ALL_ZONES_TEMPLATE.xlsx:Zone.Identifier | data/lseg/raw/90_INTERMEDIATE/LSEG_PRICE_DEMAND/IT_DEMAND_15M_NORTH.xlsx:Zone.Identifier | data/lseg/raw/90_INTERMEDIATE/LSEG_PRICE_DEMAND/Mappe1(1).xlsx:Zone.Identifier | data/lseg/raw/90_INTERMEDIATE/LSEG_PRICE_DEMAND/Mappe1(2).xlsx:Zone.Identifier | data/lseg/raw/90_INTERMEDIATE/LSEG_PRICE_DEMAND/Mappe1(3).xlsx:Zone.Identifier | data/lseg/raw/90_INTERMEDIATE/LSEG_PRICE_DEMAND/Mappe1(4).xlsx:Zone.Identifier | data/lseg/raw/90_INTERMEDIATE/LSEG_PRICE_DEMAND/Mappe1(5).xlsx:Zone.Identifier | data/lseg/raw/90_INTERMEDIATE/SCREENSHOTS/0a528483-087b-4a33-a2f3-ecdd62770a3a.png:Zone.Identifier | data/lseg/raw/90_INTERMEDIATE/SCREENSHOTS/1609bf25-22b3-4c50-817b-fa945dba6bfe.png:Zone.Identifier | data/lseg/raw/90_INTERMEDIATE/SCREENSHOTS/1d02b907-f21b-48aa-bff6-9bb501bffd31.png:Zone.Identifier | data/lseg/raw/90_INTERMEDIATE/SCREENSHOTS/2bf92681-8086-451b-ad79-2cf2aaa286bf.png:Zone.Identifier | data/lseg/raw/90_INTERMEDIATE/SCREENSHOTS/5048f972-71a5-4bbb-9ebf-495783170275.png:Zone.Identifier | data/lseg/raw/90_INTERMEDIATE/SCREENSHOTS/57688dd7-cfad-46f7-9d61-7173a480ab24.png:Zone.Identifier | data/lseg/raw/90_INTERMEDIATE/SCREENSHOTS/6a48aa3a-47d9-431b-a8d4-4b421a82f395.png:Zone.Identifier | data/lseg/raw/90_INTERMEDIATE/SCREENSHOTS/6b0bf7a6-4724-4c1c-98c7-10c623883a8b.png:Zone.Identifier | data/lseg/raw/90_INTERMEDIATE/SCREENSHOTS/7cdf8489-62e1-4566-9c92-ddde781dfc41.png:Zone.Identifier | data/lseg/raw/90_INTERMEDIATE/SCREENSHOTS/839b9904-b506-4600-a582-19546fc0d0dc.png:Zone.Identifier | data/lseg/raw/90_INTERMEDIATE/SCREENSHOTS/87b02fce-0b58-4ead-b793-267dd464b8ec.png:Zone.Identifier | data/lseg/raw/90_INTERMEDIATE/SCREENSHOTS/917dfe63-9fd2-4e78-89c4-b98dcf9f033f.png:Zone.Identifier | data/lseg/raw/90_INTERMEDIATE/SCREENSHOTS/990167dc-a3d5-4b22-acec-131b4e0f87c9.png:Zone.Identifier | data/lseg/raw/90_INTERMEDIATE/SCREENSHOTS/af6db8b3-1471-4a8e-9879-1e782574016e.png:Zone.Identifier | data/lseg/raw/90_INTERMEDIATE/SCREENSHOTS/b94c25b1-cacf-496f-802b-f74a6ec3c376.png:Zone.Identifier | data/lseg/raw/90_INTERMEDIATE/SCREENSHOTS/bc276a5b-6ae8-473b-abe3-2d17e33bcdd3.png:Zone.Identifier | data/lseg/raw/90_INTERMEDIATE/SCREENSHOTS/chart_100049390.embedded.png:Zone.Identifier | data/lseg/raw/90_INTERMEDIATE/SCREENSHOTS/chart_100127248.embedded.png:Zone.Identifier | data/lseg/raw/90_INTERMEDIATE/SCREENSHOTS/crop_che.png:Zone.Identifier | data/lseg/raw/90_INTERMEDIATE/SCREENSHOTS/de1ee218-60dc-4b11-b243-1f352c398785.png:Zone.Identifier | data/lseg/raw/99_UNCLASSIFIED_RETAINED/LSEG_DISCOVERY_RAW_NOTES.txt:Zone.Identifier | data/lseg/raw/99_UNCLASSIFIED_RETAINED/table_100016453.xls:Zone.Identifier | data/lseg/raw/CH_DA_RAW.xlsx:Zone.Identifier | data/lseg/raw/DE_DA_RAW.xlsx:Zone.Identifier | data/lseg/raw/EDF_NUCLEAR_OUTAGE_REVISIONS_PIT.csv:Zone.Identifier | data/lseg/raw/EDF_NUCLEAR_PIT_DAILY_2021_2026.csv:Zone.Identifier | data/lseg/raw/FR_15M_RAW.xlsx:Zone.Identifier | data/lseg/raw/FR_DA_RAW_COMBINED.xlsx:Zone.Identifier | data/lseg/raw/Historique des indispo des moyens de production - depuis 2015 - 07092026-full.csv:Zone.Identifier | data/lseg/raw/IT_DA_RAW (1).xlsx:Zone.Identifier | data/lseg/raw/IT_DA_RAW.xlsx:Zone.Identifier | data/lseg/raw/IT_DEMAND_15M_ALL_ZONES_TEMPLATE.xlsx:Zone.Identifier | data/lseg/raw/IT_DEMAND_15M_NORTH.xlsx:Zone.Identifier | data/lseg/raw/IT_DEMAND_HOURLY.xlsx:Zone.Identifier | data/lseg/raw/publications-transparence-et-remit-liste-des-messages-edf-sa.csv:Zone.Identifier,Windows download-origin sidecar; excluded from data analysis.
data/lseg/raw/FR_DA_RAW_COMBINED.xlsx,FR_DA_RAW_COMBINED.xlsx,xlsx,dataset,prices/day-ahead,day-ahead power prices,FR,Timestamp; TRDPRC_1 (RIC-specific repeated field),EUR/MWh likely for price workbooks; MW likely for demand workbooks; units not explicitly declared,Timestamp,"('2021-01-01 00:00:00', '2026-09-08 00:00:00')",15-minute (workbook family),observed/market value series; forecast status not encoded,Not present,Timestamp is delivery/observation time; no issue time,Not present in workbook layout,461216,7137/83853 blank data cells in profiled tabular sheets,PIT_RECONSTRUCTABLE,No corresponding model-ready family in Databricks inventory,,data/lseg/raw/01_CORE_HISTORICAL/LSEG_PRICES/FR_DAY_AHEAD_HOURLY_AND_15M.xlsx | data/lseg/raw/FR_DA_RAW_COMBINED.xlsx,Price units likely EUR/MWh from series context; workbook does not declare units. Exact-content duplicate of another retained path; count once for unique information.
data/lseg/raw/FR_DA_RAW_COMBINED.xlsx:Zone.Identifier,FR_DA_RAW_COMBINED.xlsx:Zone.Identifier,identifier,metadata_sidecar,ancillary file metadata,Zone.Identifier,UNKNOWN,Not applicable/non-tabular or not safely extractable,Not applicable or not declared,Not safely extractable,Not determined from file metadata,Not determined,Not determinable,Not safely extractable,Not safely extractable,Not safely extractable,25,Not applicable/non-tabular,UNKNOWN,None,,data/lseg/raw/00_START_HERE/ANONYMOUS_XLS_MAPPING.md:Zone.Identifier | data/lseg/raw/00_START_HERE/DATA_CATALOG.csv:Zone.Identifier | data/lseg/raw/00_START_HERE/EXTRACTION_STATUS_AND_GAPS.md:Zone.Identifier | data/lseg/raw/00_START_HERE/LICENSE_NOTES.md:Zone.Identifier | data/lseg/raw/00_START_HERE/MANIFEST_SHA256.csv:Zone.Identifier | data/lseg/raw/00_START_HERE/MISSING_CH_DE_RECOVERY.md:Zone.Identifier | data/lseg/raw/00_START_HERE/MISSING_CH_DE_RICS.csv:Zone.Identifier | data/lseg/raw/00_START_HERE/PROJECT_OBJECTIVE.txt:Zone.Identifier | data/lseg/raw/00_START_HERE/README_FIRST.md:Zone.Identifier | data/lseg/raw/00_START_HERE/RIC_FAMILIES.csv:Zone.Identifier | data/lseg/raw/01_CORE_HISTORICAL/FR_NUCLEAR_PIT/EDF_NUCLEAR_OUTAGE_REVISIONS_PIT.csv:Zone.Identifier | data/lseg/raw/01_CORE_HISTORICAL/FR_NUCLEAR_PIT/EDF_NUCLEAR_PIT_DAILY_2021_2026.csv:Zone.Identifier | data/lseg/raw/01_CORE_HISTORICAL/FR_NUCLEAR_PIT/EDF_NUCLEAR_PIT_SUMMARY.txt:Zone.Identifier | data/lseg/raw/01_CORE_HISTORICAL/LSEG_DEMAND/IT_DEMAND_15M_ALL_7_ZONES_2025_2026.xlsx:Zone.Identifier | data/lseg/raw/01_CORE_HISTORICAL/LSEG_DEMAND/IT_DEMAND_HOURLY_2021_2025.xlsx:Zone.Identifier | data/lseg/raw/01_CORE_HISTORICAL/LSEG_PRICES/FR_DAY_AHEAD_HOURLY_AND_15M.xlsx:Zone.Identifier | data/lseg/raw/01_CORE_HISTORICAL/LSEG_PRICES/IT_DAY_AHEAD_HOURLY_AND_15M.xlsx:Zone.Identifier | data/lseg/raw/02_SOURCE_RAW/FR_NUCLEAR/EDF_OUTAGE_HISTORY_RAW.csv:Zone.Identifier | data/lseg/raw/02_SOURCE_RAW/FR_NUCLEAR/EDF_TRANSPARENCY_REMIT_MESSAGES_RAW.csv:Zone.Identifier | data/lseg/raw/03_CURRENT_RECENT_LSEG/COST_CURVES/cost_curves_2026910_21432.xlsx:Zone.Identifier | data/lseg/raw/03_CURRENT_RECENT_LSEG/COST_CURVES/cost_curves_2026910_21543.xlsx:Zone.Identifier | data/lseg/raw/03_CURRENT_RECENT_LSEG/COST_CURVES/cost_curves_2026910_2164.xlsx:Zone.Identifier | data/lseg/raw/03_CURRENT_RECENT_LSEG/RESIDUAL_LOAD/CWE_RESIDUAL_LOAD_REPORT.pdf:Zone.Identifier | data/lseg/raw/03_CURRENT_RECENT_LSEG/RESIDUAL_LOAD/DE_RESIDUAL_LOAD_CURRENT_RECENT.xls:Zone.Identifier | data/lseg/raw/03_CURRENT_RECENT_LSEG/RESIDUAL_LOAD/DE_RESIDUAL_LOAD_REPORT.pdf:Zone.Identifier | data/lseg/raw/03_CURRENT_RECENT_LSEG/RESIDUAL_LOAD/FR_IT_RESIDUAL_LOAD_EXPORT_A.xls:Zone.Identifier | data/lseg/raw/03_CURRENT_RECENT_LSEG/RESIDUAL_LOAD/FR_IT_RESIDUAL_LOAD_EXPORT_B.xls:Zone.Identifier | data/lseg/raw/03_CURRENT_RECENT_LSEG/SUPPLY_WIND_SOLAR/GB_EMBEDDED_SOLAR_REPORT.pdf:Zone.Identifier | data/lseg/raw/03_CURRENT_RECENT_LSEG/SUPPLY_WIND_SOLAR/GB_EMBEDDED_WIND_REPORT.pdf:Zone.Identifier | data/lseg/raw/03_CURRENT_RECENT_LSEG/SUPPLY_WIND_SOLAR/SUPPLY_WIND_REPORT.pdf:Zone.Identifier | data/lseg/raw/03_CURRENT_RECENT_LSEG/WEATHER/CLOUD_COVER_CH.xls:Zone.Identifier | data/lseg/raw/03_CURRENT_RECENT_LSEG/WEATHER/CLOUD_COVER_REPORT.pdf:Zone.Identifier | data/lseg/raw/03_CURRENT_RECENT_LSEG/WEATHER/ECMWF_CLUSTER_REPORT.pdf:Zone.Identifier | data/lseg/raw/03_CURRENT_RECENT_LSEG/WEATHER/NAO_AO_REPORT.pdf:Zone.Identifier | data/lseg/raw/03_CURRENT_RECENT_LSEG/WEATHER/PRECIPITATION_ALP_AREA_REPORT.pdf:Zone.Identifier | data/lseg/raw/03_CURRENT_RECENT_LSEG/WEATHER/PRECIPITATION_CH_EFFECTIVE.xls:Zone.Identifier | data/lseg/raw/03_CURRENT_RECENT_LSEG/WEATHER/TEMPERATURE_DE_FR_AT_CH_TABLE.xls:Zone.Identifier | data/lseg/raw/03_CURRENT_RECENT_LSEG/WEATHER/TEMPERATURE_IT_CHART.xls:Zone.Identifier | data/lseg/raw/03_CURRENT_RECENT_LSEG/WEATHER/TEMPERATURE_REPORT.pdf:Zone.Identifier | data/lseg/raw/04_CROSS_BORDER_REFERENCE/01_PRICE_FLOW_GRAPH_CHE_VISIBLE.png:Zone.Identifier | data/lseg/raw/04_CROSS_BORDER_REFERENCE/02_DEU_SELECTED_CONNECTIONS.png:Zone.Identifier | data/lseg/raw/04_CROSS_BORDER_REFERENCE/03_NET_IMPORT_GRAPH.png:Zone.Identifier | data/lseg/raw/04_CROSS_BORDER_REFERENCE/04_NET_IMPORT_CHE_SELECTED_00.png:Zone.Identifier | data/lseg/raw/04_CROSS_BORDER_REFERENCE/05_NET_IMPORT_CHE_SELECTED_12.png:Zone.Identifier | data/lseg/raw/04_CROSS_BORDER_REFERENCE/06_CAPACITY_DIRECTION_1_CHE_SELECTED.png:Zone.Identifier | data/lseg/raw/04_CROSS_BORDER_REFERENCE/07_CAPACITY_DIRECTION_2_CHE_SELECTED_A.png:Zone.Identifier | data/lseg/raw/04_CROSS_BORDER_REFERENCE/08_CAPACITY_DIRECTION_2_CHE_SELECTED_B.png:Zone.Identifier | data/lseg/raw/04_CROSS_BORDER_REFERENCE/09_CAPACITY_DIRECTION_2_CHE_SELECTED_C.png:Zone.Identifier | data/lseg/raw/04_CROSS_BORDER_REFERENCE/10_SCHEDULED_EXCHANGE_NET_IMPORT_GRAPH.png:Zone.Identifier | data/lseg/raw/04_CROSS_BORDER_REFERENCE/11_SCHEDULED_EXCHANGE_CHE_SELECTED.png:Zone.Identifier | data/lseg/raw/04_CROSS_BORDER_REFERENCE/FLOWS_GRAPH_REPORT.pdf:Zone.Identifier | data/lseg/raw/05_LSEG_REFERENCE_PDFS/DEMAND_CONSUMPTION_OVERVIEW.pdf:Zone.Identifier | data/lseg/raw/90_INTERMEDIATE/LSEG_PRICE_DEMAND/FR_15M_RAW.xls.xlsx:Zone.Identifier | data/lseg/raw/90_INTERMEDIATE/LSEG_PRICE_DEMAND/FR_DA_RAW.xlsx:Zone.Identifier | data/lseg/raw/90_INTERMEDIATE/LSEG_PRICE_DEMAND/IT_DA_RAW(1).xlsx:Zone.Identifier | data/lseg/raw/90_INTERMEDIATE/LSEG_PRICE_DEMAND/IT_DA_RAW(2).xlsx:Zone.Identifier | data/lseg/raw/90_INTERMEDIATE/LSEG_PRICE_DEMAND/IT_DA_RAW(3).xlsx:Zone.Identifier | data/lseg/raw/90_INTERMEDIATE/LSEG_PRICE_DEMAND/IT_DA_RAW.xlsx:Zone.Identifier | data/lseg/raw/90_INTERMEDIATE/LSEG_PRICE_DEMAND/IT_DEMAND_15M_ALL_ZONES_TEMPLATE.xlsx:Zone.Identifier | data/lseg/raw/90_INTERMEDIATE/LSEG_PRICE_DEMAND/IT_DEMAND_15M_NORTH.xlsx:Zone.Identifier | data/lseg/raw/90_INTERMEDIATE/LSEG_PRICE_DEMAND/Mappe1(1).xlsx:Zone.Identifier | data/lseg/raw/90_INTERMEDIATE/LSEG_PRICE_DEMAND/Mappe1(2).xlsx:Zone.Identifier | data/lseg/raw/90_INTERMEDIATE/LSEG_PRICE_DEMAND/Mappe1(3).xlsx:Zone.Identifier | data/lseg/raw/90_INTERMEDIATE/LSEG_PRICE_DEMAND/Mappe1(4).xlsx:Zone.Identifier | data/lseg/raw/90_INTERMEDIATE/LSEG_PRICE_DEMAND/Mappe1(5).xlsx:Zone.Identifier | data/lseg/raw/90_INTERMEDIATE/SCREENSHOTS/0a528483-087b-4a33-a2f3-ecdd62770a3a.png:Zone.Identifier | data/lseg/raw/90_INTERMEDIATE/SCREENSHOTS/1609bf25-22b3-4c50-817b-fa945dba6bfe.png:Zone.Identifier | data/lseg/raw/90_INTERMEDIATE/SCREENSHOTS/1d02b907-f21b-48aa-bff6-9bb501bffd31.png:Zone.Identifier | data/lseg/raw/90_INTERMEDIATE/SCREENSHOTS/2bf92681-8086-451b-ad79-2cf2aaa286bf.png:Zone.Identifier | data/lseg/raw/90_INTERMEDIATE/SCREENSHOTS/5048f972-71a5-4bbb-9ebf-495783170275.png:Zone.Identifier | data/lseg/raw/90_INTERMEDIATE/SCREENSHOTS/57688dd7-cfad-46f7-9d61-7173a480ab24.png:Zone.Identifier | data/lseg/raw/90_INTERMEDIATE/SCREENSHOTS/6a48aa3a-47d9-431b-a8d4-4b421a82f395.png:Zone.Identifier | data/lseg/raw/90_INTERMEDIATE/SCREENSHOTS/6b0bf7a6-4724-4c1c-98c7-10c623883a8b.png:Zone.Identifier | data/lseg/raw/90_INTERMEDIATE/SCREENSHOTS/7cdf8489-62e1-4566-9c92-ddde781dfc41.png:Zone.Identifier | data/lseg/raw/90_INTERMEDIATE/SCREENSHOTS/839b9904-b506-4600-a582-19546fc0d0dc.png:Zone.Identifier | data/lseg/raw/90_INTERMEDIATE/SCREENSHOTS/87b02fce-0b58-4ead-b793-267dd464b8ec.png:Zone.Identifier | data/lseg/raw/90_INTERMEDIATE/SCREENSHOTS/917dfe63-9fd2-4e78-89c4-b98dcf9f033f.png:Zone.Identifier | data/lseg/raw/90_INTERMEDIATE/SCREENSHOTS/990167dc-a3d5-4b22-acec-131b4e0f87c9.png:Zone.Identifier | data/lseg/raw/90_INTERMEDIATE/SCREENSHOTS/af6db8b3-1471-4a8e-9879-1e782574016e.png:Zone.Identifier | data/lseg/raw/90_INTERMEDIATE/SCREENSHOTS/b94c25b1-cacf-496f-802b-f74a6ec3c376.png:Zone.Identifier | data/lseg/raw/90_INTERMEDIATE/SCREENSHOTS/bc276a5b-6ae8-473b-abe3-2d17e33bcdd3.png:Zone.Identifier | data/lseg/raw/90_INTERMEDIATE/SCREENSHOTS/chart_100049390.embedded.png:Zone.Identifier | data/lseg/raw/90_INTERMEDIATE/SCREENSHOTS/chart_100127248.embedded.png:Zone.Identifier | data/lseg/raw/90_INTERMEDIATE/SCREENSHOTS/crop_che.png:Zone.Identifier | data/lseg/raw/90_INTERMEDIATE/SCREENSHOTS/de1ee218-60dc-4b11-b243-1f352c398785.png:Zone.Identifier | data/lseg/raw/99_UNCLASSIFIED_RETAINED/LSEG_DISCOVERY_RAW_NOTES.txt:Zone.Identifier | data/lseg/raw/99_UNCLASSIFIED_RETAINED/table_100016453.xls:Zone.Identifier | data/lseg/raw/CH_DA_RAW.xlsx:Zone.Identifier | data/lseg/raw/DE_DA_RAW.xlsx:Zone.Identifier | data/lseg/raw/EDF_NUCLEAR_OUTAGE_REVISIONS_PIT.csv:Zone.Identifier | data/lseg/raw/EDF_NUCLEAR_PIT_DAILY_2021_2026.csv:Zone.Identifier | data/lseg/raw/FR_15M_RAW.xlsx:Zone.Identifier | data/lseg/raw/FR_DA_RAW_COMBINED.xlsx:Zone.Identifier | data/lseg/raw/Historique des indispo des moyens de production - depuis 2015 - 07092026-full.csv:Zone.Identifier | data/lseg/raw/IT_DA_RAW (1).xlsx:Zone.Identifier | data/lseg/raw/IT_DA_RAW.xlsx:Zone.Identifier | data/lseg/raw/IT_DEMAND_15M_ALL_ZONES_TEMPLATE.xlsx:Zone.Identifier | data/lseg/raw/IT_DEMAND_15M_NORTH.xlsx:Zone.Identifier | data/lseg/raw/IT_DEMAND_HOURLY.xlsx:Zone.Identifier | data/lseg/raw/publications-transparence-et-remit-liste-des-messages-edf-sa.csv:Zone.Identifier,Windows download-origin sidecar; excluded from data analysis.
data/lseg/raw/Historique des indispo des moyens de production - depuis 2015 - 07092026-full.csv,Historique des indispo des moyens de production - depuis 2015 - 07092026-full.csv,csv,dataset,outages/availability,French nuclear outages,FR,perimetre_juridique; perimetre_spatial; Identifiant; Status; Nom; Filière; Numéro de version; Date de début; Date de fin; Type; Cause; Information complémentaire; Puissance maximale (MW); Puissance disponible (MW); Date de publication,,Date de début; Date de fin; Date de publication,"('2014-03-15T00:00:00+01:00', '2099-12-31T02:00:00+01:00')",event/revision,observed event/availability records,publication field where present,start/end where present,version/status/publication fields where present,159653481,Information complémentaire=105186/413289,PIT_RECONSTRUCTABLE,No corresponding model-ready family in Databricks inventory,,data/lseg/raw/02_SOURCE_RAW/FR_NUCLEAR/EDF_OUTAGE_HISTORY_RAW.csv | data/lseg/raw/Historique des indispo des moyens de production - depuis 2015 - 07092026-full.csv,EDF nuclear availability domain. Exact-content duplicate of another retained path; count once for unique information.
data/lseg/raw/Historique des indispo des moyens de production - depuis 2015 - 07092026-full.csv:Zone.Identifier,Historique des indispo des moyens de production - depuis 2015 - 07092026-full.csv:Zone.Identifier,identifier,metadata_sidecar,ancillary file metadata,Zone.Identifier,UNKNOWN,Not applicable/non-tabular or not safely extractable,Not applicable or not declared,Not safely extractable,Not determined from file metadata,Not determined,Not determinable,Not safely extractable,Not safely extractable,Not safely extractable,25,Not applicable/non-tabular,UNKNOWN,None,,data/lseg/raw/00_START_HERE/ANONYMOUS_XLS_MAPPING.md:Zone.Identifier | data/lseg/raw/00_START_HERE/DATA_CATALOG.csv:Zone.Identifier | data/lseg/raw/00_START_HERE/EXTRACTION_STATUS_AND_GAPS.md:Zone.Identifier | data/lseg/raw/00_START_HERE/LICENSE_NOTES.md:Zone.Identifier | data/lseg/raw/00_START_HERE/MANIFEST_SHA256.csv:Zone.Identifier | data/lseg/raw/00_START_HERE/MISSING_CH_DE_RECOVERY.md:Zone.Identifier | data/lseg/raw/00_START_HERE/MISSING_CH_DE_RICS.csv:Zone.Identifier | data/lseg/raw/00_START_HERE/PROJECT_OBJECTIVE.txt:Zone.Identifier | data/lseg/raw/00_START_HERE/README_FIRST.md:Zone.Identifier | data/lseg/raw/00_START_HERE/RIC_FAMILIES.csv:Zone.Identifier | data/lseg/raw/01_CORE_HISTORICAL/FR_NUCLEAR_PIT/EDF_NUCLEAR_OUTAGE_REVISIONS_PIT.csv:Zone.Identifier | data/lseg/raw/01_CORE_HISTORICAL/FR_NUCLEAR_PIT/EDF_NUCLEAR_PIT_DAILY_2021_2026.csv:Zone.Identifier | data/lseg/raw/01_CORE_HISTORICAL/FR_NUCLEAR_PIT/EDF_NUCLEAR_PIT_SUMMARY.txt:Zone.Identifier | data/lseg/raw/01_CORE_HISTORICAL/LSEG_DEMAND/IT_DEMAND_15M_ALL_7_ZONES_2025_2026.xlsx:Zone.Identifier | data/lseg/raw/01_CORE_HISTORICAL/LSEG_DEMAND/IT_DEMAND_HOURLY_2021_2025.xlsx:Zone.Identifier | data/lseg/raw/01_CORE_HISTORICAL/LSEG_PRICES/FR_DAY_AHEAD_HOURLY_AND_15M.xlsx:Zone.Identifier | data/lseg/raw/01_CORE_HISTORICAL/LSEG_PRICES/IT_DAY_AHEAD_HOURLY_AND_15M.xlsx:Zone.Identifier | data/lseg/raw/02_SOURCE_RAW/FR_NUCLEAR/EDF_OUTAGE_HISTORY_RAW.csv:Zone.Identifier | data/lseg/raw/02_SOURCE_RAW/FR_NUCLEAR/EDF_TRANSPARENCY_REMIT_MESSAGES_RAW.csv:Zone.Identifier | data/lseg/raw/03_CURRENT_RECENT_LSEG/COST_CURVES/cost_curves_2026910_21432.xlsx:Zone.Identifier | data/lseg/raw/03_CURRENT_RECENT_LSEG/COST_CURVES/cost_curves_2026910_21543.xlsx:Zone.Identifier | data/lseg/raw/03_CURRENT_RECENT_LSEG/COST_CURVES/cost_curves_2026910_2164.xlsx:Zone.Identifier | data/lseg/raw/03_CURRENT_RECENT_LSEG/RESIDUAL_LOAD/CWE_RESIDUAL_LOAD_REPORT.pdf:Zone.Identifier | data/lseg/raw/03_CURRENT_RECENT_LSEG/RESIDUAL_LOAD/DE_RESIDUAL_LOAD_CURRENT_RECENT.xls:Zone.Identifier | data/lseg/raw/03_CURRENT_RECENT_LSEG/RESIDUAL_LOAD/DE_RESIDUAL_LOAD_REPORT.pdf:Zone.Identifier | data/lseg/raw/03_CURRENT_RECENT_LSEG/RESIDUAL_LOAD/FR_IT_RESIDUAL_LOAD_EXPORT_A.xls:Zone.Identifier | data/lseg/raw/03_CURRENT_RECENT_LSEG/RESIDUAL_LOAD/FR_IT_RESIDUAL_LOAD_EXPORT_B.xls:Zone.Identifier | data/lseg/raw/03_CURRENT_RECENT_LSEG/SUPPLY_WIND_SOLAR/GB_EMBEDDED_SOLAR_REPORT.pdf:Zone.Identifier | data/lseg/raw/03_CURRENT_RECENT_LSEG/SUPPLY_WIND_SOLAR/GB_EMBEDDED_WIND_REPORT.pdf:Zone.Identifier | data/lseg/raw/03_CURRENT_RECENT_LSEG/SUPPLY_WIND_SOLAR/SUPPLY_WIND_REPORT.pdf:Zone.Identifier | data/lseg/raw/03_CURRENT_RECENT_LSEG/WEATHER/CLOUD_COVER_CH.xls:Zone.Identifier | data/lseg/raw/03_CURRENT_RECENT_LSEG/WEATHER/CLOUD_COVER_REPORT.pdf:Zone.Identifier | data/lseg/raw/03_CURRENT_RECENT_LSEG/WEATHER/ECMWF_CLUSTER_REPORT.pdf:Zone.Identifier | data/lseg/raw/03_CURRENT_RECENT_LSEG/WEATHER/NAO_AO_REPORT.pdf:Zone.Identifier | data/lseg/raw/03_CURRENT_RECENT_LSEG/WEATHER/PRECIPITATION_ALP_AREA_REPORT.pdf:Zone.Identifier | data/lseg/raw/03_CURRENT_RECENT_LSEG/WEATHER/PRECIPITATION_CH_EFFECTIVE.xls:Zone.Identifier | data/lseg/raw/03_CURRENT_RECENT_LSEG/WEATHER/TEMPERATURE_DE_FR_AT_CH_TABLE.xls:Zone.Identifier | data/lseg/raw/03_CURRENT_RECENT_LSEG/WEATHER/TEMPERATURE_IT_CHART.xls:Zone.Identifier | data/lseg/raw/03_CURRENT_RECENT_LSEG/WEATHER/TEMPERATURE_REPORT.pdf:Zone.Identifier | data/lseg/raw/04_CROSS_BORDER_REFERENCE/01_PRICE_FLOW_GRAPH_CHE_VISIBLE.png:Zone.Identifier | data/lseg/raw/04_CROSS_BORDER_REFERENCE/02_DEU_SELECTED_CONNECTIONS.png:Zone.Identifier | data/lseg/raw/04_CROSS_BORDER_REFERENCE/03_NET_IMPORT_GRAPH.png:Zone.Identifier | data/lseg/raw/04_CROSS_BORDER_REFERENCE/04_NET_IMPORT_CHE_SELECTED_00.png:Zone.Identifier | data/lseg/raw/04_CROSS_BORDER_REFERENCE/05_NET_IMPORT_CHE_SELECTED_12.png:Zone.Identifier | data/lseg/raw/04_CROSS_BORDER_REFERENCE/06_CAPACITY_DIRECTION_1_CHE_SELECTED.png:Zone.Identifier | data/lseg/raw/04_CROSS_BORDER_REFERENCE/07_CAPACITY_DIRECTION_2_CHE_SELECTED_A.png:Zone.Identifier | data/lseg/raw/04_CROSS_BORDER_REFERENCE/08_CAPACITY_DIRECTION_2_CHE_SELECTED_B.png:Zone.Identifier | data/lseg/raw/04_CROSS_BORDER_REFERENCE/09_CAPACITY_DIRECTION_2_CHE_SELECTED_C.png:Zone.Identifier | data/lseg/raw/04_CROSS_BORDER_REFERENCE/10_SCHEDULED_EXCHANGE_NET_IMPORT_GRAPH.png:Zone.Identifier | data/lseg/raw/04_CROSS_BORDER_REFERENCE/11_SCHEDULED_EXCHANGE_CHE_SELECTED.png:Zone.Identifier | data/lseg/raw/04_CROSS_BORDER_REFERENCE/FLOWS_GRAPH_REPORT.pdf:Zone.Identifier | data/lseg/raw/05_LSEG_REFERENCE_PDFS/DEMAND_CONSUMPTION_OVERVIEW.pdf:Zone.Identifier | data/lseg/raw/90_INTERMEDIATE/LSEG_PRICE_DEMAND/FR_15M_RAW.xls.xlsx:Zone.Identifier | data/lseg/raw/90_INTERMEDIATE/LSEG_PRICE_DEMAND/FR_DA_RAW.xlsx:Zone.Identifier | data/lseg/raw/90_INTERMEDIATE/LSEG_PRICE_DEMAND/IT_DA_RAW(1).xlsx:Zone.Identifier | data/lseg/raw/90_INTERMEDIATE/LSEG_PRICE_DEMAND/IT_DA_RAW(2).xlsx:Zone.Identifier | data/lseg/raw/90_INTERMEDIATE/LSEG_PRICE_DEMAND/IT_DA_RAW(3).xlsx:Zone.Identifier | data/lseg/raw/90_INTERMEDIATE/LSEG_PRICE_DEMAND/IT_DA_RAW.xlsx:Zone.Identifier | data/lseg/raw/90_INTERMEDIATE/LSEG_PRICE_DEMAND/IT_DEMAND_15M_ALL_ZONES_TEMPLATE.xlsx:Zone.Identifier | data/lseg/raw/90_INTERMEDIATE/LSEG_PRICE_DEMAND/IT_DEMAND_15M_NORTH.xlsx:Zone.Identifier | data/lseg/raw/90_INTERMEDIATE/LSEG_PRICE_DEMAND/Mappe1(1).xlsx:Zone.Identifier | data/lseg/raw/90_INTERMEDIATE/LSEG_PRICE_DEMAND/Mappe1(2).xlsx:Zone.Identifier | data/lseg/raw/90_INTERMEDIATE/LSEG_PRICE_DEMAND/Mappe1(3).xlsx:Zone.Identifier | data/lseg/raw/90_INTERMEDIATE/LSEG_PRICE_DEMAND/Mappe1(4).xlsx:Zone.Identifier | data/lseg/raw/90_INTERMEDIATE/LSEG_PRICE_DEMAND/Mappe1(5).xlsx:Zone.Identifier | data/lseg/raw/90_INTERMEDIATE/SCREENSHOTS/0a528483-087b-4a33-a2f3-ecdd62770a3a.png:Zone.Identifier | data/lseg/raw/90_INTERMEDIATE/SCREENSHOTS/1609bf25-22b3-4c50-817b-fa945dba6bfe.png:Zone.Identifier | data/lseg/raw/90_INTERMEDIATE/SCREENSHOTS/1d02b907-f21b-48aa-bff6-9bb501bffd31.png:Zone.Identifier | data/lseg/raw/90_INTERMEDIATE/SCREENSHOTS/2bf92681-8086-451b-ad79-2cf2aaa286bf.png:Zone.Identifier | data/lseg/raw/90_INTERMEDIATE/SCREENSHOTS/5048f972-71a5-4bbb-9ebf-495783170275.png:Zone.Identifier | data/lseg/raw/90_INTERMEDIATE/SCREENSHOTS/57688dd7-cfad-46f7-9d61-7173a480ab24.png:Zone.Identifier | data/lseg/raw/90_INTERMEDIATE/SCREENSHOTS/6a48aa3a-47d9-431b-a8d4-4b421a82f395.png:Zone.Identifier | data/lseg/raw/90_INTERMEDIATE/SCREENSHOTS/6b0bf7a6-4724-4c1c-98c7-10c623883a8b.png:Zone.Identifier | data/lseg/raw/90_INTERMEDIATE/SCREENSHOTS/7cdf8489-62e1-4566-9c92-ddde781dfc41.png:Zone.Identifier | data/lseg/raw/90_INTERMEDIATE/SCREENSHOTS/839b9904-b506-4600-a582-19546fc0d0dc.png:Zone.Identifier | data/lseg/raw/90_INTERMEDIATE/SCREENSHOTS/87b02fce-0b58-4ead-b793-267dd464b8ec.png:Zone.Identifier | data/lseg/raw/90_INTERMEDIATE/SCREENSHOTS/917dfe63-9fd2-4e78-89c4-b98dcf9f033f.png:Zone.Identifier | data/lseg/raw/90_INTERMEDIATE/SCREENSHOTS/990167dc-a3d5-4b22-acec-131b4e0f87c9.png:Zone.Identifier | data/lseg/raw/90_INTERMEDIATE/SCREENSHOTS/af6db8b3-1471-4a8e-9879-1e782574016e.png:Zone.Identifier | data/lseg/raw/90_INTERMEDIATE/SCREENSHOTS/b94c25b1-cacf-496f-802b-f74a6ec3c376.png:Zone.Identifier | data/lseg/raw/90_INTERMEDIATE/SCREENSHOTS/bc276a5b-6ae8-473b-abe3-2d17e33bcdd3.png:Zone.Identifier | data/lseg/raw/90_INTERMEDIATE/SCREENSHOTS/chart_100049390.embedded.png:Zone.Identifier | data/lseg/raw/90_INTERMEDIATE/SCREENSHOTS/chart_100127248.embedded.png:Zone.Identifier | data/lseg/raw/90_INTERMEDIATE/SCREENSHOTS/crop_che.png:Zone.Identifier | data/lseg/raw/90_INTERMEDIATE/SCREENSHOTS/de1ee218-60dc-4b11-b243-1f352c398785.png:Zone.Identifier | data/lseg/raw/99_UNCLASSIFIED_RETAINED/LSEG_DISCOVERY_RAW_NOTES.txt:Zone.Identifier | data/lseg/raw/99_UNCLASSIFIED_RETAINED/table_100016453.xls:Zone.Identifier | data/lseg/raw/CH_DA_RAW.xlsx:Zone.Identifier | data/lseg/raw/DE_DA_RAW.xlsx:Zone.Identifier | data/lseg/raw/EDF_NUCLEAR_OUTAGE_REVISIONS_PIT.csv:Zone.Identifier | data/lseg/raw/EDF_NUCLEAR_PIT_DAILY_2021_2026.csv:Zone.Identifier | data/lseg/raw/FR_15M_RAW.xlsx:Zone.Identifier | data/lseg/raw/FR_DA_RAW_COMBINED.xlsx:Zone.Identifier | data/lseg/raw/Historique des indispo des moyens de production - depuis 2015 - 07092026-full.csv:Zone.Identifier | data/lseg/raw/IT_DA_RAW (1).xlsx:Zone.Identifier | data/lseg/raw/IT_DA_RAW.xlsx:Zone.Identifier | data/lseg/raw/IT_DEMAND_15M_ALL_ZONES_TEMPLATE.xlsx:Zone.Identifier | data/lseg/raw/IT_DEMAND_15M_NORTH.xlsx:Zone.Identifier | data/lseg/raw/IT_DEMAND_HOURLY.xlsx:Zone.Identifier | data/lseg/raw/publications-transparence-et-remit-liste-des-messages-edf-sa.csv:Zone.Identifier,Windows download-origin sidecar; excluded from data analysis.
data/lseg/raw/IT_DA_RAW (1).xlsx,IT_DA_RAW (1).xlsx,xlsx,dataset,prices/day-ahead,day-ahead power prices,IT,Timestamp; TRDPRC_1 (RIC-specific repeated field),EUR/MWh likely for price workbooks; MW likely for demand workbooks; units not explicitly declared,Timestamp,"('2021-01-01 00:00:00', '2025-09-29 00:00:00')",not established from filename,observed/market value series; forecast status not encoded,Not present,Timestamp is delivery/observation time; no issue time,Not present in workbook layout,623275,0/84962 blank data cells in profiled tabular sheets,PIT_RECONSTRUCTABLE,No corresponding model-ready family in Databricks inventory,,data/lseg/raw/90_INTERMEDIATE/LSEG_PRICE_DEMAND/IT_DA_RAW.xlsx | data/lseg/raw/IT_DA_RAW (1).xlsx,Price units likely EUR/MWh from series context; workbook does not declare units. Exact-content duplicate of another retained path; count once for unique information.
data/lseg/raw/IT_DA_RAW (1).xlsx:Zone.Identifier,IT_DA_RAW (1).xlsx:Zone.Identifier,identifier,metadata_sidecar,ancillary file metadata,Zone.Identifier,UNKNOWN,Not applicable/non-tabular or not safely extractable,Not applicable or not declared,Not safely extractable,Not determined from file metadata,Not determined,Not determinable,Not safely extractable,Not safely extractable,Not safely extractable,25,Not applicable/non-tabular,UNKNOWN,None,,data/lseg/raw/00_START_HERE/ANONYMOUS_XLS_MAPPING.md:Zone.Identifier | data/lseg/raw/00_START_HERE/DATA_CATALOG.csv:Zone.Identifier | data/lseg/raw/00_START_HERE/EXTRACTION_STATUS_AND_GAPS.md:Zone.Identifier | data/lseg/raw/00_START_HERE/LICENSE_NOTES.md:Zone.Identifier | data/lseg/raw/00_START_HERE/MANIFEST_SHA256.csv:Zone.Identifier | data/lseg/raw/00_START_HERE/MISSING_CH_DE_RECOVERY.md:Zone.Identifier | data/lseg/raw/00_START_HERE/MISSING_CH_DE_RICS.csv:Zone.Identifier | data/lseg/raw/00_START_HERE/PROJECT_OBJECTIVE.txt:Zone.Identifier | data/lseg/raw/00_START_HERE/README_FIRST.md:Zone.Identifier | data/lseg/raw/00_START_HERE/RIC_FAMILIES.csv:Zone.Identifier | data/lseg/raw/01_CORE_HISTORICAL/FR_NUCLEAR_PIT/EDF_NUCLEAR_OUTAGE_REVISIONS_PIT.csv:Zone.Identifier | data/lseg/raw/01_CORE_HISTORICAL/FR_NUCLEAR_PIT/EDF_NUCLEAR_PIT_DAILY_2021_2026.csv:Zone.Identifier | data/lseg/raw/01_CORE_HISTORICAL/FR_NUCLEAR_PIT/EDF_NUCLEAR_PIT_SUMMARY.txt:Zone.Identifier | data/lseg/raw/01_CORE_HISTORICAL/LSEG_DEMAND/IT_DEMAND_15M_ALL_7_ZONES_2025_2026.xlsx:Zone.Identifier | data/lseg/raw/01_CORE_HISTORICAL/LSEG_DEMAND/IT_DEMAND_HOURLY_2021_2025.xlsx:Zone.Identifier | data/lseg/raw/01_CORE_HISTORICAL/LSEG_PRICES/FR_DAY_AHEAD_HOURLY_AND_15M.xlsx:Zone.Identifier | data/lseg/raw/01_CORE_HISTORICAL/LSEG_PRICES/IT_DAY_AHEAD_HOURLY_AND_15M.xlsx:Zone.Identifier | data/lseg/raw/02_SOURCE_RAW/FR_NUCLEAR/EDF_OUTAGE_HISTORY_RAW.csv:Zone.Identifier | data/lseg/raw/02_SOURCE_RAW/FR_NUCLEAR/EDF_TRANSPARENCY_REMIT_MESSAGES_RAW.csv:Zone.Identifier | data/lseg/raw/03_CURRENT_RECENT_LSEG/COST_CURVES/cost_curves_2026910_21432.xlsx:Zone.Identifier | data/lseg/raw/03_CURRENT_RECENT_LSEG/COST_CURVES/cost_curves_2026910_21543.xlsx:Zone.Identifier | data/lseg/raw/03_CURRENT_RECENT_LSEG/COST_CURVES/cost_curves_2026910_2164.xlsx:Zone.Identifier | data/lseg/raw/03_CURRENT_RECENT_LSEG/RESIDUAL_LOAD/CWE_RESIDUAL_LOAD_REPORT.pdf:Zone.Identifier | data/lseg/raw/03_CURRENT_RECENT_LSEG/RESIDUAL_LOAD/DE_RESIDUAL_LOAD_CURRENT_RECENT.xls:Zone.Identifier | data/lseg/raw/03_CURRENT_RECENT_LSEG/RESIDUAL_LOAD/DE_RESIDUAL_LOAD_REPORT.pdf:Zone.Identifier | data/lseg/raw/03_CURRENT_RECENT_LSEG/RESIDUAL_LOAD/FR_IT_RESIDUAL_LOAD_EXPORT_A.xls:Zone.Identifier | data/lseg/raw/03_CURRENT_RECENT_LSEG/RESIDUAL_LOAD/FR_IT_RESIDUAL_LOAD_EXPORT_B.xls:Zone.Identifier | data/lseg/raw/03_CURRENT_RECENT_LSEG/SUPPLY_WIND_SOLAR/GB_EMBEDDED_SOLAR_REPORT.pdf:Zone.Identifier | data/lseg/raw/03_CURRENT_RECENT_LSEG/SUPPLY_WIND_SOLAR/GB_EMBEDDED_WIND_REPORT.pdf:Zone.Identifier | data/lseg/raw/03_CURRENT_RECENT_LSEG/SUPPLY_WIND_SOLAR/SUPPLY_WIND_REPORT.pdf:Zone.Identifier | data/lseg/raw/03_CURRENT_RECENT_LSEG/WEATHER/CLOUD_COVER_CH.xls:Zone.Identifier | data/lseg/raw/03_CURRENT_RECENT_LSEG/WEATHER/CLOUD_COVER_REPORT.pdf:Zone.Identifier | data/lseg/raw/03_CURRENT_RECENT_LSEG/WEATHER/ECMWF_CLUSTER_REPORT.pdf:Zone.Identifier | data/lseg/raw/03_CURRENT_RECENT_LSEG/WEATHER/NAO_AO_REPORT.pdf:Zone.Identifier | data/lseg/raw/03_CURRENT_RECENT_LSEG/WEATHER/PRECIPITATION_ALP_AREA_REPORT.pdf:Zone.Identifier | data/lseg/raw/03_CURRENT_RECENT_LSEG/WEATHER/PRECIPITATION_CH_EFFECTIVE.xls:Zone.Identifier | data/lseg/raw/03_CURRENT_RECENT_LSEG/WEATHER/TEMPERATURE_DE_FR_AT_CH_TABLE.xls:Zone.Identifier | data/lseg/raw/03_CURRENT_RECENT_LSEG/WEATHER/TEMPERATURE_IT_CHART.xls:Zone.Identifier | data/lseg/raw/03_CURRENT_RECENT_LSEG/WEATHER/TEMPERATURE_REPORT.pdf:Zone.Identifier | data/lseg/raw/04_CROSS_BORDER_REFERENCE/01_PRICE_FLOW_GRAPH_CHE_VISIBLE.png:Zone.Identifier | data/lseg/raw/04_CROSS_BORDER_REFERENCE/02_DEU_SELECTED_CONNECTIONS.png:Zone.Identifier | data/lseg/raw/04_CROSS_BORDER_REFERENCE/03_NET_IMPORT_GRAPH.png:Zone.Identifier | data/lseg/raw/04_CROSS_BORDER_REFERENCE/04_NET_IMPORT_CHE_SELECTED_00.png:Zone.Identifier | data/lseg/raw/04_CROSS_BORDER_REFERENCE/05_NET_IMPORT_CHE_SELECTED_12.png:Zone.Identifier | data/lseg/raw/04_CROSS_BORDER_REFERENCE/06_CAPACITY_DIRECTION_1_CHE_SELECTED.png:Zone.Identifier | data/lseg/raw/04_CROSS_BORDER_REFERENCE/07_CAPACITY_DIRECTION_2_CHE_SELECTED_A.png:Zone.Identifier | data/lseg/raw/04_CROSS_BORDER_REFERENCE/08_CAPACITY_DIRECTION_2_CHE_SELECTED_B.png:Zone.Identifier | data/lseg/raw/04_CROSS_BORDER_REFERENCE/09_CAPACITY_DIRECTION_2_CHE_SELECTED_C.png:Zone.Identifier | data/lseg/raw/04_CROSS_BORDER_REFERENCE/10_SCHEDULED_EXCHANGE_NET_IMPORT_GRAPH.png:Zone.Identifier | data/lseg/raw/04_CROSS_BORDER_REFERENCE/11_SCHEDULED_EXCHANGE_CHE_SELECTED.png:Zone.Identifier | data/lseg/raw/04_CROSS_BORDER_REFERENCE/FLOWS_GRAPH_REPORT.pdf:Zone.Identifier | data/lseg/raw/05_LSEG_REFERENCE_PDFS/DEMAND_CONSUMPTION_OVERVIEW.pdf:Zone.Identifier | data/lseg/raw/90_INTERMEDIATE/LSEG_PRICE_DEMAND/FR_15M_RAW.xls.xlsx:Zone.Identifier | data/lseg/raw/90_INTERMEDIATE/LSEG_PRICE_DEMAND/FR_DA_RAW.xlsx:Zone.Identifier | data/lseg/raw/90_INTERMEDIATE/LSEG_PRICE_DEMAND/IT_DA_RAW(1).xlsx:Zone.Identifier | data/lseg/raw/90_INTERMEDIATE/LSEG_PRICE_DEMAND/IT_DA_RAW(2).xlsx:Zone.Identifier | data/lseg/raw/90_INTERMEDIATE/LSEG_PRICE_DEMAND/IT_DA_RAW(3).xlsx:Zone.Identifier | data/lseg/raw/90_INTERMEDIATE/LSEG_PRICE_DEMAND/IT_DA_RAW.xlsx:Zone.Identifier | data/lseg/raw/90_INTERMEDIATE/LSEG_PRICE_DEMAND/IT_DEMAND_15M_ALL_ZONES_TEMPLATE.xlsx:Zone.Identifier | data/lseg/raw/90_INTERMEDIATE/LSEG_PRICE_DEMAND/IT_DEMAND_15M_NORTH.xlsx:Zone.Identifier | data/lseg/raw/90_INTERMEDIATE/LSEG_PRICE_DEMAND/Mappe1(1).xlsx:Zone.Identifier | data/lseg/raw/90_INTERMEDIATE/LSEG_PRICE_DEMAND/Mappe1(2).xlsx:Zone.Identifier | data/lseg/raw/90_INTERMEDIATE/LSEG_PRICE_DEMAND/Mappe1(3).xlsx:Zone.Identifier | data/lseg/raw/90_INTERMEDIATE/LSEG_PRICE_DEMAND/Mappe1(4).xlsx:Zone.Identifier | data/lseg/raw/90_INTERMEDIATE/LSEG_PRICE_DEMAND/Mappe1(5).xlsx:Zone.Identifier | data/lseg/raw/90_INTERMEDIATE/SCREENSHOTS/0a528483-087b-4a33-a2f3-ecdd62770a3a.png:Zone.Identifier | data/lseg/raw/90_INTERMEDIATE/SCREENSHOTS/1609bf25-22b3-4c50-817b-fa945dba6bfe.png:Zone.Identifier | data/lseg/raw/90_INTERMEDIATE/SCREENSHOTS/1d02b907-f21b-48aa-bff6-9bb501bffd31.png:Zone.Identifier | data/lseg/raw/90_INTERMEDIATE/SCREENSHOTS/2bf92681-8086-451b-ad79-2cf2aaa286bf.png:Zone.Identifier | data/lseg/raw/90_INTERMEDIATE/SCREENSHOTS/5048f972-71a5-4bbb-9ebf-495783170275.png:Zone.Identifier | data/lseg/raw/90_INTERMEDIATE/SCREENSHOTS/57688dd7-cfad-46f7-9d61-7173a480ab24.png:Zone.Identifier | data/lseg/raw/90_INTERMEDIATE/SCREENSHOTS/6a48aa3a-47d9-431b-a8d4-4b421a82f395.png:Zone.Identifier | data/lseg/raw/90_INTERMEDIATE/SCREENSHOTS/6b0bf7a6-4724-4c1c-98c7-10c623883a8b.png:Zone.Identifier | data/lseg/raw/90_INTERMEDIATE/SCREENSHOTS/7cdf8489-62e1-4566-9c92-ddde781dfc41.png:Zone.Identifier | data/lseg/raw/90_INTERMEDIATE/SCREENSHOTS/839b9904-b506-4600-a582-19546fc0d0dc.png:Zone.Identifier | data/lseg/raw/90_INTERMEDIATE/SCREENSHOTS/87b02fce-0b58-4ead-b793-267dd464b8ec.png:Zone.Identifier | data/lseg/raw/90_INTERMEDIATE/SCREENSHOTS/917dfe63-9fd2-4e78-89c4-b98dcf9f033f.png:Zone.Identifier | data/lseg/raw/90_INTERMEDIATE/SCREENSHOTS/990167dc-a3d5-4b22-acec-131b4e0f87c9.png:Zone.Identifier | data/lseg/raw/90_INTERMEDIATE/SCREENSHOTS/af6db8b3-1471-4a8e-9879-1e782574016e.png:Zone.Identifier | data/lseg/raw/90_INTERMEDIATE/SCREENSHOTS/b94c25b1-cacf-496f-802b-f74a6ec3c376.png:Zone.Identifier | data/lseg/raw/90_INTERMEDIATE/SCREENSHOTS/bc276a5b-6ae8-473b-abe3-2d17e33bcdd3.png:Zone.Identifier | data/lseg/raw/90_INTERMEDIATE/SCREENSHOTS/chart_100049390.embedded.png:Zone.Identifier | data/lseg/raw/90_INTERMEDIATE/SCREENSHOTS/chart_100127248.embedded.png:Zone.Identifier | data/lseg/raw/90_INTERMEDIATE/SCREENSHOTS/crop_che.png:Zone.Identifier | data/lseg/raw/90_INTERMEDIATE/SCREENSHOTS/de1ee218-60dc-4b11-b243-1f352c398785.png:Zone.Identifier | data/lseg/raw/99_UNCLASSIFIED_RETAINED/LSEG_DISCOVERY_RAW_NOTES.txt:Zone.Identifier | data/lseg/raw/99_UNCLASSIFIED_RETAINED/table_100016453.xls:Zone.Identifier | data/lseg/raw/CH_DA_RAW.xlsx:Zone.Identifier | data/lseg/raw/DE_DA_RAW.xlsx:Zone.Identifier | data/lseg/raw/EDF_NUCLEAR_OUTAGE_REVISIONS_PIT.csv:Zone.Identifier | data/lseg/raw/EDF_NUCLEAR_PIT_DAILY_2021_2026.csv:Zone.Identifier | data/lseg/raw/FR_15M_RAW.xlsx:Zone.Identifier | data/lseg/raw/FR_DA_RAW_COMBINED.xlsx:Zone.Identifier | data/lseg/raw/Historique des indispo des moyens de production - depuis 2015 - 07092026-full.csv:Zone.Identifier | data/lseg/raw/IT_DA_RAW (1).xlsx:Zone.Identifier | data/lseg/raw/IT_DA_RAW.xlsx:Zone.Identifier | data/lseg/raw/IT_DEMAND_15M_ALL_ZONES_TEMPLATE.xlsx:Zone.Identifier | data/lseg/raw/IT_DEMAND_15M_NORTH.xlsx:Zone.Identifier | data/lseg/raw/IT_DEMAND_HOURLY.xlsx:Zone.Identifier | data/lseg/raw/publications-transparence-et-remit-liste-des-messages-edf-sa.csv:Zone.Identifier,Windows download-origin sidecar; excluded from data analysis.
data/lseg/raw/IT_DA_RAW.xlsx,IT_DA_RAW.xlsx,xlsx,dataset,prices/day-ahead,day-ahead power prices,IT,Timestamp; TRDPRC_1 (RIC-specific repeated field),EUR/MWh likely for price workbooks; MW likely for demand workbooks; units not explicitly declared,Timestamp,"('2025-10-01 00:00:00', '2026-09-08 00:00:00')",15-minute (workbook family),observed/market value series; forecast status not encoded,Not present,Timestamp is delivery/observation time; no issue time,Not present in workbook layout,480532,0/66738 blank data cells in profiled tabular sheets,PIT_RECONSTRUCTABLE,No corresponding model-ready family in Databricks inventory,,data/lseg/raw/90_INTERMEDIATE/LSEG_PRICE_DEMAND/IT_DA_RAW(3).xlsx | data/lseg/raw/IT_DA_RAW.xlsx,Price units likely EUR/MWh from series context; workbook does not declare units. Exact-content duplicate of another retained path; count once for unique information.
data/lseg/raw/IT_DA_RAW.xlsx:Zone.Identifier,IT_DA_RAW.xlsx:Zone.Identifier,identifier,metadata_sidecar,ancillary file metadata,Zone.Identifier,UNKNOWN,Not applicable/non-tabular or not safely extractable,Not applicable or not declared,Not safely extractable,Not determined from file metadata,Not determined,Not determinable,Not safely extractable,Not safely extractable,Not safely extractable,25,Not applicable/non-tabular,UNKNOWN,None,,data/lseg/raw/00_START_HERE/ANONYMOUS_XLS_MAPPING.md:Zone.Identifier | data/lseg/raw/00_START_HERE/DATA_CATALOG.csv:Zone.Identifier | data/lseg/raw/00_START_HERE/EXTRACTION_STATUS_AND_GAPS.md:Zone.Identifier | data/lseg/raw/00_START_HERE/LICENSE_NOTES.md:Zone.Identifier | data/lseg/raw/00_START_HERE/MANIFEST_SHA256.csv:Zone.Identifier | data/lseg/raw/00_START_HERE/MISSING_CH_DE_RECOVERY.md:Zone.Identifier | data/lseg/raw/00_START_HERE/MISSING_CH_DE_RICS.csv:Zone.Identifier | data/lseg/raw/00_START_HERE/PROJECT_OBJECTIVE.txt:Zone.Identifier | data/lseg/raw/00_START_HERE/README_FIRST.md:Zone.Identifier | data/lseg/raw/00_START_HERE/RIC_FAMILIES.csv:Zone.Identifier | data/lseg/raw/01_CORE_HISTORICAL/FR_NUCLEAR_PIT/EDF_NUCLEAR_OUTAGE_REVISIONS_PIT.csv:Zone.Identifier | data/lseg/raw/01_CORE_HISTORICAL/FR_NUCLEAR_PIT/EDF_NUCLEAR_PIT_DAILY_2021_2026.csv:Zone.Identifier | data/lseg/raw/01_CORE_HISTORICAL/FR_NUCLEAR_PIT/EDF_NUCLEAR_PIT_SUMMARY.txt:Zone.Identifier | data/lseg/raw/01_CORE_HISTORICAL/LSEG_DEMAND/IT_DEMAND_15M_ALL_7_ZONES_2025_2026.xlsx:Zone.Identifier | data/lseg/raw/01_CORE_HISTORICAL/LSEG_DEMAND/IT_DEMAND_HOURLY_2021_2025.xlsx:Zone.Identifier | data/lseg/raw/01_CORE_HISTORICAL/LSEG_PRICES/FR_DAY_AHEAD_HOURLY_AND_15M.xlsx:Zone.Identifier | data/lseg/raw/01_CORE_HISTORICAL/LSEG_PRICES/IT_DAY_AHEAD_HOURLY_AND_15M.xlsx:Zone.Identifier | data/lseg/raw/02_SOURCE_RAW/FR_NUCLEAR/EDF_OUTAGE_HISTORY_RAW.csv:Zone.Identifier | data/lseg/raw/02_SOURCE_RAW/FR_NUCLEAR/EDF_TRANSPARENCY_REMIT_MESSAGES_RAW.csv:Zone.Identifier | data/lseg/raw/03_CURRENT_RECENT_LSEG/COST_CURVES/cost_curves_2026910_21432.xlsx:Zone.Identifier | data/lseg/raw/03_CURRENT_RECENT_LSEG/COST_CURVES/cost_curves_2026910_21543.xlsx:Zone.Identifier | data/lseg/raw/03_CURRENT_RECENT_LSEG/COST_CURVES/cost_curves_2026910_2164.xlsx:Zone.Identifier | data/lseg/raw/03_CURRENT_RECENT_LSEG/RESIDUAL_LOAD/CWE_RESIDUAL_LOAD_REPORT.pdf:Zone.Identifier | data/lseg/raw/03_CURRENT_RECENT_LSEG/RESIDUAL_LOAD/DE_RESIDUAL_LOAD_CURRENT_RECENT.xls:Zone.Identifier | data/lseg/raw/03_CURRENT_RECENT_LSEG/RESIDUAL_LOAD/DE_RESIDUAL_LOAD_REPORT.pdf:Zone.Identifier | data/lseg/raw/03_CURRENT_RECENT_LSEG/RESIDUAL_LOAD/FR_IT_RESIDUAL_LOAD_EXPORT_A.xls:Zone.Identifier | data/lseg/raw/03_CURRENT_RECENT_LSEG/RESIDUAL_LOAD/FR_IT_RESIDUAL_LOAD_EXPORT_B.xls:Zone.Identifier | data/lseg/raw/03_CURRENT_RECENT_LSEG/SUPPLY_WIND_SOLAR/GB_EMBEDDED_SOLAR_REPORT.pdf:Zone.Identifier | data/lseg/raw/03_CURRENT_RECENT_LSEG/SUPPLY_WIND_SOLAR/GB_EMBEDDED_WIND_REPORT.pdf:Zone.Identifier | data/lseg/raw/03_CURRENT_RECENT_LSEG/SUPPLY_WIND_SOLAR/SUPPLY_WIND_REPORT.pdf:Zone.Identifier | data/lseg/raw/03_CURRENT_RECENT_LSEG/WEATHER/CLOUD_COVER_CH.xls:Zone.Identifier | data/lseg/raw/03_CURRENT_RECENT_LSEG/WEATHER/CLOUD_COVER_REPORT.pdf:Zone.Identifier | data/lseg/raw/03_CURRENT_RECENT_LSEG/WEATHER/ECMWF_CLUSTER_REPORT.pdf:Zone.Identifier | data/lseg/raw/03_CURRENT_RECENT_LSEG/WEATHER/NAO_AO_REPORT.pdf:Zone.Identifier | data/lseg/raw/03_CURRENT_RECENT_LSEG/WEATHER/PRECIPITATION_ALP_AREA_REPORT.pdf:Zone.Identifier | data/lseg/raw/03_CURRENT_RECENT_LSEG/WEATHER/PRECIPITATION_CH_EFFECTIVE.xls:Zone.Identifier | data/lseg/raw/03_CURRENT_RECENT_LSEG/WEATHER/TEMPERATURE_DE_FR_AT_CH_TABLE.xls:Zone.Identifier | data/lseg/raw/03_CURRENT_RECENT_LSEG/WEATHER/TEMPERATURE_IT_CHART.xls:Zone.Identifier | data/lseg/raw/03_CURRENT_RECENT_LSEG/WEATHER/TEMPERATURE_REPORT.pdf:Zone.Identifier | data/lseg/raw/04_CROSS_BORDER_REFERENCE/01_PRICE_FLOW_GRAPH_CHE_VISIBLE.png:Zone.Identifier | data/lseg/raw/04_CROSS_BORDER_REFERENCE/02_DEU_SELECTED_CONNECTIONS.png:Zone.Identifier | data/lseg/raw/04_CROSS_BORDER_REFERENCE/03_NET_IMPORT_GRAPH.png:Zone.Identifier | data/lseg/raw/04_CROSS_BORDER_REFERENCE/04_NET_IMPORT_CHE_SELECTED_00.png:Zone.Identifier | data/lseg/raw/04_CROSS_BORDER_REFERENCE/05_NET_IMPORT_CHE_SELECTED_12.png:Zone.Identifier | data/lseg/raw/04_CROSS_BORDER_REFERENCE/06_CAPACITY_DIRECTION_1_CHE_SELECTED.png:Zone.Identifier | data/lseg/raw/04_CROSS_BORDER_REFERENCE/07_CAPACITY_DIRECTION_2_CHE_SELECTED_A.png:Zone.Identifier | data/lseg/raw/04_CROSS_BORDER_REFERENCE/08_CAPACITY_DIRECTION_2_CHE_SELECTED_B.png:Zone.Identifier | data/lseg/raw/04_CROSS_BORDER_REFERENCE/09_CAPACITY_DIRECTION_2_CHE_SELECTED_C.png:Zone.Identifier | data/lseg/raw/04_CROSS_BORDER_REFERENCE/10_SCHEDULED_EXCHANGE_NET_IMPORT_GRAPH.png:Zone.Identifier | data/lseg/raw/04_CROSS_BORDER_REFERENCE/11_SCHEDULED_EXCHANGE_CHE_SELECTED.png:Zone.Identifier | data/lseg/raw/04_CROSS_BORDER_REFERENCE/FLOWS_GRAPH_REPORT.pdf:Zone.Identifier | data/lseg/raw/05_LSEG_REFERENCE_PDFS/DEMAND_CONSUMPTION_OVERVIEW.pdf:Zone.Identifier | data/lseg/raw/90_INTERMEDIATE/LSEG_PRICE_DEMAND/FR_15M_RAW.xls.xlsx:Zone.Identifier | data/lseg/raw/90_INTERMEDIATE/LSEG_PRICE_DEMAND/FR_DA_RAW.xlsx:Zone.Identifier | data/lseg/raw/90_INTERMEDIATE/LSEG_PRICE_DEMAND/IT_DA_RAW(1).xlsx:Zone.Identifier | data/lseg/raw/90_INTERMEDIATE/LSEG_PRICE_DEMAND/IT_DA_RAW(2).xlsx:Zone.Identifier | data/lseg/raw/90_INTERMEDIATE/LSEG_PRICE_DEMAND/IT_DA_RAW(3).xlsx:Zone.Identifier | data/lseg/raw/90_INTERMEDIATE/LSEG_PRICE_DEMAND/IT_DA_RAW.xlsx:Zone.Identifier | data/lseg/raw/90_INTERMEDIATE/LSEG_PRICE_DEMAND/IT_DEMAND_15M_ALL_ZONES_TEMPLATE.xlsx:Zone.Identifier | data/lseg/raw/90_INTERMEDIATE/LSEG_PRICE_DEMAND/IT_DEMAND_15M_NORTH.xlsx:Zone.Identifier | data/lseg/raw/90_INTERMEDIATE/LSEG_PRICE_DEMAND/Mappe1(1).xlsx:Zone.Identifier | data/lseg/raw/90_INTERMEDIATE/LSEG_PRICE_DEMAND/Mappe1(2).xlsx:Zone.Identifier | data/lseg/raw/90_INTERMEDIATE/LSEG_PRICE_DEMAND/Mappe1(3).xlsx:Zone.Identifier | data/lseg/raw/90_INTERMEDIATE/LSEG_PRICE_DEMAND/Mappe1(4).xlsx:Zone.Identifier | data/lseg/raw/90_INTERMEDIATE/LSEG_PRICE_DEMAND/Mappe1(5).xlsx:Zone.Identifier | data/lseg/raw/90_INTERMEDIATE/SCREENSHOTS/0a528483-087b-4a33-a2f3-ecdd62770a3a.png:Zone.Identifier | data/lseg/raw/90_INTERMEDIATE/SCREENSHOTS/1609bf25-22b3-4c50-817b-fa945dba6bfe.png:Zone.Identifier | data/lseg/raw/90_INTERMEDIATE/SCREENSHOTS/1d02b907-f21b-48aa-bff6-9bb501bffd31.png:Zone.Identifier | data/lseg/raw/90_INTERMEDIATE/SCREENSHOTS/2bf92681-8086-451b-ad79-2cf2aaa286bf.png:Zone.Identifier | data/lseg/raw/90_INTERMEDIATE/SCREENSHOTS/5048f972-71a5-4bbb-9ebf-495783170275.png:Zone.Identifier | data/lseg/raw/90_INTERMEDIATE/SCREENSHOTS/57688dd7-cfad-46f7-9d61-7173a480ab24.png:Zone.Identifier | data/lseg/raw/90_INTERMEDIATE/SCREENSHOTS/6a48aa3a-47d9-431b-a8d4-4b421a82f395.png:Zone.Identifier | data/lseg/raw/90_INTERMEDIATE/SCREENSHOTS/6b0bf7a6-4724-4c1c-98c7-10c623883a8b.png:Zone.Identifier | data/lseg/raw/90_INTERMEDIATE/SCREENSHOTS/7cdf8489-62e1-4566-9c92-ddde781dfc41.png:Zone.Identifier | data/lseg/raw/90_INTERMEDIATE/SCREENSHOTS/839b9904-b506-4600-a582-19546fc0d0dc.png:Zone.Identifier | data/lseg/raw/90_INTERMEDIATE/SCREENSHOTS/87b02fce-0b58-4ead-b793-267dd464b8ec.png:Zone.Identifier | data/lseg/raw/90_INTERMEDIATE/SCREENSHOTS/917dfe63-9fd2-4e78-89c4-b98dcf9f033f.png:Zone.Identifier | data/lseg/raw/90_INTERMEDIATE/SCREENSHOTS/990167dc-a3d5-4b22-acec-131b4e0f87c9.png:Zone.Identifier | data/lseg/raw/90_INTERMEDIATE/SCREENSHOTS/af6db8b3-1471-4a8e-9879-1e782574016e.png:Zone.Identifier | data/lseg/raw/90_INTERMEDIATE/SCREENSHOTS/b94c25b1-cacf-496f-802b-f74a6ec3c376.png:Zone.Identifier | data/lseg/raw/90_INTERMEDIATE/SCREENSHOTS/bc276a5b-6ae8-473b-abe3-2d17e33bcdd3.png:Zone.Identifier | data/lseg/raw/90_INTERMEDIATE/SCREENSHOTS/chart_100049390.embedded.png:Zone.Identifier | data/lseg/raw/90_INTERMEDIATE/SCREENSHOTS/chart_100127248.embedded.png:Zone.Identifier | data/lseg/raw/90_INTERMEDIATE/SCREENSHOTS/crop_che.png:Zone.Identifier | data/lseg/raw/90_INTERMEDIATE/SCREENSHOTS/de1ee218-60dc-4b11-b243-1f352c398785.png:Zone.Identifier | data/lseg/raw/99_UNCLASSIFIED_RETAINED/LSEG_DISCOVERY_RAW_NOTES.txt:Zone.Identifier | data/lseg/raw/99_UNCLASSIFIED_RETAINED/table_100016453.xls:Zone.Identifier | data/lseg/raw/CH_DA_RAW.xlsx:Zone.Identifier | data/lseg/raw/DE_DA_RAW.xlsx:Zone.Identifier | data/lseg/raw/EDF_NUCLEAR_OUTAGE_REVISIONS_PIT.csv:Zone.Identifier | data/lseg/raw/EDF_NUCLEAR_PIT_DAILY_2021_2026.csv:Zone.Identifier | data/lseg/raw/FR_15M_RAW.xlsx:Zone.Identifier | data/lseg/raw/FR_DA_RAW_COMBINED.xlsx:Zone.Identifier | data/lseg/raw/Historique des indispo des moyens de production - depuis 2015 - 07092026-full.csv:Zone.Identifier | data/lseg/raw/IT_DA_RAW (1).xlsx:Zone.Identifier | data/lseg/raw/IT_DA_RAW.xlsx:Zone.Identifier | data/lseg/raw/IT_DEMAND_15M_ALL_ZONES_TEMPLATE.xlsx:Zone.Identifier | data/lseg/raw/IT_DEMAND_15M_NORTH.xlsx:Zone.Identifier | data/lseg/raw/IT_DEMAND_HOURLY.xlsx:Zone.Identifier | data/lseg/raw/publications-transparence-et-remit-liste-des-messages-edf-sa.csv:Zone.Identifier,Windows download-origin sidecar; excluded from data analysis.
data/lseg/raw/IT_DEMAND_15M_ALL_ZONES_TEMPLATE.xlsx,IT_DEMAND_15M_ALL_ZONES_TEMPLATE.xlsx,xlsx,dataset,load/demand,Italy demand,IT,Timestamp; TRDPRC_1 (RIC-specific repeated field),MW likely; units not explicitly declared,Timestamp,"('2025-10-01 00:00:00', '2026-09-08 00:00:00')",15-minute (workbook family),observed/market value series; forecast status not encoded,Not present,Timestamp is delivery/observation time; no issue time,Not present in workbook layout,1578506,11/233636 blank data cells in profiled tabular sheets,PIT_RECONSTRUCTABLE,No corresponding model-ready family in Databricks inventory,,data/lseg/raw/01_CORE_HISTORICAL/LSEG_DEMAND/IT_DEMAND_15M_ALL_7_ZONES_2025_2026.xlsx | data/lseg/raw/IT_DEMAND_15M_ALL_ZONES_TEMPLATE.xlsx,LSEG demand export; exact units are not declared in workbook cells. Exact-content duplicate of another retained path; count once for unique information.
data/lseg/raw/IT_DEMAND_15M_ALL_ZONES_TEMPLATE.xlsx:Zone.Identifier,IT_DEMAND_15M_ALL_ZONES_TEMPLATE.xlsx:Zone.Identifier,identifier,metadata_sidecar,ancillary file metadata,Zone.Identifier,UNKNOWN,Not applicable/non-tabular or not safely extractable,Not applicable or not declared,Not safely extractable,Not determined from file metadata,Not determined,Not determinable,Not safely extractable,Not safely extractable,Not safely extractable,25,Not applicable/non-tabular,UNKNOWN,None,,data/lseg/raw/00_START_HERE/ANONYMOUS_XLS_MAPPING.md:Zone.Identifier | data/lseg/raw/00_START_HERE/DATA_CATALOG.csv:Zone.Identifier | data/lseg/raw/00_START_HERE/EXTRACTION_STATUS_AND_GAPS.md:Zone.Identifier | data/lseg/raw/00_START_HERE/LICENSE_NOTES.md:Zone.Identifier | data/lseg/raw/00_START_HERE/MANIFEST_SHA256.csv:Zone.Identifier | data/lseg/raw/00_START_HERE/MISSING_CH_DE_RECOVERY.md:Zone.Identifier | data/lseg/raw/00_START_HERE/MISSING_CH_DE_RICS.csv:Zone.Identifier | data/lseg/raw/00_START_HERE/PROJECT_OBJECTIVE.txt:Zone.Identifier | data/lseg/raw/00_START_HERE/README_FIRST.md:Zone.Identifier | data/lseg/raw/00_START_HERE/RIC_FAMILIES.csv:Zone.Identifier | data/lseg/raw/01_CORE_HISTORICAL/FR_NUCLEAR_PIT/EDF_NUCLEAR_OUTAGE_REVISIONS_PIT.csv:Zone.Identifier | data/lseg/raw/01_CORE_HISTORICAL/FR_NUCLEAR_PIT/EDF_NUCLEAR_PIT_DAILY_2021_2026.csv:Zone.Identifier | data/lseg/raw/01_CORE_HISTORICAL/FR_NUCLEAR_PIT/EDF_NUCLEAR_PIT_SUMMARY.txt:Zone.Identifier | data/lseg/raw/01_CORE_HISTORICAL/LSEG_DEMAND/IT_DEMAND_15M_ALL_7_ZONES_2025_2026.xlsx:Zone.Identifier | data/lseg/raw/01_CORE_HISTORICAL/LSEG_DEMAND/IT_DEMAND_HOURLY_2021_2025.xlsx:Zone.Identifier | data/lseg/raw/01_CORE_HISTORICAL/LSEG_PRICES/FR_DAY_AHEAD_HOURLY_AND_15M.xlsx:Zone.Identifier | data/lseg/raw/01_CORE_HISTORICAL/LSEG_PRICES/IT_DAY_AHEAD_HOURLY_AND_15M.xlsx:Zone.Identifier | data/lseg/raw/02_SOURCE_RAW/FR_NUCLEAR/EDF_OUTAGE_HISTORY_RAW.csv:Zone.Identifier | data/lseg/raw/02_SOURCE_RAW/FR_NUCLEAR/EDF_TRANSPARENCY_REMIT_MESSAGES_RAW.csv:Zone.Identifier | data/lseg/raw/03_CURRENT_RECENT_LSEG/COST_CURVES/cost_curves_2026910_21432.xlsx:Zone.Identifier | data/lseg/raw/03_CURRENT_RECENT_LSEG/COST_CURVES/cost_curves_2026910_21543.xlsx:Zone.Identifier | data/lseg/raw/03_CURRENT_RECENT_LSEG/COST_CURVES/cost_curves_2026910_2164.xlsx:Zone.Identifier | data/lseg/raw/03_CURRENT_RECENT_LSEG/RESIDUAL_LOAD/CWE_RESIDUAL_LOAD_REPORT.pdf:Zone.Identifier | data/lseg/raw/03_CURRENT_RECENT_LSEG/RESIDUAL_LOAD/DE_RESIDUAL_LOAD_CURRENT_RECENT.xls:Zone.Identifier | data/lseg/raw/03_CURRENT_RECENT_LSEG/RESIDUAL_LOAD/DE_RESIDUAL_LOAD_REPORT.pdf:Zone.Identifier | data/lseg/raw/03_CURRENT_RECENT_LSEG/RESIDUAL_LOAD/FR_IT_RESIDUAL_LOAD_EXPORT_A.xls:Zone.Identifier | data/lseg/raw/03_CURRENT_RECENT_LSEG/RESIDUAL_LOAD/FR_IT_RESIDUAL_LOAD_EXPORT_B.xls:Zone.Identifier | data/lseg/raw/03_CURRENT_RECENT_LSEG/SUPPLY_WIND_SOLAR/GB_EMBEDDED_SOLAR_REPORT.pdf:Zone.Identifier | data/lseg/raw/03_CURRENT_RECENT_LSEG/SUPPLY_WIND_SOLAR/GB_EMBEDDED_WIND_REPORT.pdf:Zone.Identifier | data/lseg/raw/03_CURRENT_RECENT_LSEG/SUPPLY_WIND_SOLAR/SUPPLY_WIND_REPORT.pdf:Zone.Identifier | data/lseg/raw/03_CURRENT_RECENT_LSEG/WEATHER/CLOUD_COVER_CH.xls:Zone.Identifier | data/lseg/raw/03_CURRENT_RECENT_LSEG/WEATHER/CLOUD_COVER_REPORT.pdf:Zone.Identifier | data/lseg/raw/03_CURRENT_RECENT_LSEG/WEATHER/ECMWF_CLUSTER_REPORT.pdf:Zone.Identifier | data/lseg/raw/03_CURRENT_RECENT_LSEG/WEATHER/NAO_AO_REPORT.pdf:Zone.Identifier | data/lseg/raw/03_CURRENT_RECENT_LSEG/WEATHER/PRECIPITATION_ALP_AREA_REPORT.pdf:Zone.Identifier | data/lseg/raw/03_CURRENT_RECENT_LSEG/WEATHER/PRECIPITATION_CH_EFFECTIVE.xls:Zone.Identifier | data/lseg/raw/03_CURRENT_RECENT_LSEG/WEATHER/TEMPERATURE_DE_FR_AT_CH_TABLE.xls:Zone.Identifier | data/lseg/raw/03_CURRENT_RECENT_LSEG/WEATHER/TEMPERATURE_IT_CHART.xls:Zone.Identifier | data/lseg/raw/03_CURRENT_RECENT_LSEG/WEATHER/TEMPERATURE_REPORT.pdf:Zone.Identifier | data/lseg/raw/04_CROSS_BORDER_REFERENCE/01_PRICE_FLOW_GRAPH_CHE_VISIBLE.png:Zone.Identifier | data/lseg/raw/04_CROSS_BORDER_REFERENCE/02_DEU_SELECTED_CONNECTIONS.png:Zone.Identifier | data/lseg/raw/04_CROSS_BORDER_REFERENCE/03_NET_IMPORT_GRAPH.png:Zone.Identifier | data/lseg/raw/04_CROSS_BORDER_REFERENCE/04_NET_IMPORT_CHE_SELECTED_00.png:Zone.Identifier | data/lseg/raw/04_CROSS_BORDER_REFERENCE/05_NET_IMPORT_CHE_SELECTED_12.png:Zone.Identifier | data/lseg/raw/04_CROSS_BORDER_REFERENCE/06_CAPACITY_DIRECTION_1_CHE_SELECTED.png:Zone.Identifier | data/lseg/raw/04_CROSS_BORDER_REFERENCE/07_CAPACITY_DIRECTION_2_CHE_SELECTED_A.png:Zone.Identifier | data/lseg/raw/04_CROSS_BORDER_REFERENCE/08_CAPACITY_DIRECTION_2_CHE_SELECTED_B.png:Zone.Identifier | data/lseg/raw/04_CROSS_BORDER_REFERENCE/09_CAPACITY_DIRECTION_2_CHE_SELECTED_C.png:Zone.Identifier | data/lseg/raw/04_CROSS_BORDER_REFERENCE/10_SCHEDULED_EXCHANGE_NET_IMPORT_GRAPH.png:Zone.Identifier | data/lseg/raw/04_CROSS_BORDER_REFERENCE/11_SCHEDULED_EXCHANGE_CHE_SELECTED.png:Zone.Identifier | data/lseg/raw/04_CROSS_BORDER_REFERENCE/FLOWS_GRAPH_REPORT.pdf:Zone.Identifier | data/lseg/raw/05_LSEG_REFERENCE_PDFS/DEMAND_CONSUMPTION_OVERVIEW.pdf:Zone.Identifier | data/lseg/raw/90_INTERMEDIATE/LSEG_PRICE_DEMAND/FR_15M_RAW.xls.xlsx:Zone.Identifier | data/lseg/raw/90_INTERMEDIATE/LSEG_PRICE_DEMAND/FR_DA_RAW.xlsx:Zone.Identifier | data/lseg/raw/90_INTERMEDIATE/LSEG_PRICE_DEMAND/IT_DA_RAW(1).xlsx:Zone.Identifier | data/lseg/raw/90_INTERMEDIATE/LSEG_PRICE_DEMAND/IT_DA_RAW(2).xlsx:Zone.Identifier | data/lseg/raw/90_INTERMEDIATE/LSEG_PRICE_DEMAND/IT_DA_RAW(3).xlsx:Zone.Identifier | data/lseg/raw/90_INTERMEDIATE/LSEG_PRICE_DEMAND/IT_DA_RAW.xlsx:Zone.Identifier | data/lseg/raw/90_INTERMEDIATE/LSEG_PRICE_DEMAND/IT_DEMAND_15M_ALL_ZONES_TEMPLATE.xlsx:Zone.Identifier | data/lseg/raw/90_INTERMEDIATE/LSEG_PRICE_DEMAND/IT_DEMAND_15M_NORTH.xlsx:Zone.Identifier | data/lseg/raw/90_INTERMEDIATE/LSEG_PRICE_DEMAND/Mappe1(1).xlsx:Zone.Identifier | data/lseg/raw/90_INTERMEDIATE/LSEG_PRICE_DEMAND/Mappe1(2).xlsx:Zone.Identifier | data/lseg/raw/90_INTERMEDIATE/LSEG_PRICE_DEMAND/Mappe1(3).xlsx:Zone.Identifier | data/lseg/raw/90_INTERMEDIATE/LSEG_PRICE_DEMAND/Mappe1(4).xlsx:Zone.Identifier | data/lseg/raw/90_INTERMEDIATE/LSEG_PRICE_DEMAND/Mappe1(5).xlsx:Zone.Identifier | data/lseg/raw/90_INTERMEDIATE/SCREENSHOTS/0a528483-087b-4a33-a2f3-ecdd62770a3a.png:Zone.Identifier | data/lseg/raw/90_INTERMEDIATE/SCREENSHOTS/1609bf25-22b3-4c50-817b-fa945dba6bfe.png:Zone.Identifier | data/lseg/raw/90_INTERMEDIATE/SCREENSHOTS/1d02b907-f21b-48aa-bff6-9bb501bffd31.png:Zone.Identifier | data/lseg/raw/90_INTERMEDIATE/SCREENSHOTS/2bf92681-8086-451b-ad79-2cf2aaa286bf.png:Zone.Identifier | data/lseg/raw/90_INTERMEDIATE/SCREENSHOTS/5048f972-71a5-4bbb-9ebf-495783170275.png:Zone.Identifier | data/lseg/raw/90_INTERMEDIATE/SCREENSHOTS/57688dd7-cfad-46f7-9d61-7173a480ab24.png:Zone.Identifier | data/lseg/raw/90_INTERMEDIATE/SCREENSHOTS/6a48aa3a-47d9-431b-a8d4-4b421a82f395.png:Zone.Identifier | data/lseg/raw/90_INTERMEDIATE/SCREENSHOTS/6b0bf7a6-4724-4c1c-98c7-10c623883a8b.png:Zone.Identifier | data/lseg/raw/90_INTERMEDIATE/SCREENSHOTS/7cdf8489-62e1-4566-9c92-ddde781dfc41.png:Zone.Identifier | data/lseg/raw/90_INTERMEDIATE/SCREENSHOTS/839b9904-b506-4600-a582-19546fc0d0dc.png:Zone.Identifier | data/lseg/raw/90_INTERMEDIATE/SCREENSHOTS/87b02fce-0b58-4ead-b793-267dd464b8ec.png:Zone.Identifier | data/lseg/raw/90_INTERMEDIATE/SCREENSHOTS/917dfe63-9fd2-4e78-89c4-b98dcf9f033f.png:Zone.Identifier | data/lseg/raw/90_INTERMEDIATE/SCREENSHOTS/990167dc-a3d5-4b22-acec-131b4e0f87c9.png:Zone.Identifier | data/lseg/raw/90_INTERMEDIATE/SCREENSHOTS/af6db8b3-1471-4a8e-9879-1e782574016e.png:Zone.Identifier | data/lseg/raw/90_INTERMEDIATE/SCREENSHOTS/b94c25b1-cacf-496f-802b-f74a6ec3c376.png:Zone.Identifier | data/lseg/raw/90_INTERMEDIATE/SCREENSHOTS/bc276a5b-6ae8-473b-abe3-2d17e33bcdd3.png:Zone.Identifier | data/lseg/raw/90_INTERMEDIATE/SCREENSHOTS/chart_100049390.embedded.png:Zone.Identifier | data/lseg/raw/90_INTERMEDIATE/SCREENSHOTS/chart_100127248.embedded.png:Zone.Identifier | data/lseg/raw/90_INTERMEDIATE/SCREENSHOTS/crop_che.png:Zone.Identifier | data/lseg/raw/90_INTERMEDIATE/SCREENSHOTS/de1ee218-60dc-4b11-b243-1f352c398785.png:Zone.Identifier | data/lseg/raw/99_UNCLASSIFIED_RETAINED/LSEG_DISCOVERY_RAW_NOTES.txt:Zone.Identifier | data/lseg/raw/99_UNCLASSIFIED_RETAINED/table_100016453.xls:Zone.Identifier | data/lseg/raw/CH_DA_RAW.xlsx:Zone.Identifier | data/lseg/raw/DE_DA_RAW.xlsx:Zone.Identifier | data/lseg/raw/EDF_NUCLEAR_OUTAGE_REVISIONS_PIT.csv:Zone.Identifier | data/lseg/raw/EDF_NUCLEAR_PIT_DAILY_2021_2026.csv:Zone.Identifier | data/lseg/raw/FR_15M_RAW.xlsx:Zone.Identifier | data/lseg/raw/FR_DA_RAW_COMBINED.xlsx:Zone.Identifier | data/lseg/raw/Historique des indispo des moyens de production - depuis 2015 - 07092026-full.csv:Zone.Identifier | data/lseg/raw/IT_DA_RAW (1).xlsx:Zone.Identifier | data/lseg/raw/IT_DA_RAW.xlsx:Zone.Identifier | data/lseg/raw/IT_DEMAND_15M_ALL_ZONES_TEMPLATE.xlsx:Zone.Identifier | data/lseg/raw/IT_DEMAND_15M_NORTH.xlsx:Zone.Identifier | data/lseg/raw/IT_DEMAND_HOURLY.xlsx:Zone.Identifier | data/lseg/raw/publications-transparence-et-remit-liste-des-messages-edf-sa.csv:Zone.Identifier,Windows download-origin sidecar; excluded from data analysis.
data/lseg/raw/IT_DEMAND_15M_NORTH.xlsx,IT_DEMAND_15M_NORTH.xlsx,xlsx,dataset,load/demand,Italy demand,IT,Timestamp; TRDPRC_1 (RIC-specific repeated field),MW likely; units not explicitly declared,Timestamp,"('2025-10-01 00:00:00', '2026-09-08 00:00:00')",15-minute (workbook family),observed/market value series; forecast status not encoded,Not present,Timestamp is delivery/observation time; no issue time,Not present in workbook layout,253890,0/33369 blank data cells in profiled tabular sheets,PIT_RECONSTRUCTABLE,No corresponding model-ready family in Databricks inventory,,data/lseg/raw/90_INTERMEDIATE/LSEG_PRICE_DEMAND/IT_DEMAND_15M_NORTH.xlsx | data/lseg/raw/IT_DEMAND_15M_NORTH.xlsx,LSEG demand export; exact units are not declared in workbook cells. Exact-content duplicate of another retained path; count once for unique information.
data/lseg/raw/IT_DEMAND_15M_NORTH.xlsx:Zone.Identifier,IT_DEMAND_15M_NORTH.xlsx:Zone.Identifier,identifier,metadata_sidecar,ancillary file metadata,Zone.Identifier,UNKNOWN,Not applicable/non-tabular or not safely extractable,Not applicable or not declared,Not safely extractable,Not determined from file metadata,Not determined,Not determinable,Not safely extractable,Not safely extractable,Not safely extractable,25,Not applicable/non-tabular,UNKNOWN,None,,data/lseg/raw/00_START_HERE/ANONYMOUS_XLS_MAPPING.md:Zone.Identifier | data/lseg/raw/00_START_HERE/DATA_CATALOG.csv:Zone.Identifier | data/lseg/raw/00_START_HERE/EXTRACTION_STATUS_AND_GAPS.md:Zone.Identifier | data/lseg/raw/00_START_HERE/LICENSE_NOTES.md:Zone.Identifier | data/lseg/raw/00_START_HERE/MANIFEST_SHA256.csv:Zone.Identifier | data/lseg/raw/00_START_HERE/MISSING_CH_DE_RECOVERY.md:Zone.Identifier | data/lseg/raw/00_START_HERE/MISSING_CH_DE_RICS.csv:Zone.Identifier | data/lseg/raw/00_START_HERE/PROJECT_OBJECTIVE.txt:Zone.Identifier | data/lseg/raw/00_START_HERE/README_FIRST.md:Zone.Identifier | data/lseg/raw/00_START_HERE/RIC_FAMILIES.csv:Zone.Identifier | data/lseg/raw/01_CORE_HISTORICAL/FR_NUCLEAR_PIT/EDF_NUCLEAR_OUTAGE_REVISIONS_PIT.csv:Zone.Identifier | data/lseg/raw/01_CORE_HISTORICAL/FR_NUCLEAR_PIT/EDF_NUCLEAR_PIT_DAILY_2021_2026.csv:Zone.Identifier | data/lseg/raw/01_CORE_HISTORICAL/FR_NUCLEAR_PIT/EDF_NUCLEAR_PIT_SUMMARY.txt:Zone.Identifier | data/lseg/raw/01_CORE_HISTORICAL/LSEG_DEMAND/IT_DEMAND_15M_ALL_7_ZONES_2025_2026.xlsx:Zone.Identifier | data/lseg/raw/01_CORE_HISTORICAL/LSEG_DEMAND/IT_DEMAND_HOURLY_2021_2025.xlsx:Zone.Identifier | data/lseg/raw/01_CORE_HISTORICAL/LSEG_PRICES/FR_DAY_AHEAD_HOURLY_AND_15M.xlsx:Zone.Identifier | data/lseg/raw/01_CORE_HISTORICAL/LSEG_PRICES/IT_DAY_AHEAD_HOURLY_AND_15M.xlsx:Zone.Identifier | data/lseg/raw/02_SOURCE_RAW/FR_NUCLEAR/EDF_OUTAGE_HISTORY_RAW.csv:Zone.Identifier | data/lseg/raw/02_SOURCE_RAW/FR_NUCLEAR/EDF_TRANSPARENCY_REMIT_MESSAGES_RAW.csv:Zone.Identifier | data/lseg/raw/03_CURRENT_RECENT_LSEG/COST_CURVES/cost_curves_2026910_21432.xlsx:Zone.Identifier | data/lseg/raw/03_CURRENT_RECENT_LSEG/COST_CURVES/cost_curves_2026910_21543.xlsx:Zone.Identifier | data/lseg/raw/03_CURRENT_RECENT_LSEG/COST_CURVES/cost_curves_2026910_2164.xlsx:Zone.Identifier | data/lseg/raw/03_CURRENT_RECENT_LSEG/RESIDUAL_LOAD/CWE_RESIDUAL_LOAD_REPORT.pdf:Zone.Identifier | data/lseg/raw/03_CURRENT_RECENT_LSEG/RESIDUAL_LOAD/DE_RESIDUAL_LOAD_CURRENT_RECENT.xls:Zone.Identifier | data/lseg/raw/03_CURRENT_RECENT_LSEG/RESIDUAL_LOAD/DE_RESIDUAL_LOAD_REPORT.pdf:Zone.Identifier | data/lseg/raw/03_CURRENT_RECENT_LSEG/RESIDUAL_LOAD/FR_IT_RESIDUAL_LOAD_EXPORT_A.xls:Zone.Identifier | data/lseg/raw/03_CURRENT_RECENT_LSEG/RESIDUAL_LOAD/FR_IT_RESIDUAL_LOAD_EXPORT_B.xls:Zone.Identifier | data/lseg/raw/03_CURRENT_RECENT_LSEG/SUPPLY_WIND_SOLAR/GB_EMBEDDED_SOLAR_REPORT.pdf:Zone.Identifier | data/lseg/raw/03_CURRENT_RECENT_LSEG/SUPPLY_WIND_SOLAR/GB_EMBEDDED_WIND_REPORT.pdf:Zone.Identifier | data/lseg/raw/03_CURRENT_RECENT_LSEG/SUPPLY_WIND_SOLAR/SUPPLY_WIND_REPORT.pdf:Zone.Identifier | data/lseg/raw/03_CURRENT_RECENT_LSEG/WEATHER/CLOUD_COVER_CH.xls:Zone.Identifier | data/lseg/raw/03_CURRENT_RECENT_LSEG/WEATHER/CLOUD_COVER_REPORT.pdf:Zone.Identifier | data/lseg/raw/03_CURRENT_RECENT_LSEG/WEATHER/ECMWF_CLUSTER_REPORT.pdf:Zone.Identifier | data/lseg/raw/03_CURRENT_RECENT_LSEG/WEATHER/NAO_AO_REPORT.pdf:Zone.Identifier | data/lseg/raw/03_CURRENT_RECENT_LSEG/WEATHER/PRECIPITATION_ALP_AREA_REPORT.pdf:Zone.Identifier | data/lseg/raw/03_CURRENT_RECENT_LSEG/WEATHER/PRECIPITATION_CH_EFFECTIVE.xls:Zone.Identifier | data/lseg/raw/03_CURRENT_RECENT_LSEG/WEATHER/TEMPERATURE_DE_FR_AT_CH_TABLE.xls:Zone.Identifier | data/lseg/raw/03_CURRENT_RECENT_LSEG/WEATHER/TEMPERATURE_IT_CHART.xls:Zone.Identifier | data/lseg/raw/03_CURRENT_RECENT_LSEG/WEATHER/TEMPERATURE_REPORT.pdf:Zone.Identifier | data/lseg/raw/04_CROSS_BORDER_REFERENCE/01_PRICE_FLOW_GRAPH_CHE_VISIBLE.png:Zone.Identifier | data/lseg/raw/04_CROSS_BORDER_REFERENCE/02_DEU_SELECTED_CONNECTIONS.png:Zone.Identifier | data/lseg/raw/04_CROSS_BORDER_REFERENCE/03_NET_IMPORT_GRAPH.png:Zone.Identifier | data/lseg/raw/04_CROSS_BORDER_REFERENCE/04_NET_IMPORT_CHE_SELECTED_00.png:Zone.Identifier | data/lseg/raw/04_CROSS_BORDER_REFERENCE/05_NET_IMPORT_CHE_SELECTED_12.png:Zone.Identifier | data/lseg/raw/04_CROSS_BORDER_REFERENCE/06_CAPACITY_DIRECTION_1_CHE_SELECTED.png:Zone.Identifier | data/lseg/raw/04_CROSS_BORDER_REFERENCE/07_CAPACITY_DIRECTION_2_CHE_SELECTED_A.png:Zone.Identifier | data/lseg/raw/04_CROSS_BORDER_REFERENCE/08_CAPACITY_DIRECTION_2_CHE_SELECTED_B.png:Zone.Identifier | data/lseg/raw/04_CROSS_BORDER_REFERENCE/09_CAPACITY_DIRECTION_2_CHE_SELECTED_C.png:Zone.Identifier | data/lseg/raw/04_CROSS_BORDER_REFERENCE/10_SCHEDULED_EXCHANGE_NET_IMPORT_GRAPH.png:Zone.Identifier | data/lseg/raw/04_CROSS_BORDER_REFERENCE/11_SCHEDULED_EXCHANGE_CHE_SELECTED.png:Zone.Identifier | data/lseg/raw/04_CROSS_BORDER_REFERENCE/FLOWS_GRAPH_REPORT.pdf:Zone.Identifier | data/lseg/raw/05_LSEG_REFERENCE_PDFS/DEMAND_CONSUMPTION_OVERVIEW.pdf:Zone.Identifier | data/lseg/raw/90_INTERMEDIATE/LSEG_PRICE_DEMAND/FR_15M_RAW.xls.xlsx:Zone.Identifier | data/lseg/raw/90_INTERMEDIATE/LSEG_PRICE_DEMAND/FR_DA_RAW.xlsx:Zone.Identifier | data/lseg/raw/90_INTERMEDIATE/LSEG_PRICE_DEMAND/IT_DA_RAW(1).xlsx:Zone.Identifier | data/lseg/raw/90_INTERMEDIATE/LSEG_PRICE_DEMAND/IT_DA_RAW(2).xlsx:Zone.Identifier | data/lseg/raw/90_INTERMEDIATE/LSEG_PRICE_DEMAND/IT_DA_RAW(3).xlsx:Zone.Identifier | data/lseg/raw/90_INTERMEDIATE/LSEG_PRICE_DEMAND/IT_DA_RAW.xlsx:Zone.Identifier | data/lseg/raw/90_INTERMEDIATE/LSEG_PRICE_DEMAND/IT_DEMAND_15M_ALL_ZONES_TEMPLATE.xlsx:Zone.Identifier | data/lseg/raw/90_INTERMEDIATE/LSEG_PRICE_DEMAND/IT_DEMAND_15M_NORTH.xlsx:Zone.Identifier | data/lseg/raw/90_INTERMEDIATE/LSEG_PRICE_DEMAND/Mappe1(1).xlsx:Zone.Identifier | data/lseg/raw/90_INTERMEDIATE/LSEG_PRICE_DEMAND/Mappe1(2).xlsx:Zone.Identifier | data/lseg/raw/90_INTERMEDIATE/LSEG_PRICE_DEMAND/Mappe1(3).xlsx:Zone.Identifier | data/lseg/raw/90_INTERMEDIATE/LSEG_PRICE_DEMAND/Mappe1(4).xlsx:Zone.Identifier | data/lseg/raw/90_INTERMEDIATE/LSEG_PRICE_DEMAND/Mappe1(5).xlsx:Zone.Identifier | data/lseg/raw/90_INTERMEDIATE/SCREENSHOTS/0a528483-087b-4a33-a2f3-ecdd62770a3a.png:Zone.Identifier | data/lseg/raw/90_INTERMEDIATE/SCREENSHOTS/1609bf25-22b3-4c50-817b-fa945dba6bfe.png:Zone.Identifier | data/lseg/raw/90_INTERMEDIATE/SCREENSHOTS/1d02b907-f21b-48aa-bff6-9bb501bffd31.png:Zone.Identifier | data/lseg/raw/90_INTERMEDIATE/SCREENSHOTS/2bf92681-8086-451b-ad79-2cf2aaa286bf.png:Zone.Identifier | data/lseg/raw/90_INTERMEDIATE/SCREENSHOTS/5048f972-71a5-4bbb-9ebf-495783170275.png:Zone.Identifier | data/lseg/raw/90_INTERMEDIATE/SCREENSHOTS/57688dd7-cfad-46f7-9d61-7173a480ab24.png:Zone.Identifier | data/lseg/raw/90_INTERMEDIATE/SCREENSHOTS/6a48aa3a-47d9-431b-a8d4-4b421a82f395.png:Zone.Identifier | data/lseg/raw/90_INTERMEDIATE/SCREENSHOTS/6b0bf7a6-4724-4c1c-98c7-10c623883a8b.png:Zone.Identifier | data/lseg/raw/90_INTERMEDIATE/SCREENSHOTS/7cdf8489-62e1-4566-9c92-ddde781dfc41.png:Zone.Identifier | data/lseg/raw/90_INTERMEDIATE/SCREENSHOTS/839b9904-b506-4600-a582-19546fc0d0dc.png:Zone.Identifier | data/lseg/raw/90_INTERMEDIATE/SCREENSHOTS/87b02fce-0b58-4ead-b793-267dd464b8ec.png:Zone.Identifier | data/lseg/raw/90_INTERMEDIATE/SCREENSHOTS/917dfe63-9fd2-4e78-89c4-b98dcf9f033f.png:Zone.Identifier | data/lseg/raw/90_INTERMEDIATE/SCREENSHOTS/990167dc-a3d5-4b22-acec-131b4e0f87c9.png:Zone.Identifier | data/lseg/raw/90_INTERMEDIATE/SCREENSHOTS/af6db8b3-1471-4a8e-9879-1e782574016e.png:Zone.Identifier | data/lseg/raw/90_INTERMEDIATE/SCREENSHOTS/b94c25b1-cacf-496f-802b-f74a6ec3c376.png:Zone.Identifier | data/lseg/raw/90_INTERMEDIATE/SCREENSHOTS/bc276a5b-6ae8-473b-abe3-2d17e33bcdd3.png:Zone.Identifier | data/lseg/raw/90_INTERMEDIATE/SCREENSHOTS/chart_100049390.embedded.png:Zone.Identifier | data/lseg/raw/90_INTERMEDIATE/SCREENSHOTS/chart_100127248.embedded.png:Zone.Identifier | data/lseg/raw/90_INTERMEDIATE/SCREENSHOTS/crop_che.png:Zone.Identifier | data/lseg/raw/90_INTERMEDIATE/SCREENSHOTS/de1ee218-60dc-4b11-b243-1f352c398785.png:Zone.Identifier | data/lseg/raw/99_UNCLASSIFIED_RETAINED/LSEG_DISCOVERY_RAW_NOTES.txt:Zone.Identifier | data/lseg/raw/99_UNCLASSIFIED_RETAINED/table_100016453.xls:Zone.Identifier | data/lseg/raw/CH_DA_RAW.xlsx:Zone.Identifier | data/lseg/raw/DE_DA_RAW.xlsx:Zone.Identifier | data/lseg/raw/EDF_NUCLEAR_OUTAGE_REVISIONS_PIT.csv:Zone.Identifier | data/lseg/raw/EDF_NUCLEAR_PIT_DAILY_2021_2026.csv:Zone.Identifier | data/lseg/raw/FR_15M_RAW.xlsx:Zone.Identifier | data/lseg/raw/FR_DA_RAW_COMBINED.xlsx:Zone.Identifier | data/lseg/raw/Historique des indispo des moyens de production - depuis 2015 - 07092026-full.csv:Zone.Identifier | data/lseg/raw/IT_DA_RAW (1).xlsx:Zone.Identifier | data/lseg/raw/IT_DA_RAW.xlsx:Zone.Identifier | data/lseg/raw/IT_DEMAND_15M_ALL_ZONES_TEMPLATE.xlsx:Zone.Identifier | data/lseg/raw/IT_DEMAND_15M_NORTH.xlsx:Zone.Identifier | data/lseg/raw/IT_DEMAND_HOURLY.xlsx:Zone.Identifier | data/lseg/raw/publications-transparence-et-remit-liste-des-messages-edf-sa.csv:Zone.Identifier,Windows download-origin sidecar; excluded from data analysis.
data/lseg/raw/IT_DEMAND_HOURLY.xlsx,IT_DEMAND_HOURLY.xlsx,xlsx,dataset,load/demand,Italy demand,IT,Timestamp; TRDPRC_1 (RIC-specific repeated field),MW likely; units not explicitly declared,Timestamp,"('2021-01-01 00:00:00', '2025-09-29 00:00:00')",hourly (workbook family),observed/market value series; forecast status not encoded,Not present,Timestamp is delivery/observation time; no issue time,Not present in workbook layout,812062,0/84913 blank data cells in profiled tabular sheets,PIT_RECONSTRUCTABLE,No corresponding model-ready family in Databricks inventory,,data/lseg/raw/01_CORE_HISTORICAL/LSEG_DEMAND/IT_DEMAND_HOURLY_2021_2025.xlsx | data/lseg/raw/IT_DEMAND_HOURLY.xlsx,LSEG demand export; exact units are not declared in workbook cells. Exact-content duplicate of another retained path; count once for unique information.
data/lseg/raw/IT_DEMAND_HOURLY.xlsx:Zone.Identifier,IT_DEMAND_HOURLY.xlsx:Zone.Identifier,identifier,metadata_sidecar,ancillary file metadata,Zone.Identifier,UNKNOWN,Not applicable/non-tabular or not safely extractable,Not applicable or not declared,Not safely extractable,Not determined from file metadata,Not determined,Not determinable,Not safely extractable,Not safely extractable,Not safely extractable,25,Not applicable/non-tabular,UNKNOWN,None,,data/lseg/raw/00_START_HERE/ANONYMOUS_XLS_MAPPING.md:Zone.Identifier | data/lseg/raw/00_START_HERE/DATA_CATALOG.csv:Zone.Identifier | data/lseg/raw/00_START_HERE/EXTRACTION_STATUS_AND_GAPS.md:Zone.Identifier | data/lseg/raw/00_START_HERE/LICENSE_NOTES.md:Zone.Identifier | data/lseg/raw/00_START_HERE/MANIFEST_SHA256.csv:Zone.Identifier | data/lseg/raw/00_START_HERE/MISSING_CH_DE_RECOVERY.md:Zone.Identifier | data/lseg/raw/00_START_HERE/MISSING_CH_DE_RICS.csv:Zone.Identifier | data/lseg/raw/00_START_HERE/PROJECT_OBJECTIVE.txt:Zone.Identifier | data/lseg/raw/00_START_HERE/README_FIRST.md:Zone.Identifier | data/lseg/raw/00_START_HERE/RIC_FAMILIES.csv:Zone.Identifier | data/lseg/raw/01_CORE_HISTORICAL/FR_NUCLEAR_PIT/EDF_NUCLEAR_OUTAGE_REVISIONS_PIT.csv:Zone.Identifier | data/lseg/raw/01_CORE_HISTORICAL/FR_NUCLEAR_PIT/EDF_NUCLEAR_PIT_DAILY_2021_2026.csv:Zone.Identifier | data/lseg/raw/01_CORE_HISTORICAL/FR_NUCLEAR_PIT/EDF_NUCLEAR_PIT_SUMMARY.txt:Zone.Identifier | data/lseg/raw/01_CORE_HISTORICAL/LSEG_DEMAND/IT_DEMAND_15M_ALL_7_ZONES_2025_2026.xlsx:Zone.Identifier | data/lseg/raw/01_CORE_HISTORICAL/LSEG_DEMAND/IT_DEMAND_HOURLY_2021_2025.xlsx:Zone.Identifier | data/lseg/raw/01_CORE_HISTORICAL/LSEG_PRICES/FR_DAY_AHEAD_HOURLY_AND_15M.xlsx:Zone.Identifier | data/lseg/raw/01_CORE_HISTORICAL/LSEG_PRICES/IT_DAY_AHEAD_HOURLY_AND_15M.xlsx:Zone.Identifier | data/lseg/raw/02_SOURCE_RAW/FR_NUCLEAR/EDF_OUTAGE_HISTORY_RAW.csv:Zone.Identifier | data/lseg/raw/02_SOURCE_RAW/FR_NUCLEAR/EDF_TRANSPARENCY_REMIT_MESSAGES_RAW.csv:Zone.Identifier | data/lseg/raw/03_CURRENT_RECENT_LSEG/COST_CURVES/cost_curves_2026910_21432.xlsx:Zone.Identifier | data/lseg/raw/03_CURRENT_RECENT_LSEG/COST_CURVES/cost_curves_2026910_21543.xlsx:Zone.Identifier | data/lseg/raw/03_CURRENT_RECENT_LSEG/COST_CURVES/cost_curves_2026910_2164.xlsx:Zone.Identifier | data/lseg/raw/03_CURRENT_RECENT_LSEG/RESIDUAL_LOAD/CWE_RESIDUAL_LOAD_REPORT.pdf:Zone.Identifier | data/lseg/raw/03_CURRENT_RECENT_LSEG/RESIDUAL_LOAD/DE_RESIDUAL_LOAD_CURRENT_RECENT.xls:Zone.Identifier | data/lseg/raw/03_CURRENT_RECENT_LSEG/RESIDUAL_LOAD/DE_RESIDUAL_LOAD_REPORT.pdf:Zone.Identifier | data/lseg/raw/03_CURRENT_RECENT_LSEG/RESIDUAL_LOAD/FR_IT_RESIDUAL_LOAD_EXPORT_A.xls:Zone.Identifier | data/lseg/raw/03_CURRENT_RECENT_LSEG/RESIDUAL_LOAD/FR_IT_RESIDUAL_LOAD_EXPORT_B.xls:Zone.Identifier | data/lseg/raw/03_CURRENT_RECENT_LSEG/SUPPLY_WIND_SOLAR/GB_EMBEDDED_SOLAR_REPORT.pdf:Zone.Identifier | data/lseg/raw/03_CURRENT_RECENT_LSEG/SUPPLY_WIND_SOLAR/GB_EMBEDDED_WIND_REPORT.pdf:Zone.Identifier | data/lseg/raw/03_CURRENT_RECENT_LSEG/SUPPLY_WIND_SOLAR/SUPPLY_WIND_REPORT.pdf:Zone.Identifier | data/lseg/raw/03_CURRENT_RECENT_LSEG/WEATHER/CLOUD_COVER_CH.xls:Zone.Identifier | data/lseg/raw/03_CURRENT_RECENT_LSEG/WEATHER/CLOUD_COVER_REPORT.pdf:Zone.Identifier | data/lseg/raw/03_CURRENT_RECENT_LSEG/WEATHER/ECMWF_CLUSTER_REPORT.pdf:Zone.Identifier | data/lseg/raw/03_CURRENT_RECENT_LSEG/WEATHER/NAO_AO_REPORT.pdf:Zone.Identifier | data/lseg/raw/03_CURRENT_RECENT_LSEG/WEATHER/PRECIPITATION_ALP_AREA_REPORT.pdf:Zone.Identifier | data/lseg/raw/03_CURRENT_RECENT_LSEG/WEATHER/PRECIPITATION_CH_EFFECTIVE.xls:Zone.Identifier | data/lseg/raw/03_CURRENT_RECENT_LSEG/WEATHER/TEMPERATURE_DE_FR_AT_CH_TABLE.xls:Zone.Identifier | data/lseg/raw/03_CURRENT_RECENT_LSEG/WEATHER/TEMPERATURE_IT_CHART.xls:Zone.Identifier | data/lseg/raw/03_CURRENT_RECENT_LSEG/WEATHER/TEMPERATURE_REPORT.pdf:Zone.Identifier | data/lseg/raw/04_CROSS_BORDER_REFERENCE/01_PRICE_FLOW_GRAPH_CHE_VISIBLE.png:Zone.Identifier | data/lseg/raw/04_CROSS_BORDER_REFERENCE/02_DEU_SELECTED_CONNECTIONS.png:Zone.Identifier | data/lseg/raw/04_CROSS_BORDER_REFERENCE/03_NET_IMPORT_GRAPH.png:Zone.Identifier | data/lseg/raw/04_CROSS_BORDER_REFERENCE/04_NET_IMPORT_CHE_SELECTED_00.png:Zone.Identifier | data/lseg/raw/04_CROSS_BORDER_REFERENCE/05_NET_IMPORT_CHE_SELECTED_12.png:Zone.Identifier | data/lseg/raw/04_CROSS_BORDER_REFERENCE/06_CAPACITY_DIRECTION_1_CHE_SELECTED.png:Zone.Identifier | data/lseg/raw/04_CROSS_BORDER_REFERENCE/07_CAPACITY_DIRECTION_2_CHE_SELECTED_A.png:Zone.Identifier | data/lseg/raw/04_CROSS_BORDER_REFERENCE/08_CAPACITY_DIRECTION_2_CHE_SELECTED_B.png:Zone.Identifier | data/lseg/raw/04_CROSS_BORDER_REFERENCE/09_CAPACITY_DIRECTION_2_CHE_SELECTED_C.png:Zone.Identifier | data/lseg/raw/04_CROSS_BORDER_REFERENCE/10_SCHEDULED_EXCHANGE_NET_IMPORT_GRAPH.png:Zone.Identifier | data/lseg/raw/04_CROSS_BORDER_REFERENCE/11_SCHEDULED_EXCHANGE_CHE_SELECTED.png:Zone.Identifier | data/lseg/raw/04_CROSS_BORDER_REFERENCE/FLOWS_GRAPH_REPORT.pdf:Zone.Identifier | data/lseg/raw/05_LSEG_REFERENCE_PDFS/DEMAND_CONSUMPTION_OVERVIEW.pdf:Zone.Identifier | data/lseg/raw/90_INTERMEDIATE/LSEG_PRICE_DEMAND/FR_15M_RAW.xls.xlsx:Zone.Identifier | data/lseg/raw/90_INTERMEDIATE/LSEG_PRICE_DEMAND/FR_DA_RAW.xlsx:Zone.Identifier | data/lseg/raw/90_INTERMEDIATE/LSEG_PRICE_DEMAND/IT_DA_RAW(1).xlsx:Zone.Identifier | data/lseg/raw/90_INTERMEDIATE/LSEG_PRICE_DEMAND/IT_DA_RAW(2).xlsx:Zone.Identifier | data/lseg/raw/90_INTERMEDIATE/LSEG_PRICE_DEMAND/IT_DA_RAW(3).xlsx:Zone.Identifier | data/lseg/raw/90_INTERMEDIATE/LSEG_PRICE_DEMAND/IT_DA_RAW.xlsx:Zone.Identifier | data/lseg/raw/90_INTERMEDIATE/LSEG_PRICE_DEMAND/IT_DEMAND_15M_ALL_ZONES_TEMPLATE.xlsx:Zone.Identifier | data/lseg/raw/90_INTERMEDIATE/LSEG_PRICE_DEMAND/IT_DEMAND_15M_NORTH.xlsx:Zone.Identifier | data/lseg/raw/90_INTERMEDIATE/LSEG_PRICE_DEMAND/Mappe1(1).xlsx:Zone.Identifier | data/lseg/raw/90_INTERMEDIATE/LSEG_PRICE_DEMAND/Mappe1(2).xlsx:Zone.Identifier | data/lseg/raw/90_INTERMEDIATE/LSEG_PRICE_DEMAND/Mappe1(3).xlsx:Zone.Identifier | data/lseg/raw/90_INTERMEDIATE/LSEG_PRICE_DEMAND/Mappe1(4).xlsx:Zone.Identifier | data/lseg/raw/90_INTERMEDIATE/LSEG_PRICE_DEMAND/Mappe1(5).xlsx:Zone.Identifier | data/lseg/raw/90_INTERMEDIATE/SCREENSHOTS/0a528483-087b-4a33-a2f3-ecdd62770a3a.png:Zone.Identifier | data/lseg/raw/90_INTERMEDIATE/SCREENSHOTS/1609bf25-22b3-4c50-817b-fa945dba6bfe.png:Zone.Identifier | data/lseg/raw/90_INTERMEDIATE/SCREENSHOTS/1d02b907-f21b-48aa-bff6-9bb501bffd31.png:Zone.Identifier | data/lseg/raw/90_INTERMEDIATE/SCREENSHOTS/2bf92681-8086-451b-ad79-2cf2aaa286bf.png:Zone.Identifier | data/lseg/raw/90_INTERMEDIATE/SCREENSHOTS/5048f972-71a5-4bbb-9ebf-495783170275.png:Zone.Identifier | data/lseg/raw/90_INTERMEDIATE/SCREENSHOTS/57688dd7-cfad-46f7-9d61-7173a480ab24.png:Zone.Identifier | data/lseg/raw/90_INTERMEDIATE/SCREENSHOTS/6a48aa3a-47d9-431b-a8d4-4b421a82f395.png:Zone.Identifier | data/lseg/raw/90_INTERMEDIATE/SCREENSHOTS/6b0bf7a6-4724-4c1c-98c7-10c623883a8b.png:Zone.Identifier | data/lseg/raw/90_INTERMEDIATE/SCREENSHOTS/7cdf8489-62e1-4566-9c92-ddde781dfc41.png:Zone.Identifier | data/lseg/raw/90_INTERMEDIATE/SCREENSHOTS/839b9904-b506-4600-a582-19546fc0d0dc.png:Zone.Identifier | data/lseg/raw/90_INTERMEDIATE/SCREENSHOTS/87b02fce-0b58-4ead-b793-267dd464b8ec.png:Zone.Identifier | data/lseg/raw/90_INTERMEDIATE/SCREENSHOTS/917dfe63-9fd2-4e78-89c4-b98dcf9f033f.png:Zone.Identifier | data/lseg/raw/90_INTERMEDIATE/SCREENSHOTS/990167dc-a3d5-4b22-acec-131b4e0f87c9.png:Zone.Identifier | data/lseg/raw/90_INTERMEDIATE/SCREENSHOTS/af6db8b3-1471-4a8e-9879-1e782574016e.png:Zone.Identifier | data/lseg/raw/90_INTERMEDIATE/SCREENSHOTS/b94c25b1-cacf-496f-802b-f74a6ec3c376.png:Zone.Identifier | data/lseg/raw/90_INTERMEDIATE/SCREENSHOTS/bc276a5b-6ae8-473b-abe3-2d17e33bcdd3.png:Zone.Identifier | data/lseg/raw/90_INTERMEDIATE/SCREENSHOTS/chart_100049390.embedded.png:Zone.Identifier | data/lseg/raw/90_INTERMEDIATE/SCREENSHOTS/chart_100127248.embedded.png:Zone.Identifier | data/lseg/raw/90_INTERMEDIATE/SCREENSHOTS/crop_che.png:Zone.Identifier | data/lseg/raw/90_INTERMEDIATE/SCREENSHOTS/de1ee218-60dc-4b11-b243-1f352c398785.png:Zone.Identifier | data/lseg/raw/99_UNCLASSIFIED_RETAINED/LSEG_DISCOVERY_RAW_NOTES.txt:Zone.Identifier | data/lseg/raw/99_UNCLASSIFIED_RETAINED/table_100016453.xls:Zone.Identifier | data/lseg/raw/CH_DA_RAW.xlsx:Zone.Identifier | data/lseg/raw/DE_DA_RAW.xlsx:Zone.Identifier | data/lseg/raw/EDF_NUCLEAR_OUTAGE_REVISIONS_PIT.csv:Zone.Identifier | data/lseg/raw/EDF_NUCLEAR_PIT_DAILY_2021_2026.csv:Zone.Identifier | data/lseg/raw/FR_15M_RAW.xlsx:Zone.Identifier | data/lseg/raw/FR_DA_RAW_COMBINED.xlsx:Zone.Identifier | data/lseg/raw/Historique des indispo des moyens de production - depuis 2015 - 07092026-full.csv:Zone.Identifier | data/lseg/raw/IT_DA_RAW (1).xlsx:Zone.Identifier | data/lseg/raw/IT_DA_RAW.xlsx:Zone.Identifier | data/lseg/raw/IT_DEMAND_15M_ALL_ZONES_TEMPLATE.xlsx:Zone.Identifier | data/lseg/raw/IT_DEMAND_15M_NORTH.xlsx:Zone.Identifier | data/lseg/raw/IT_DEMAND_HOURLY.xlsx:Zone.Identifier | data/lseg/raw/publications-transparence-et-remit-liste-des-messages-edf-sa.csv:Zone.Identifier,Windows download-origin sidecar; excluded from data analysis.
data/lseg/raw/publications-transparence-et-remit-liste-des-messages-edf-sa.csv,publications-transparence-et-remit-liste-des-messages-edf-sa.csv,csv,dataset,news/events/outage disclosures,EDF transparency/REMIT messages,FR,perimetre_juridique; perimetre_spatial; identifiant; published; statut; description; link,,published,"('2024-11-14T07:05:54+01:00', '2026-09-09T16:03:39.000Z')",unknown/irregular,published event messages,published / Date de publication,not reliably structured; may be in description,published / Date de publication; statut/status,2766636,statut=2741/2883,PIT_RECONSTRUCTABLE,No corresponding model-ready family in Databricks inventory,,data/lseg/raw/02_SOURCE_RAW/FR_NUCLEAR/EDF_TRANSPARENCY_REMIT_MESSAGES_RAW.csv | data/lseg/raw/publications-transparence-et-remit-liste-des-messages-edf-sa.csv,Publication field is present; valid event intervals may be embedded in text. Exact-content duplicate of another retained path; count once for unique information.
data/lseg/raw/publications-transparence-et-remit-liste-des-messages-edf-sa.csv:Zone.Identifier,publications-transparence-et-remit-liste-des-messages-edf-sa.csv:Zone.Identifier,identifier,metadata_sidecar,ancillary file metadata,Zone.Identifier,UNKNOWN,Not applicable/non-tabular or not safely extractable,Not applicable or not declared,Not safely extractable,Not determined from file metadata,Not determined,Not determinable,Not safely extractable,Not safely extractable,Not safely extractable,25,Not applicable/non-tabular,UNKNOWN,None,,data/lseg/raw/00_START_HERE/ANONYMOUS_XLS_MAPPING.md:Zone.Identifier | data/lseg/raw/00_START_HERE/DATA_CATALOG.csv:Zone.Identifier | data/lseg/raw/00_START_HERE/EXTRACTION_STATUS_AND_GAPS.md:Zone.Identifier | data/lseg/raw/00_START_HERE/LICENSE_NOTES.md:Zone.Identifier | data/lseg/raw/00_START_HERE/MANIFEST_SHA256.csv:Zone.Identifier | data/lseg/raw/00_START_HERE/MISSING_CH_DE_RECOVERY.md:Zone.Identifier | data/lseg/raw/00_START_HERE/MISSING_CH_DE_RICS.csv:Zone.Identifier | data/lseg/raw/00_START_HERE/PROJECT_OBJECTIVE.txt:Zone.Identifier | data/lseg/raw/00_START_HERE/README_FIRST.md:Zone.Identifier | data/lseg/raw/00_START_HERE/RIC_FAMILIES.csv:Zone.Identifier | data/lseg/raw/01_CORE_HISTORICAL/FR_NUCLEAR_PIT/EDF_NUCLEAR_OUTAGE_REVISIONS_PIT.csv:Zone.Identifier | data/lseg/raw/01_CORE_HISTORICAL/FR_NUCLEAR_PIT/EDF_NUCLEAR_PIT_DAILY_2021_2026.csv:Zone.Identifier | data/lseg/raw/01_CORE_HISTORICAL/FR_NUCLEAR_PIT/EDF_NUCLEAR_PIT_SUMMARY.txt:Zone.Identifier | data/lseg/raw/01_CORE_HISTORICAL/LSEG_DEMAND/IT_DEMAND_15M_ALL_7_ZONES_2025_2026.xlsx:Zone.Identifier | data/lseg/raw/01_CORE_HISTORICAL/LSEG_DEMAND/IT_DEMAND_HOURLY_2021_2025.xlsx:Zone.Identifier | data/lseg/raw/01_CORE_HISTORICAL/LSEG_PRICES/FR_DAY_AHEAD_HOURLY_AND_15M.xlsx:Zone.Identifier | data/lseg/raw/01_CORE_HISTORICAL/LSEG_PRICES/IT_DAY_AHEAD_HOURLY_AND_15M.xlsx:Zone.Identifier | data/lseg/raw/02_SOURCE_RAW/FR_NUCLEAR/EDF_OUTAGE_HISTORY_RAW.csv:Zone.Identifier | data/lseg/raw/02_SOURCE_RAW/FR_NUCLEAR/EDF_TRANSPARENCY_REMIT_MESSAGES_RAW.csv:Zone.Identifier | data/lseg/raw/03_CURRENT_RECENT_LSEG/COST_CURVES/cost_curves_2026910_21432.xlsx:Zone.Identifier | data/lseg/raw/03_CURRENT_RECENT_LSEG/COST_CURVES/cost_curves_2026910_21543.xlsx:Zone.Identifier | data/lseg/raw/03_CURRENT_RECENT_LSEG/COST_CURVES/cost_curves_2026910_2164.xlsx:Zone.Identifier | data/lseg/raw/03_CURRENT_RECENT_LSEG/RESIDUAL_LOAD/CWE_RESIDUAL_LOAD_REPORT.pdf:Zone.Identifier | data/lseg/raw/03_CURRENT_RECENT_LSEG/RESIDUAL_LOAD/DE_RESIDUAL_LOAD_CURRENT_RECENT.xls:Zone.Identifier | data/lseg/raw/03_CURRENT_RECENT_LSEG/RESIDUAL_LOAD/DE_RESIDUAL_LOAD_REPORT.pdf:Zone.Identifier | data/lseg/raw/03_CURRENT_RECENT_LSEG/RESIDUAL_LOAD/FR_IT_RESIDUAL_LOAD_EXPORT_A.xls:Zone.Identifier | data/lseg/raw/03_CURRENT_RECENT_LSEG/RESIDUAL_LOAD/FR_IT_RESIDUAL_LOAD_EXPORT_B.xls:Zone.Identifier | data/lseg/raw/03_CURRENT_RECENT_LSEG/SUPPLY_WIND_SOLAR/GB_EMBEDDED_SOLAR_REPORT.pdf:Zone.Identifier | data/lseg/raw/03_CURRENT_RECENT_LSEG/SUPPLY_WIND_SOLAR/GB_EMBEDDED_WIND_REPORT.pdf:Zone.Identifier | data/lseg/raw/03_CURRENT_RECENT_LSEG/SUPPLY_WIND_SOLAR/SUPPLY_WIND_REPORT.pdf:Zone.Identifier | data/lseg/raw/03_CURRENT_RECENT_LSEG/WEATHER/CLOUD_COVER_CH.xls:Zone.Identifier | data/lseg/raw/03_CURRENT_RECENT_LSEG/WEATHER/CLOUD_COVER_REPORT.pdf:Zone.Identifier | data/lseg/raw/03_CURRENT_RECENT_LSEG/WEATHER/ECMWF_CLUSTER_REPORT.pdf:Zone.Identifier | data/lseg/raw/03_CURRENT_RECENT_LSEG/WEATHER/NAO_AO_REPORT.pdf:Zone.Identifier | data/lseg/raw/03_CURRENT_RECENT_LSEG/WEATHER/PRECIPITATION_ALP_AREA_REPORT.pdf:Zone.Identifier | data/lseg/raw/03_CURRENT_RECENT_LSEG/WEATHER/PRECIPITATION_CH_EFFECTIVE.xls:Zone.Identifier | data/lseg/raw/03_CURRENT_RECENT_LSEG/WEATHER/TEMPERATURE_DE_FR_AT_CH_TABLE.xls:Zone.Identifier | data/lseg/raw/03_CURRENT_RECENT_LSEG/WEATHER/TEMPERATURE_IT_CHART.xls:Zone.Identifier | data/lseg/raw/03_CURRENT_RECENT_LSEG/WEATHER/TEMPERATURE_REPORT.pdf:Zone.Identifier | data/lseg/raw/04_CROSS_BORDER_REFERENCE/01_PRICE_FLOW_GRAPH_CHE_VISIBLE.png:Zone.Identifier | data/lseg/raw/04_CROSS_BORDER_REFERENCE/02_DEU_SELECTED_CONNECTIONS.png:Zone.Identifier | data/lseg/raw/04_CROSS_BORDER_REFERENCE/03_NET_IMPORT_GRAPH.png:Zone.Identifier | data/lseg/raw/04_CROSS_BORDER_REFERENCE/04_NET_IMPORT_CHE_SELECTED_00.png:Zone.Identifier | data/lseg/raw/04_CROSS_BORDER_REFERENCE/05_NET_IMPORT_CHE_SELECTED_12.png:Zone.Identifier | data/lseg/raw/04_CROSS_BORDER_REFERENCE/06_CAPACITY_DIRECTION_1_CHE_SELECTED.png:Zone.Identifier | data/lseg/raw/04_CROSS_BORDER_REFERENCE/07_CAPACITY_DIRECTION_2_CHE_SELECTED_A.png:Zone.Identifier | data/lseg/raw/04_CROSS_BORDER_REFERENCE/08_CAPACITY_DIRECTION_2_CHE_SELECTED_B.png:Zone.Identifier | data/lseg/raw/04_CROSS_BORDER_REFERENCE/09_CAPACITY_DIRECTION_2_CHE_SELECTED_C.png:Zone.Identifier | data/lseg/raw/04_CROSS_BORDER_REFERENCE/10_SCHEDULED_EXCHANGE_NET_IMPORT_GRAPH.png:Zone.Identifier | data/lseg/raw/04_CROSS_BORDER_REFERENCE/11_SCHEDULED_EXCHANGE_CHE_SELECTED.png:Zone.Identifier | data/lseg/raw/04_CROSS_BORDER_REFERENCE/FLOWS_GRAPH_REPORT.pdf:Zone.Identifier | data/lseg/raw/05_LSEG_REFERENCE_PDFS/DEMAND_CONSUMPTION_OVERVIEW.pdf:Zone.Identifier | data/lseg/raw/90_INTERMEDIATE/LSEG_PRICE_DEMAND/FR_15M_RAW.xls.xlsx:Zone.Identifier | data/lseg/raw/90_INTERMEDIATE/LSEG_PRICE_DEMAND/FR_DA_RAW.xlsx:Zone.Identifier | data/lseg/raw/90_INTERMEDIATE/LSEG_PRICE_DEMAND/IT_DA_RAW(1).xlsx:Zone.Identifier | data/lseg/raw/90_INTERMEDIATE/LSEG_PRICE_DEMAND/IT_DA_RAW(2).xlsx:Zone.Identifier | data/lseg/raw/90_INTERMEDIATE/LSEG_PRICE_DEMAND/IT_DA_RAW(3).xlsx:Zone.Identifier | data/lseg/raw/90_INTERMEDIATE/LSEG_PRICE_DEMAND/IT_DA_RAW.xlsx:Zone.Identifier | data/lseg/raw/90_INTERMEDIATE/LSEG_PRICE_DEMAND/IT_DEMAND_15M_ALL_ZONES_TEMPLATE.xlsx:Zone.Identifier | data/lseg/raw/90_INTERMEDIATE/LSEG_PRICE_DEMAND/IT_DEMAND_15M_NORTH.xlsx:Zone.Identifier | data/lseg/raw/90_INTERMEDIATE/LSEG_PRICE_DEMAND/Mappe1(1).xlsx:Zone.Identifier | data/lseg/raw/90_INTERMEDIATE/LSEG_PRICE_DEMAND/Mappe1(2).xlsx:Zone.Identifier | data/lseg/raw/90_INTERMEDIATE/LSEG_PRICE_DEMAND/Mappe1(3).xlsx:Zone.Identifier | data/lseg/raw/90_INTERMEDIATE/LSEG_PRICE_DEMAND/Mappe1(4).xlsx:Zone.Identifier | data/lseg/raw/90_INTERMEDIATE/LSEG_PRICE_DEMAND/Mappe1(5).xlsx:Zone.Identifier | data/lseg/raw/90_INTERMEDIATE/SCREENSHOTS/0a528483-087b-4a33-a2f3-ecdd62770a3a.png:Zone.Identifier | data/lseg/raw/90_INTERMEDIATE/SCREENSHOTS/1609bf25-22b3-4c50-817b-fa945dba6bfe.png:Zone.Identifier | data/lseg/raw/90_INTERMEDIATE/SCREENSHOTS/1d02b907-f21b-48aa-bff6-9bb501bffd31.png:Zone.Identifier | data/lseg/raw/90_INTERMEDIATE/SCREENSHOTS/2bf92681-8086-451b-ad79-2cf2aaa286bf.png:Zone.Identifier | data/lseg/raw/90_INTERMEDIATE/SCREENSHOTS/5048f972-71a5-4bbb-9ebf-495783170275.png:Zone.Identifier | data/lseg/raw/90_INTERMEDIATE/SCREENSHOTS/57688dd7-cfad-46f7-9d61-7173a480ab24.png:Zone.Identifier | data/lseg/raw/90_INTERMEDIATE/SCREENSHOTS/6a48aa3a-47d9-431b-a8d4-4b421a82f395.png:Zone.Identifier | data/lseg/raw/90_INTERMEDIATE/SCREENSHOTS/6b0bf7a6-4724-4c1c-98c7-10c623883a8b.png:Zone.Identifier | data/lseg/raw/90_INTERMEDIATE/SCREENSHOTS/7cdf8489-62e1-4566-9c92-ddde781dfc41.png:Zone.Identifier | data/lseg/raw/90_INTERMEDIATE/SCREENSHOTS/839b9904-b506-4600-a582-19546fc0d0dc.png:Zone.Identifier | data/lseg/raw/90_INTERMEDIATE/SCREENSHOTS/87b02fce-0b58-4ead-b793-267dd464b8ec.png:Zone.Identifier | data/lseg/raw/90_INTERMEDIATE/SCREENSHOTS/917dfe63-9fd2-4e78-89c4-b98dcf9f033f.png:Zone.Identifier | data/lseg/raw/90_INTERMEDIATE/SCREENSHOTS/990167dc-a3d5-4b22-acec-131b4e0f87c9.png:Zone.Identifier | data/lseg/raw/90_INTERMEDIATE/SCREENSHOTS/af6db8b3-1471-4a8e-9879-1e782574016e.png:Zone.Identifier | data/lseg/raw/90_INTERMEDIATE/SCREENSHOTS/b94c25b1-cacf-496f-802b-f74a6ec3c376.png:Zone.Identifier | data/lseg/raw/90_INTERMEDIATE/SCREENSHOTS/bc276a5b-6ae8-473b-abe3-2d17e33bcdd3.png:Zone.Identifier | data/lseg/raw/90_INTERMEDIATE/SCREENSHOTS/chart_100049390.embedded.png:Zone.Identifier | data/lseg/raw/90_INTERMEDIATE/SCREENSHOTS/chart_100127248.embedded.png:Zone.Identifier | data/lseg/raw/90_INTERMEDIATE/SCREENSHOTS/crop_che.png:Zone.Identifier | data/lseg/raw/90_INTERMEDIATE/SCREENSHOTS/de1ee218-60dc-4b11-b243-1f352c398785.png:Zone.Identifier | data/lseg/raw/99_UNCLASSIFIED_RETAINED/LSEG_DISCOVERY_RAW_NOTES.txt:Zone.Identifier | data/lseg/raw/99_UNCLASSIFIED_RETAINED/table_100016453.xls:Zone.Identifier | data/lseg/raw/CH_DA_RAW.xlsx:Zone.Identifier | data/lseg/raw/DE_DA_RAW.xlsx:Zone.Identifier | data/lseg/raw/EDF_NUCLEAR_OUTAGE_REVISIONS_PIT.csv:Zone.Identifier | data/lseg/raw/EDF_NUCLEAR_PIT_DAILY_2021_2026.csv:Zone.Identifier | data/lseg/raw/FR_15M_RAW.xlsx:Zone.Identifier | data/lseg/raw/FR_DA_RAW_COMBINED.xlsx:Zone.Identifier | data/lseg/raw/Historique des indispo des moyens de production - depuis 2015 - 07092026-full.csv:Zone.Identifier | data/lseg/raw/IT_DA_RAW (1).xlsx:Zone.Identifier | data/lseg/raw/IT_DA_RAW.xlsx:Zone.Identifier | data/lseg/raw/IT_DEMAND_15M_ALL_ZONES_TEMPLATE.xlsx:Zone.Identifier | data/lseg/raw/IT_DEMAND_15M_NORTH.xlsx:Zone.Identifier | data/lseg/raw/IT_DEMAND_HOURLY.xlsx:Zone.Identifier | data/lseg/raw/publications-transparence-et-remit-liste-des-messages-edf-sa.csv:Zone.Identifier,Windows download-origin sidecar; excluded from data analysis.
